Unnamed: 0,Date,Centre_Name,Price
12,01-01-09,MUMBAI,1625.0
39,02-01-09,MUMBAI,
66,05-01-09,MUMBAI,
93,06-01-09,MUMBAI,
120,07-01-09,MUMBAI,
147,09-01-09,MUMBAI,
174,12-01-09,MUMBAI,
201,13-01-09,MUMBAI,
228,14-01-09,MUMBAI,
255,15-01-09,MUMBAI,
282,16-01-09,MUMBAI,
309,19-01-09,MUMBAI,
336,20-01-09,MUMBAI,
363,21-01-09,MUMBAI,
390,22-01-09,MUMBAI,
417,23-01-09,MUMBAI,
444,27-01-09,MUMBAI,
471,28-01-09,MUMBAI,
498,29-01-09,MUMBAI,
525,30-01-09,MUMBAI,
552,02-02-09,MUMBAI,
579,03-02-09,MUMBAI,
606,04-02-09,MUMBAI,
633,05-02-09,MUMBAI,
660,06-02-09,MUMBAI,
687,09-02-09,MUMBAI,
714,10-02-09,MUMBAI,
741,11-02-09,MUMBAI,
768,12-02-09,MUMBAI,
795,13-02-09,MUMBAI,
822,16-02-09,MUMBAI,
849,17-02-09,MUMBAI,
876,18-02-09,MUMBAI,
903,19-02-09,MUMBAI,
930,20-02-09,MUMBAI,
957,23-02-09,MUMBAI,
984,24-02-09,MUMBAI,
1011,25-02-09,MUMBAI,
1038,26-02-09,MUMBAI,
1065,27-02-09,MUMBAI,
1092,02-03-09,MUMBAI,
1119,03-03-09,MUMBAI,
1146,04-03-09,MUMBAI,
1173,05-03-09,MUMBAI,
1200,06-03-09,MUMBAI,
1227,09-03-09,MUMBAI,1625.0
1254,12-03-09,MUMBAI,
1281,13-03-09,MUMBAI,
1308,16-03-09,MUMBAI,
1335,17-03-09,MUMBAI,
1362,18-03-09,MUMBAI,1625.0
1389,19-03-09,MUMBAI,
1416,20-03-09,MUMBAI,
1443,23-03-09,MUMBAI,
1470,24-03-09,MUMBAI,
1497,25-03-09,MUMBAI,1625.0
1524,26-03-09,MUMBAI,
1551,27-03-09,MUMBAI,
1578,30-03-09,MUMBAI,
1605,31-03-09,MUMBAI,
1632,01-04-09,MUMBAI,1600.0
1659,02-04-09,MUMBAI,
1686,06-04-09,MUMBAI,
1713,08-04-09,MUMBAI,1600.0
1740,09-04-09,MUMBAI,
1767,13-04-09,MUMBAI,
1794,15-04-09,MUMBAI,
1821,16-04-09,MUMBAI,
1848,17-04-09,MUMBAI,
1875,20-04-09,MUMBAI,
1902,21-04-09,MUMBAI,
1929,22-04-09,MUMBAI,
1956,23-04-09,MUMBAI,
1983,24-04-09,MUMBAI,
2010,27-04-09,MUMBAI,
2037,28-04-09,MUMBAI,
2064,29-04-09,MUMBAI,
2091,30-04-09,MUMBAI,
2118,01-05-09,MUMBAI,
2145,04-05-09,MUMBAI,
2172,05-05-09,MUMBAI,
2199,06-05-09,MUMBAI,
2226,08-05-09,MUMBAI,
2253,11-05-09,MUMBAI,
2280,12-05-09,MUMBAI,
2307,13-05-09,MUMBAI,1600.0
2334,14-05-09,MUMBAI,
2361,15-05-09,MUMBAI,
2388,18-05-09,MUMBAI,
2415,19-05-09,MUMBAI,
2442,20-05-09,MUMBAI,1600.0
2469,21-05-09,MUMBAI,
2496,22-05-09,MUMBAI,
2523,25-05-09,MUMBAI,
2550,26-05-09,MUMBAI,
2577,27-05-09,MUMBAI,
2604,28-05-09,MUMBAI,
2631,29-05-09,MUMBAI,
2658,01-06-09,MUMBAI,
2685,02-06-09,MUMBAI,
2712,03-06-09,MUMBAI,1625.0
2739,04-06-09,MUMBAI,
2766,05-06-09,MUMBAI,
2793,08-06-09,MUMBAI,
2820,09-06-09,MUMBAI,
2847,10-06-09,MUMBAI,1600.0
2874,11-06-09,MUMBAI,
2901,12-06-09,MUMBAI,
2928,15-06-09,MUMBAI,
2955,16-06-09,MUMBAI,
2982,17-06-09,MUMBAI,1625.0
3009,18-06-09,MUMBAI,
3036,19-06-09,MUMBAI,
3063,22-06-09,MUMBAI,
3090,23-06-09,MUMBAI,
3117,24-06-09,MUMBAI,1600.0
3144,25-06-09,MUMBAI,
3171,26-06-09,MUMBAI,
3198,29-06-09,MUMBAI,
3225,30-06-09,MUMBAI,
3252,01-07-09,MUMBAI,1575.0
3279,02-07-09,MUMBAI,
3306,03-07-09,MUMBAI,
3333,06-07-09,MUMBAI,
3360,07-07-09,MUMBAI,
3387,08-07-09,MUMBAI,
3414,09-07-09,MUMBAI,
3441,10-07-09,MUMBAI,
3468,13-07-09,MUMBAI,
3495,14-07-09,MUMBAI,
3522,15-07-09,MUMBAI,
3549,16-07-09,MUMBAI,
3576,17-07-09,MUMBAI,
3603,20-07-09,MUMBAI,
3630,21-07-09,MUMBAI,
3657,22-07-09,MUMBAI,
3684,23-07-09,MUMBAI,
3711,24-07-09,MUMBAI,
3738,27-07-09,MUMBAI,
3765,28-07-09,MUMBAI,
3792,29-07-09,MUMBAI,
3819,30-07-09,MUMBAI,
3846,31-07-09,MUMBAI,
3873,03-08-09,MUMBAI,
3900,04-08-09,MUMBAI,
3927,05-08-09,MUMBAI,
3954,06-08-09,MUMBAI,
3981,07-08-09,MUMBAI,
4008,10-08-09,MUMBAI,
4035,11-08-09,MUMBAI,
4062,12-08-09,MUMBAI,
4089,13-08-09,MUMBAI,
4116,17-08-09,MUMBAI,
4143,18-08-09,MUMBAI,
4170,19-08-09,MUMBAI,
4197,20-08-09,MUMBAI,
4224,21-08-09,MUMBAI,
4251,24-08-09,MUMBAI,
4278,25-08-09,MUMBAI,
4305,26-08-09,MUMBAI,1725.0
4332,27-08-09,MUMBAI,
4359,28-08-09,MUMBAI,
4386,31-08-09,MUMBAI,
4413,01-09-09,MUMBAI,
4440,02-09-09,MUMBAI,
4467,03-09-09,MUMBAI,
4494,04-09-09,MUMBAI,
4521,07-09-09,MUMBAI,
4548,08-09-09,MUMBAI,
4575,09-09-09,MUMBAI,1700.0
4602,10-09-09,MUMBAI,
4629,11-09-09,MUMBAI,
4656,14-09-09,MUMBAI,
4683,15-09-09,MUMBAI,
4710,16-09-09,MUMBAI,
4737,17-09-09,MUMBAI,
4764,18-09-09,MUMBAI,
4791,22-09-09,MUMBAI,
4818,23-09-09,MUMBAI,
4845,24-09-09,MUMBAI,
4872,25-09-09,MUMBAI,
4899,29-09-09,MUMBAI,
4926,30-09-09,MUMBAI,1725.0
4953,01-10-09,MUMBAI,
4980,05-10-09,MUMBAI,
5007,06-10-09,MUMBAI,
5034,07-10-09,MUMBAI,1725.0
5061,08-10-09,MUMBAI,
5088,09-10-09,MUMBAI,
5115,12-10-09,MUMBAI,
5142,13-10-09,MUMBAI,
5169,14-10-09,MUMBAI,
5196,15-10-09,MUMBAI,
5223,16-10-09,MUMBAI,
5250,19-10-09,MUMBAI,
5277,20-10-09,MUMBAI,
5304,21-10-09,MUMBAI,1750.0
5331,22-10-09,MUMBAI,
5358,23-10-09,MUMBAI,
5385,26-10-09,MUMBAI,
5412,27-10-09,MUMBAI,
5439,28-10-09,MUMBAI,1750.0
5466,29-10-09,MUMBAI,
5493,30-10-09,MUMBAI,
5520,03-11-09,MUMBAI,
5547,04-11-09,MUMBAI,
5574,05-11-09,MUMBAI,
5601,06-11-09,MUMBAI,
5628,09-11-09,MUMBAI,
5655,10-11-09,MUMBAI,
5682,11-11-09,MUMBAI,
5709,12-11-09,MUMBAI,
5736,13-11-09,MUMBAI,
5763,16-11-09,MUMBAI,
5790,17-11-09,MUMBAI,
5817,18-11-09,MUMBAI,1725.0
5844,19-11-09,MUMBAI,
5871,20-11-09,MUMBAI,
5898,23-11-09,MUMBAI,
5925,24-11-09,MUMBAI,
5952,25-11-09,MUMBAI,1725.0
5979,26-11-09,MUMBAI,
6006,27-11-09,MUMBAI,
6033,30-11-09,MUMBAI,3050.0
6060,01-12-09,MUMBAI,3050.0
6087,02-12-09,MUMBAI,1700.0
6114,03-12-09,MUMBAI,
6141,04-12-09,MUMBAI,3050.0
6168,07-12-09,MUMBAI,3050.0
6195,08-12-09,MUMBAI,3050.0
6222,09-12-09,MUMBAI,1725.0
6249,10-12-09,MUMBAI,3050.0
6276,11-12-09,MUMBAI,3050.0
6303,14-12-09,MUMBAI,1733.0
6330,15-12-09,MUMBAI,1725.0
6357,16-12-09,MUMBAI,1725.0
6384,17-12-09,MUMBAI,1708.0
6411,18-12-09,MUMBAI,1742.0
6438,21-12-09,MUMBAI,1800.0
6465,22-12-09,MUMBAI,1800.0
6492,23-12-09,MUMBAI,1767.0
6519,24-12-09,MUMBAI,1783.0
6546,29-12-09,MUMBAI,1767.0
6573,30-12-09,MUMBAI,1750.0
6600,31-12-09,MUMBAI,1767.0
6627,01-01-10,MUMBAI,1750.0
6654,04-01-10,MUMBAI,1767.0
6681,05-01-10,MUMBAI,1767.0
6708,06-01-10,MUMBAI,1767.0
6735,07-01-10,MUMBAI,1783.0
6762,08-01-10,MUMBAI,1783.0
6789,11-01-10,MUMBAI,1783.0
6816,12-01-10,MUMBAI,1783.0
6843,13-01-10,MUMBAI,1725.0
6870,14-01-10,MUMBAI,1725.0
6897,15-01-10,MUMBAI,1725.0
6924,18-01-10,MUMBAI,1733.0
6951,19-01-10,MUMBAI,1750.0
6978,20-01-10,MUMBAI,1750.0
7005,21-01-10,MUMBAI,1750.0
7032,22-01-10,MUMBAI,1750.0
7059,25-01-10,MUMBAI,1750.0
7086,27-01-10,MUMBAI,1750.0
7113,28-01-10,MUMBAI,1750.0
7140,29-01-10,MUMBAI,1750.0
7167,01-02-10,MUMBAI,1725.0
7194,02-02-10,MUMBAI,1725.0
7221,03-02-10,MUMBAI,1742.0
7248,04-02-10,MUMBAI,1775.0
7275,05-02-10,MUMBAI,1775.0
7302,08-02-10,MUMBAI,1750.0
7329,09-02-10,MUMBAI,1750.0
7356,10-02-10,MUMBAI,1750.0
7383,11-02-10,MUMBAI,1750.0
7410,12-02-10,MUMBAI,
7437,15-02-10,MUMBAI,1767.0
7464,16-02-10,MUMBAI,1754.0
7491,17-02-10,MUMBAI,1750.0
7518,18-02-10,MUMBAI,1750.0
7545,19-02-10,MUMBAI,1750.0
7572,22-02-10,MUMBAI,1750.0
7599,23-02-10,MUMBAI,1775.0
7626,24-02-10,MUMBAI,1725.0
7653,25-02-10,MUMBAI,1726.0
7680,26-02-10,MUMBAI,1679.0
7707,02-03-10,MUMBAI,1725.0
7734,03-03-10,MUMBAI,1725.0
7761,04-03-10,MUMBAI,1742.0
7788,05-03-10,MUMBAI,1725.0
7815,08-03-10,MUMBAI,1750.0
7842,09-03-10,MUMBAI,1750.0
7869,10-03-10,MUMBAI,1750.0
7896,11-03-10,MUMBAI,1750.0
7923,12-03-10,MUMBAI,1775.0
7950,15-03-10,MUMBAI,1775.0
7977,16-03-10,MUMBAI,
8004,17-03-10,MUMBAI,1863.0
8031,18-03-10,MUMBAI,1850.0
8058,19-03-10,MUMBAI,1838.0
8085,22-03-10,MUMBAI,1850.0
8112,23-03-10,MUMBAI,1850.0
8139,25-03-10,MUMBAI,1775.0
8166,26-03-10,MUMBAI,1781.0
8193,29-03-10,MUMBAI,1775.0
8220,30-03-10,MUMBAI,1808.0
8247,31-03-10,MUMBAI,1775.0
8275,01-04-10,MUMBAI,1775.0
8303,05-04-10,MUMBAI,1725.0
8331,06-04-10,MUMBAI,1725.0
8359,07-04-10,MUMBAI,1725.0
8387,08-04-10,MUMBAI,1725.0
8415,09-04-10,MUMBAI,1725.0
8443,12-04-10,MUMBAI,1729.0
8470,13-04-10,MUMBAI,1725.0
8500,15-04-10,MUMBAI,1725.0
8531,16-04-10,MUMBAI,1725.0
8562,19-04-10,MUMBAI,1783.0
8593,20-04-10,MUMBAI,1783.0
8624,21-04-10,MUMBAI,1825.0
8655,22-04-10,MUMBAI,1825.0
8686,23-04-10,MUMBAI,1825.0
8717,26-04-10,MUMBAI,1725.0
8748,27-04-10,MUMBAI,1725.0
8779,28-04-10,MUMBAI,1725.0
8810,29-04-10,MUMBAI,1725.0
8841,30-04-10,MUMBAI,1725.0
8872,03-05-10,MUMBAI,1725.0
8903,04-05-10,MUMBAI,1725.0
8934,05-05-10,MUMBAI,1725.0
8965,06-05-10,MUMBAI,
8996,07-05-10,MUMBAI,1725.0
9027,10-05-10,MUMBAI,1725.0
9058,11-05-10,MUMBAI,1725.0
9089,12-05-10,MUMBAI,1833.0
9120,13-05-10,MUMBAI,1833.0
9151,14-05-10,MUMBAI,1833.0
9182,17-05-10,MUMBAI,1800.0
9213,18-05-10,MUMBAI,1800.0
9244,19-05-10,MUMBAI,1800.0
9275,20-05-10,MUMBAI,1800.0
9306,21-05-10,MUMBAI,1750.0
9337,24-05-10,MUMBAI,1750.0
9368,25-05-10,MUMBAI,1750.0
9399,26-05-10,MUMBAI,1800.0
9430,28-05-10,MUMBAI,1800.0
9461,31-05-10,MUMBAI,1800.0
9492,01-06-10,MUMBAI,1800.0
9523,02-06-10,MUMBAI,1800.0
9554,03-06-10,MUMBAI,1800.0
9585,04-06-10,MUMBAI,1800.0
9616,07-06-10,MUMBAI,1800.0
9647,08-06-10,MUMBAI,1825.0
9678,09-06-10,MUMBAI,1725.0
9709,10-06-10,MUMBAI,1725.0
9740,11-06-10,MUMBAI,1725.0
9771,14-06-10,MUMBAI,1725.0
9802,15-06-10,MUMBAI,1725.0
9833,16-06-10,MUMBAI,1725.0
9864,17-06-10,MUMBAI,1725.0
9895,18-06-10,MUMBAI,1800.0
9926,21-06-10,MUMBAI,1725.0
9957,22-06-10,MUMBAI,1750.0
9988,23-06-10,MUMBAI,1800.0
10019,24-06-10,MUMBAI,1800.0
10050,25-06-10,MUMBAI,1808.0
10081,28-06-10,MUMBAI,1708.0
10112,29-06-10,MUMBAI,1725.0
10143,30-06-10,MUMBAI,1650.0
10170,01-07-10,MUMBAI,1650.0
10194,02-07-10,MUMBAI,1643.0
10219,05-07-10,MUMBAI,1643.0
10244,06-07-10,MUMBAI,1643.0
10268,07-07-10,MUMBAI,1643.0
10290,08-07-10,MUMBAI,1643.0
10310,09-07-10,MUMBAI,1630.0
10331,12-07-10,MUMBAI,1630.0
10351,13-07-10,MUMBAI,1630.0
10371,14-07-10,MUMBAI,1630.0
10393,15-07-10,MUMBAI,1630.0
10416,16-07-10,MUMBAI,1865.0
10439,19-07-10,MUMBAI,1856.0
10463,20-07-10,MUMBAI,1863.0
10487,21-07-10,MUMBAI,1788.0
10511,22-07-10,MUMBAI,1788.0
10535,23-07-10,MUMBAI,1788.0
10560,26-07-10,MUMBAI,1788.0
10585,27-07-10,MUMBAI,1788.0
10611,28-07-10,MUMBAI,1788.0
10636,29-07-10,MUMBAI,1813.0
10662,30-07-10,MUMBAI,1813.0
10688,02-08-10,MUMBAI,1792.0
10714,03-08-10,MUMBAI,1817.0
10740,04-08-10,MUMBAI,1800.0
10765,05-08-10,MUMBAI,1800.0
10790,06-08-10,MUMBAI,1800.0
10814,09-08-10,MUMBAI,1825.0
10838,10-08-10,MUMBAI,1750.0
10863,11-08-10,MUMBAI,1742.0
10888,12-08-10,MUMBAI,1742.0
10913,13-08-10,MUMBAI,1742.0
10933,16-08-10,MUMBAI,1742.0
10955,17-08-10,MUMBAI,1798.0
10980,18-08-10,MUMBAI,1798.0
11020,20-08-10,MUMBAI,1798.0
11043,23-08-10,MUMBAI,1798.0
11057,24-08-10,MUMBAI,1798.0
11076,25-08-10,MUMBAI,1802.0
11096,26-08-10,MUMBAI,1792.0
11116,27-08-10,MUMBAI,1792.0
11139,30-08-10,MUMBAI,1792.0
11175,31-08-10,MUMBAI,1817.0
11176,31-08-10,NAGPUR,
11216,01-09-10,MUMBAI,1900.0
11217,01-09-10,NAGPUR,1733.0
11248,03-09-10,MUMBAI,1900.0
11249,03-09-10,NAGPUR,1733.0
11283,06-09-10,MUMBAI,1850.0
11284,06-09-10,NAGPUR,1733.0
11315,07-09-10,MUMBAI,1850.0
11316,07-09-10,NAGPUR,1733.0
11348,08-09-10,MUMBAI,1850.0
11349,08-09-10,NAGPUR,1733.0
11384,09-09-10,MUMBAI,1863.0
11385,09-09-10,NAGPUR,1733.0
11421,10-09-10,MUMBAI,1863.0
11422,10-09-10,NAGPUR,1733.0
11459,13-09-10,MUMBAI,1863.0
11460,13-09-10,NAGPUR,1733.0
11496,14-09-10,MUMBAI,2000.0
11497,14-09-10,NAGPUR,1733.0
11532,15-09-10,MUMBAI,2000.0
11557,16-09-10,MUMBAI,2000.0
11558,16-09-10,NAGPUR,1733.0
11583,17-09-10,MUMBAI,1850.0
11584,17-09-10,NAGPUR,1733.0
11616,20-09-10,MUMBAI,1850.0
11617,20-09-10,NAGPUR,1733.0
11652,21-09-10,MUMBAI,1750.0
11653,21-09-10,NAGPUR,1733.0
11684,22-09-10,MUMBAI,1850.0
11685,22-09-10,NAGPUR,1733.0
11716,23-09-10,MUMBAI,1850.0
11717,23-09-10,NAGPUR,1733.0
11755,24-09-10,MUMBAI,1850.0
11756,24-09-10,NAGPUR,1700.0
11789,27-09-10,MUMBAI,1850.0
11790,27-09-10,NAGPUR,1700.0
11824,28-09-10,MUMBAI,1850.0
11825,28-09-10,NAGPUR,1700.0
11859,29-09-10,MUMBAI,1850.0
11860,29-09-10,NAGPUR,1700.0
11895,30-09-10,MUMBAI,1850.0
11896,30-09-10,NAGPUR,1700.0
11932,01-10-10,MUMBAI,1875.0
11933,01-10-10,NAGPUR,1700.0
11972,04-10-10,MUMBAI,1875.0
11973,04-10-10,NAGPUR,1700.0
12008,05-10-10,MUMBAI,1875.0
12009,05-10-10,NAGPUR,1700.0
12048,06-10-10,MUMBAI,1875.0
12049,06-10-10,NAGPUR,1700.0
12088,07-10-10,MUMBAI,1875.0
12089,07-10-10,NAGPUR,1700.0
12129,08-10-10,MUMBAI,1875.0
12130,08-10-10,NAGPUR,1700.0
12168,11-10-10,MUMBAI,1875.0
12169,11-10-10,NAGPUR,1700.0
12206,12-10-10,MUMBAI,1875.0
12207,12-10-10,NAGPUR,1700.0
12246,13-10-10,MUMBAI,1875.0
12247,13-10-10,NAGPUR,1700.0
12284,15-10-10,MUMBAI,1875.0
12285,15-10-10,NAGPUR,1700.0
12321,18-10-10,MUMBAI,1863.0
12322,18-10-10,NAGPUR,1700.0
12363,19-10-10,MUMBAI,1863.0
12364,19-10-10,NAGPUR,1700.0
12404,20-10-10,MUMBAI,1863.0
12405,20-10-10,NAGPUR,1700.0
12445,21-10-10,MUMBAI,1863.0
12446,21-10-10,NAGPUR,1700.0
12487,22-10-10,MUMBAI,1863.0
12488,22-10-10,NAGPUR,1700.0
12530,25-10-10,MUMBAI,1863.0
12531,25-10-10,NAGPUR,1700.0
12573,26-10-10,MUMBAI,1850.0
12574,26-10-10,NAGPUR,1850.0
12618,27-10-10,MUMBAI,1863.0
12619,27-10-10,NAGPUR,1850.0
12667,28-10-10,MUMBAI,1863.0
12668,28-10-10,NAGPUR,1850.0
12716,29-10-10,MUMBAI,1863.0
12717,29-10-10,NAGPUR,1850.0
12765,01-11-10,MUMBAI,1863.0
12766,01-11-10,NAGPUR,1750.0
12814,02-11-10,MUMBAI,1850.0
12815,02-11-10,NAGPUR,1750.0
12863,03-11-10,MUMBAI,1850.0
12864,03-11-10,NAGPUR,1750.0
12912,04-11-10,MUMBAI,1850.0
12913,04-11-10,NAGPUR,1750.0
12961,08-11-10,MUMBAI,1850.0
12962,08-11-10,NAGPUR,1750.0
13010,09-11-10,MUMBAI,1850.0
13011,09-11-10,NAGPUR,1750.0
13059,10-11-10,MUMBAI,1850.0
13060,10-11-10,NAGPUR,1750.0
13108,11-11-10,MUMBAI,1850.0
13109,11-11-10,NAGPUR,1750.0
13157,12-11-10,MUMBAI,1850.0
13158,12-11-10,NAGPUR,1750.0
13206,15-11-10,MUMBAI,1850.0
13207,15-11-10,NAGPUR,1750.0
13255,16-11-10,MUMBAI,1863.0
13256,16-11-10,NAGPUR,1750.0
13304,18-11-10,MUMBAI,1863.0
13305,18-11-10,NAGPUR,1750.0
13353,19-11-10,MUMBAI,1863.0
13354,19-11-10,NAGPUR,1750.0
13402,22-11-10,MUMBAI,1900.0
13403,22-11-10,NAGPUR,1725.0
13451,23-11-10,MUMBAI,1900.0
13452,23-11-10,NAGPUR,1750.0
13500,24-11-10,MUMBAI,1900.0
13501,24-11-10,NAGPUR,1750.0
13549,25-11-10,MUMBAI,1860.0
13550,25-11-10,NAGPUR,1750.0
13598,26-11-10,MUMBAI,1860.0
13599,26-11-10,NAGPUR,1750.0
13647,29-11-10,MUMBAI,1863.0
13648,29-11-10,NAGPUR,1750.0
13696,30-11-10,MUMBAI,1863.0
13697,30-11-10,NAGPUR,1475.0
13745,01-12-10,MUMBAI,1863.0
13746,01-12-10,NAGPUR,1475.0
13795,02-12-10,MUMBAI,1863.0
13796,02-12-10,NAGPUR,1550.0
13844,03-12-10,MUMBAI,1863.0
13845,03-12-10,NAGPUR,1550.0
13893,06-12-10,MUMBAI,1863.0
13894,06-12-10,NAGPUR,1550.0
13942,07-12-10,MUMBAI,1863.0
13943,07-12-10,NAGPUR,1650.0
13991,08-12-10,MUMBAI,1863.0
13992,08-12-10,NAGPUR,1650.0
14040,09-12-10,MUMBAI,1850.0
14041,09-12-10,NAGPUR,1650.0
14089,10-12-10,MUMBAI,1850.0
14090,10-12-10,NAGPUR,1650.0
14138,13-12-10,MUMBAI,1850.0
14139,13-12-10,NAGPUR,1650.0
14187,14-12-10,MUMBAI,1850.0
14188,14-12-10,NAGPUR,1750.0
14236,15-12-10,MUMBAI,1850.0
14237,15-12-10,NAGPUR,1750.0
14286,16-12-10,MUMBAI,1850.0
14287,16-12-10,NAGPUR,1750.0
14336,20-12-10,MUMBAI,1850.0
14337,20-12-10,NAGPUR,1750.0
14386,21-12-10,MUMBAI,1850.0
14387,21-12-10,NAGPUR,1750.0
14436,22-12-10,MUMBAI,1850.0
14437,22-12-10,NAGPUR,1750.0
14486,23-12-10,MUMBAI,1850.0
14487,23-12-10,NAGPUR,1750.0
14536,24-12-10,MUMBAI,1850.0
14537,24-12-10,NAGPUR,1750.0
14586,27-12-10,MUMBAI,1850.0
14587,27-12-10,NAGPUR,1750.0
14636,28-12-10,MUMBAI,1850.0
14637,28-12-10,NAGPUR,1750.0
14686,29-12-10,MUMBAI,1850.0
14687,29-12-10,NAGPUR,1750.0
14736,30-12-10,MUMBAI,1850.0
14737,30-12-10,NAGPUR,1750.0
14786,31-12-10,MUMBAI,1850.0
14787,31-12-10,NAGPUR,1750.0
14836,03-01-11,MUMBAI,1850.0
14837,03-01-11,NAGPUR,1750.0
14886,04-01-11,MUMBAI,1850.0
14887,04-01-11,NAGPUR,1750.0
14936,05-01-11,MUMBAI,1850.0
14937,05-01-11,NAGPUR,1750.0
14986,06-01-11,MUMBAI,1850.0
14987,06-01-11,NAGPUR,1750.0
15036,07-01-11,MUMBAI,1850.0
15037,07-01-11,NAGPUR,1600.0
15086,10-01-11,MUMBAI,1850.0
15087,10-01-11,NAGPUR,1600.0
15136,11-01-11,MUMBAI,1850.0
15137,11-01-11,NAGPUR,1550.0
15186,12-01-11,MUMBAI,1850.0
15187,12-01-11,NAGPUR,1550.0
15236,13-01-11,MUMBAI,1850.0
15237,13-01-11,NAGPUR,1550.0
15286,14-01-11,MUMBAI,1850.0
15287,14-01-11,NAGPUR,1550.0
15336,17-01-11,MUMBAI,1850.0
15337,17-01-11,NAGPUR,1650.0
15386,18-01-11,MUMBAI,1850.0
15387,18-01-11,NAGPUR,1650.0
15435,19-01-11,MUMBAI,1850.0
15436,19-01-11,NAGPUR,1650.0
15484,20-01-11,MUMBAI,1850.0
15485,20-01-11,NAGPUR,1650.0
15533,21-01-11,MUMBAI,1850.0
15534,21-01-11,NAGPUR,1650.0
15582,24-01-11,MUMBAI,1850.0
15583,24-01-11,NAGPUR,1575.0
15631,25-01-11,MUMBAI,1850.0
15632,25-01-11,NAGPUR,1575.0
15680,27-01-11,MUMBAI,1850.0
15681,27-01-11,NAGPUR,1575.0
15729,28-01-11,MUMBAI,1850.0
15730,28-01-11,NAGPUR,1550.0
15778,31-01-11,MUMBAI,1850.0
15779,31-01-11,NAGPUR,1575.0
15827,01-02-11,MUMBAI,1850.0
15828,01-02-11,NAGPUR,1575.0
15876,02-02-11,MUMBAI,1850.0
15877,02-02-11,NAGPUR,1575.0
15925,03-02-11,MUMBAI,1850.0
15926,03-02-11,NAGPUR,1575.0
15974,04-02-11,MUMBAI,1850.0
15975,04-02-11,NAGPUR,1575.0
16023,07-02-11,MUMBAI,1850.0
16024,07-02-11,NAGPUR,1575.0
16072,08-02-11,MUMBAI,1850.0
16073,08-02-11,NAGPUR,1800.0
16121,09-02-11,MUMBAI,1850.0
16122,09-02-11,NAGPUR,1800.0
16170,10-02-11,MUMBAI,1850.0
16171,10-02-11,NAGPUR,1800.0
16219,11-02-11,MUMBAI,1850.0
16220,11-02-11,NAGPUR,1800.0
16268,14-02-11,MUMBAI,1850.0
16269,14-02-11,NAGPUR,1750.0
16317,15-02-11,MUMBAI,1850.0
16318,15-02-11,NAGPUR,1550.0
16366,17-02-11,MUMBAI,1850.0
16367,17-02-11,NAGPUR,1650.0
16415,18-02-11,MUMBAI,1850.0
16416,18-02-11,NAGPUR,1650.0
16464,21-02-11,MUMBAI,1850.0
16465,21-02-11,NAGPUR,1650.0
16513,22-02-11,MUMBAI,1850.0
16514,22-02-11,NAGPUR,1575.0
16562,23-02-11,MUMBAI,1850.0
16563,23-02-11,NAGPUR,1575.0
16611,24-02-11,MUMBAI,1850.0
16612,24-02-11,NAGPUR,1575.0
16660,25-02-11,MUMBAI,1850.0
16661,25-02-11,NAGPUR,1650.0
16709,28-02-11,MUMBAI,1850.0
16710,28-02-11,NAGPUR,1650.0
16758,01-03-11,MUMBAI,1850.0
16759,01-03-11,NAGPUR,1675.0
16807,03-03-11,MUMBAI,1850.0
16808,03-03-11,NAGPUR,1675.0
16856,04-03-11,MUMBAI,1850.0
16857,04-03-11,NAGPUR,1675.0
16905,07-03-11,MUMBAI,1850.0
16906,07-03-11,NAGPUR,1650.0
16954,08-03-11,MUMBAI,1850.0
16955,08-03-11,NAGPUR,1650.0
17003,09-03-11,MUMBAI,1850.0
17004,09-03-11,NAGPUR,1650.0
17052,10-03-11,MUMBAI,1850.0
17053,10-03-11,NAGPUR,1650.0
17101,11-03-11,MUMBAI,1850.0
17102,11-03-11,NAGPUR,1650.0
17150,14-03-11,MUMBAI,1850.0
17151,14-03-11,NAGPUR,1667.0
17199,15-03-11,MUMBAI,1850.0
17200,15-03-11,NAGPUR,1650.0
17248,16-03-11,MUMBAI,1850.0
17249,16-03-11,NAGPUR,1650.0
17297,17-03-11,MUMBAI,1850.0
17298,17-03-11,NAGPUR,1650.0
17346,18-03-11,MUMBAI,1850.0
17347,18-03-11,NAGPUR,1650.0
17395,21-03-11,MUMBAI,1850.0
17396,21-03-11,NAGPUR,1650.0
17444,22-03-11,MUMBAI,1850.0
17445,22-03-11,NAGPUR,1650.0
17493,23-03-11,MUMBAI,1850.0
17494,23-03-11,NAGPUR,1650.0
17542,24-03-11,MUMBAI,1850.0
17543,24-03-11,NAGPUR,1650.0
17591,25-03-11,MUMBAI,1850.0
17592,25-03-11,NAGPUR,1650.0
17640,28-03-11,MUMBAI,1850.0
17641,28-03-11,NAGPUR,1650.0
17689,29-03-11,MUMBAI,1850.0
17690,29-03-11,NAGPUR,1550.0
17738,30-03-11,MUMBAI,1850.0
17739,30-03-11,NAGPUR,1550.0
17787,31-03-11,MUMBAI,1850.0
17788,31-03-11,NAGPUR,1550.0
17836,01-04-11,MUMBAI,1850.0
17837,01-04-11,NAGPUR,1550.0
17885,04-04-11,MUMBAI,1850.0
17886,04-04-11,NAGPUR,1550.0
17934,05-04-11,MUMBAI,1850.0
17935,05-04-11,NAGPUR,1550.0
17983,06-04-11,MUMBAI,1850.0
17984,06-04-11,NAGPUR,1550.0
18032,07-04-11,MUMBAI,1850.0
18033,07-04-11,NAGPUR,1550.0
18081,08-04-11,MUMBAI,1850.0
18082,08-04-11,NAGPUR,1550.0
18130,11-04-11,MUMBAI,1850.0
18131,11-04-11,NAGPUR,1550.0
18179,13-04-11,MUMBAI,1850.0
18180,13-04-11,NAGPUR,1550.0
18228,15-04-11,MUMBAI,1850.0
18229,15-04-11,NAGPUR,1550.0
18277,18-04-11,MUMBAI,1850.0
18278,18-04-11,NAGPUR,1550.0
18326,19-04-11,MUMBAI,1900.0
18327,19-04-11,NAGPUR,1500.0
18375,20-04-11,MUMBAI,1900.0
18376,20-04-11,NAGPUR,1500.0
18424,21-04-11,MUMBAI,1900.0
18425,21-04-11,NAGPUR,1500.0
18473,25-04-11,MUMBAI,1900.0
18474,25-04-11,NAGPUR,1583.0
18522,26-04-11,MUMBAI,1850.0
18523,26-04-11,NAGPUR,1600.0
18571,27-04-11,MUMBAI,1850.0
18572,27-04-11,NAGPUR,1567.0
18620,28-04-11,MUMBAI,1850.0
18621,28-04-11,NAGPUR,1567.0
18669,29-04-11,MUMBAI,1850.0
18670,29-04-11,NAGPUR,1575.0
18718,02-05-11,MUMBAI,1850.0
18719,02-05-11,NAGPUR,1575.0
18767,03-05-11,MUMBAI,1850.0
18768,03-05-11,NAGPUR,1575.0
18816,04-05-11,MUMBAI,1850.0
18817,04-05-11,NAGPUR,1575.0
18865,05-05-11,MUMBAI,1850.0
18866,05-05-11,NAGPUR,1567.0
18914,06-05-11,MUMBAI,1850.0
18915,06-05-11,NAGPUR,1567.0
18963,09-05-11,MUMBAI,1850.0
18964,09-05-11,NAGPUR,1600.0
19012,10-05-11,MUMBAI,1850.0
19013,10-05-11,NAGPUR,1600.0
19061,11-05-11,MUMBAI,1850.0
19062,11-05-11,NAGPUR,1500.0
19110,12-05-11,MUMBAI,1850.0
19111,12-05-11,NAGPUR,1500.0
19159,13-05-11,MUMBAI,1850.0
19160,13-05-11,NAGPUR,1500.0
19208,16-05-11,MUMBAI,1850.0
19209,16-05-11,NAGPUR,1500.0
19257,18-05-11,MUMBAI,1850.0
19258,18-05-11,NAGPUR,1550.0
19306,19-05-11,MUMBAI,1850.0
19307,19-05-11,NAGPUR,1550.0
19355,20-05-11,MUMBAI,1850.0
19356,20-05-11,NAGPUR,1550.0
19404,23-05-11,MUMBAI,1950.0
19405,23-05-11,NAGPUR,1700.0
19453,24-05-11,MUMBAI,1950.0
19454,24-05-11,NAGPUR,1500.0
19502,25-05-11,MUMBAI,1950.0
19503,25-05-11,NAGPUR,1500.0
19551,26-05-11,MUMBAI,1950.0
19552,26-05-11,NAGPUR,1500.0
19600,27-05-11,MUMBAI,1950.0
19601,27-05-11,NAGPUR,1500.0
19649,30-05-11,MUMBAI,1950.0
19650,30-05-11,NAGPUR,1500.0
19698,31-05-11,MUMBAI,1850.0
19699,31-05-11,NAGPUR,1500.0
19747,01-06-11,MUMBAI,1850.0
19748,01-06-11,NAGPUR,1550.0
19796,02-06-11,MUMBAI,1850.0
19797,02-06-11,NAGPUR,1550.0
19845,03-06-11,MUMBAI,1850.0
19846,03-06-11,NAGPUR,1550.0
19894,06-06-11,MUMBAI,1775.0
19895,06-06-11,NAGPUR,1550.0
19943,07-06-11,MUMBAI,1775.0
19944,07-06-11,NAGPUR,1500.0
19992,08-06-11,MUMBAI,1775.0
19993,08-06-11,NAGPUR,1550.0
20041,09-06-11,MUMBAI,1775.0
20042,09-06-11,NAGPUR,1550.0
20090,10-06-11,MUMBAI,1775.0
20091,10-06-11,NAGPUR,1550.0
20139,13-06-11,MUMBAI,1775.0
20140,13-06-11,NAGPUR,1550.0
20188,14-06-11,MUMBAI,1800.0
20189,14-06-11,NAGPUR,1550.0
20237,15-06-11,MUMBAI,1800.0
20238,15-06-11,NAGPUR,1550.0
20286,16-06-11,MUMBAI,1800.0
20287,16-06-11,NAGPUR,1550.0
20335,17-06-11,MUMBAI,1800.0
20336,17-06-11,NAGPUR,1550.0
20384,20-06-11,MUMBAI,1800.0
20385,20-06-11,NAGPUR,1550.0
20433,21-06-11,MUMBAI,1800.0
20434,21-06-11,NAGPUR,1550.0
20482,22-06-11,MUMBAI,1800.0
20483,22-06-11,NAGPUR,1550.0
20531,23-06-11,MUMBAI,1750.0
20532,23-06-11,NAGPUR,1550.0
20580,24-06-11,MUMBAI,1750.0
20581,24-06-11,NAGPUR,1550.0
20629,27-06-11,MUMBAI,1750.0
20630,27-06-11,NAGPUR,1550.0
20678,28-06-11,MUMBAI,1750.0
20679,28-06-11,NAGPUR,1700.0
20727,29-06-11,MUMBAI,1825.0
20728,29-06-11,NAGPUR,1700.0
20776,30-06-11,MUMBAI,1825.0
20777,30-06-11,NAGPUR,1650.0
20825,01-07-11,MUMBAI,1825.0
20826,01-07-11,NAGPUR,1650.0
20874,04-07-11,MUMBAI,1825.0
20875,04-07-11,NAGPUR,1650.0
20923,05-07-11,MUMBAI,1850.0
20924,05-07-11,NAGPUR,1700.0
20972,06-07-11,MUMBAI,1710.0
20973,06-07-11,NAGPUR,1700.0
21021,07-07-11,MUMBAI,1750.0
21022,07-07-11,NAGPUR,1700.0
21070,08-07-11,MUMBAI,1750.0
21071,08-07-11,NAGPUR,1700.0
21119,11-07-11,MUMBAI,1750.0
21120,11-07-11,NAGPUR,1700.0
21168,12-07-11,MUMBAI,1750.0
21169,12-07-11,NAGPUR,1700.0
21217,13-07-11,MUMBAI,1750.0
21218,13-07-11,NAGPUR,1700.0
21266,14-07-11,MUMBAI,1750.0
21267,14-07-11,NAGPUR,1700.0
21315,15-07-11,MUMBAI,1750.0
21316,15-07-11,NAGPUR,1700.0
21364,18-07-11,MUMBAI,1788.0
21365,18-07-11,NAGPUR,1750.0
21413,19-07-11,MUMBAI,1788.0
21414,19-07-11,NAGPUR,1650.0
21462,20-07-11,MUMBAI,1900.0
21463,20-07-11,NAGPUR,1650.0
21511,21-07-11,MUMBAI,1900.0
21512,21-07-11,NAGPUR,1675.0
21560,22-07-11,MUMBAI,1900.0
21561,22-07-11,NAGPUR,1650.0
21609,25-07-11,MUMBAI,1850.0
21610,25-07-11,NAGPUR,1600.0
21658,26-07-11,MUMBAI,1850.0
21659,26-07-11,NAGPUR,1600.0
21707,27-07-11,MUMBAI,1850.0
21708,27-07-11,NAGPUR,1650.0
21756,28-07-11,MUMBAI,1775.0
21757,28-07-11,NAGPUR,1650.0
21805,29-07-11,MUMBAI,1775.0
21806,29-07-11,NAGPUR,1650.0
21854,01-08-11,MUMBAI,1775.0
21855,01-08-11,NAGPUR,1750.0
21903,02-08-11,MUMBAI,1775.0
21904,02-08-11,NAGPUR,1750.0
21952,03-08-11,MUMBAI,1775.0
21953,03-08-11,NAGPUR,1750.0
22001,04-08-11,MUMBAI,1775.0
22002,04-08-11,NAGPUR,1750.0
22050,05-08-11,MUMBAI,1775.0
22051,05-08-11,NAGPUR,1750.0
22099,08-08-11,MUMBAI,1775.0
22100,08-08-11,NAGPUR,1900.0
22148,09-08-11,MUMBAI,1775.0
22149,09-08-11,NAGPUR,1900.0
22197,10-08-11,MUMBAI,1775.0
22198,10-08-11,NAGPUR,1850.0
22246,11-08-11,MUMBAI,1725.0
22247,11-08-11,NAGPUR,1867.0
22295,12-08-11,MUMBAI,1725.0
22296,12-08-11,NAGPUR,1867.0
22344,16-08-11,MUMBAI,1725.0
22345,16-08-11,NAGPUR,1700.0
22393,17-08-11,MUMBAI,1725.0
22394,17-08-11,NAGPUR,1700.0
22442,18-08-11,MUMBAI,1725.0
22443,18-08-11,NAGPUR,1700.0
22491,19-08-11,MUMBAI,1725.0
22492,19-08-11,NAGPUR,1700.0
22540,23-08-11,MUMBAI,1850.0
22541,23-08-11,NAGPUR,1700.0
22589,24-08-11,MUMBAI,1850.0
22590,24-08-11,NAGPUR,1700.0
22638,25-08-11,MUMBAI,1850.0
22639,25-08-11,NAGPUR,1700.0
22687,26-08-11,MUMBAI,1850.0
22688,26-08-11,NAGPUR,1717.0
22736,29-08-11,MUMBAI,1850.0
22737,29-08-11,NAGPUR,1717.0
22785,30-08-11,MUMBAI,1850.0
22786,30-08-11,NAGPUR,1700.0
22834,01-09-11,MUMBAI,1850.0
22835,01-09-11,NAGPUR,1700.0
22883,02-09-11,MUMBAI,1850.0
22884,02-09-11,NAGPUR,1700.0
22932,05-09-11,MUMBAI,1850.0
22933,05-09-11,NAGPUR,1700.0
22981,06-09-11,MUMBAI,1850.0
22982,06-09-11,NAGPUR,1700.0
23030,07-09-11,MUMBAI,1825.0
23031,07-09-11,NAGPUR,1700.0
23079,08-09-11,MUMBAI,1825.0
23080,08-09-11,NAGPUR,1700.0
23128,09-09-11,MUMBAI,1800.0
23129,09-09-11,NAGPUR,1700.0
23177,12-09-11,MUMBAI,1800.0
23178,12-09-11,NAGPUR,1700.0
23226,13-09-11,MUMBAI,1850.0
23227,13-09-11,NAGPUR,1900.0
23275,14-09-11,MUMBAI,1825.0
23276,14-09-11,NAGPUR,1900.0
23324,15-09-11,MUMBAI,1825.0
23325,15-09-11,NAGPUR,1900.0
23373,16-09-11,MUMBAI,1800.0
23374,16-09-11,NAGPUR,1900.0
23422,19-09-11,MUMBAI,1725.0
23423,19-09-11,NAGPUR,1900.0
23471,20-09-11,MUMBAI,1725.0
23472,20-09-11,NAGPUR,1850.0
23520,21-09-11,MUMBAI,1725.0
23521,21-09-11,NAGPUR,1850.0
23569,22-09-11,MUMBAI,1725.0
23570,22-09-11,NAGPUR,1850.0
23618,23-09-11,MUMBAI,1825.0
23619,23-09-11,NAGPUR,1850.0
23667,26-09-11,MUMBAI,1925.0
23668,26-09-11,NAGPUR,1850.0
23716,27-09-11,MUMBAI,1775.0
23717,27-09-11,NAGPUR,1850.0
23765,28-09-11,MUMBAI,1775.0
23766,28-09-11,NAGPUR,1650.0
23814,29-09-11,MUMBAI,1775.0
23815,29-09-11,NAGPUR,1650.0
23863,30-09-11,MUMBAI,1775.0
23864,30-09-11,NAGPUR,1650.0
23912,03-10-11,MUMBAI,1775.0
23913,03-10-11,NAGPUR,1650.0
23961,04-10-11,MUMBAI,1775.0
23962,04-10-11,NAGPUR,1700.0
24010,05-10-11,MUMBAI,1775.0
24011,05-10-11,NAGPUR,1700.0
24059,07-10-11,MUMBAI,1775.0
24060,07-10-11,NAGPUR,1700.0
24108,10-10-11,MUMBAI,1775.0
24109,10-10-11,NAGPUR,1750.0
24157,11-10-11,MUMBAI,1775.0
24158,11-10-11,NAGPUR,1700.0
24206,12-10-11,MUMBAI,1775.0
24207,12-10-11,NAGPUR,1700.0
24255,13-10-11,MUMBAI,1775.0
24256,13-10-11,NAGPUR,1700.0
24304,14-10-11,MUMBAI,1775.0
24305,14-10-11,NAGPUR,1700.0
24353,17-10-11,MUMBAI,1775.0
24354,17-10-11,NAGPUR,1725.0
24402,18-10-11,MUMBAI,1775.0
24403,18-10-11,NAGPUR,1675.0
24451,19-10-11,MUMBAI,1775.0
24452,19-10-11,NAGPUR,1675.0
24500,20-10-11,MUMBAI,1875.0
24501,20-10-11,NAGPUR,1650.0
24549,21-10-11,MUMBAI,1875.0
24550,21-10-11,NAGPUR,1650.0
24598,24-10-11,MUMBAI,1875.0
24599,24-10-11,NAGPUR,1650.0
24647,25-10-11,MUMBAI,1875.0
24648,25-10-11,NAGPUR,1700.0
24696,27-10-11,MUMBAI,
24697,27-10-11,NAGPUR,
24745,28-10-11,MUMBAI,
24746,28-10-11,NAGPUR,
24794,31-10-11,MUMBAI,1875.0
24795,31-10-11,NAGPUR,1700.0
24843,01-11-11,MUMBAI,1875.0
24844,01-11-11,NAGPUR,1650.0
24892,02-11-11,MUMBAI,1875.0
24893,02-11-11,NAGPUR,1650.0
24941,03-11-11,MUMBAI,1875.0
24942,03-11-11,NAGPUR,1650.0
24990,04-11-11,MUMBAI,1975.0
24991,04-11-11,NAGPUR,1650.0
25039,08-11-11,MUMBAI,1975.0
25040,08-11-11,NAGPUR,1675.0
25088,09-11-11,MUMBAI,1975.0
25089,09-11-11,NAGPUR,1675.0
25137,11-11-11,MUMBAI,1975.0
25138,11-11-11,NAGPUR,1675.0
25186,14-11-11,MUMBAI,1875.0
25187,14-11-11,NAGPUR,1700.0
25235,15-11-11,MUMBAI,
25236,15-11-11,NAGPUR,
25284,16-11-11,MUMBAI,1875.0
25285,16-11-11,NAGPUR,1750.0
25333,17-11-11,MUMBAI,
25334,17-11-11,NAGPUR,1750.0
25382,18-11-11,MUMBAI,1875.0
25383,18-11-11,NAGPUR,1750.0
25431,21-11-11,MUMBAI,1875.0
25432,21-11-11,NAGPUR,1783.0
25480,22-11-11,MUMBAI,1875.0
25481,22-11-11,NAGPUR,1792.0
25529,23-11-11,MUMBAI,1900.0
25530,23-11-11,NAGPUR,1800.0
25578,24-11-11,MUMBAI,1900.0
25579,24-11-11,NAGPUR,1700.0
25627,25-11-11,MUMBAI,1900.0
25628,25-11-11,NAGPUR,1700.0
25676,28-11-11,MUMBAI,1900.0
25677,28-11-11,NAGPUR,1700.0
25725,29-11-11,MUMBAI,1950.0
25726,29-11-11,NAGPUR,1700.0
25774,30-11-11,MUMBAI,1950.0
25775,30-11-11,NAGPUR,1700.0
25823,01-12-11,MUMBAI,1950.0
25824,01-12-11,NAGPUR,1700.0
25872,02-12-11,MUMBAI,1950.0
25873,02-12-11,NAGPUR,1700.0
25921,05-12-11,MUMBAI,1900.0
25922,05-12-11,NAGPUR,1700.0
25970,07-12-11,MUMBAI,1900.0
25971,07-12-11,NAGPUR,1700.0
26019,08-12-11,MUMBAI,1900.0
26020,08-12-11,NAGPUR,1700.0
26068,09-12-11,MUMBAI,1900.0
26069,09-12-11,NAGPUR,1700.0
26117,12-12-11,MUMBAI,1850.0
26118,12-12-11,NAGPUR,1700.0
26166,13-12-11,MUMBAI,1850.0
26167,13-12-11,NAGPUR,1625.0
26215,14-12-11,MUMBAI,1860.0
26216,14-12-11,NAGPUR,1625.0
26264,15-12-11,MUMBAI,1860.0
26265,15-12-11,NAGPUR,1650.0
26313,16-12-11,MUMBAI,1900.0
26314,16-12-11,NAGPUR,1650.0
26362,19-12-11,MUMBAI,1925.0
26363,19-12-11,NAGPUR,1650.0
26411,20-12-11,MUMBAI,1925.0
26412,20-12-11,NAGPUR,1658.0
26460,21-12-11,MUMBAI,1925.0
26461,21-12-11,NAGPUR,1658.0
26509,22-12-11,MUMBAI,1925.0
26510,22-12-11,NAGPUR,1658.0
26558,23-12-11,MUMBAI,1925.0
26559,23-12-11,NAGPUR,1658.0
26607,26-12-11,MUMBAI,1925.0
26608,26-12-11,NAGPUR,1658.0
26656,27-12-11,MUMBAI,1925.0
26657,27-12-11,NAGPUR,1658.0
26705,28-12-11,MUMBAI,1925.0
26706,28-12-11,NAGPUR,1667.0
26754,29-12-11,MUMBAI,1925.0
26755,29-12-11,NAGPUR,1667.0
26803,30-12-11,MUMBAI,1925.0
26804,30-12-11,NAGPUR,1667.0
26852,02-01-12,MUMBAI,1925.0
26853,02-01-12,NAGPUR,1667.0
26901,03-01-12,MUMBAI,1925.0
26902,03-01-12,NAGPUR,1667.0
26950,04-01-12,MUMBAI,1925.0
26951,04-01-12,NAGPUR,1667.0
26999,05-01-12,MUMBAI,1925.0
27000,05-01-12,NAGPUR,1667.0
27048,06-01-12,MUMBAI,1925.0
27049,06-01-12,NAGPUR,1683.0
27097,09-01-12,MUMBAI,1925.0
27098,09-01-12,NAGPUR,1700.0
27146,10-01-12,MUMBAI,1925.0
27147,10-01-12,NAGPUR,1700.0
27195,11-01-12,MUMBAI,1925.0
27196,11-01-12,NAGPUR,1717.0
27244,12-01-12,MUMBAI,1925.0
27245,12-01-12,NAGPUR,1717.0
27293,13-01-12,MUMBAI,1925.0
27294,13-01-12,NAGPUR,1717.0
27342,16-01-12,MUMBAI,1925.0
27343,16-01-12,NAGPUR,1717.0
27391,17-01-12,MUMBAI,1925.0
27392,17-01-12,NAGPUR,1717.0
27440,18-01-12,MUMBAI,1925.0
27441,18-01-12,NAGPUR,1717.0
27489,19-01-12,MUMBAI,1925.0
27490,19-01-12,NAGPUR,1717.0
27538,20-01-12,MUMBAI,1925.0
27539,20-01-12,NAGPUR,1725.0
27587,23-01-12,MUMBAI,1925.0
27588,23-01-12,NAGPUR,1733.0
27636,24-01-12,MUMBAI,1925.0
27637,24-01-12,NAGPUR,1733.0
27685,25-01-12,MUMBAI,1925.0
27686,25-01-12,NAGPUR,1733.0
27734,27-01-12,MUMBAI,1925.0
27735,27-01-12,NAGPUR,1750.0
27783,30-01-12,MUMBAI,1925.0
27784,30-01-12,NAGPUR,1750.0
27832,31-01-12,MUMBAI,1925.0
27833,31-01-12,NAGPUR,1750.0
27881,01-02-12,MUMBAI,1925.0
27882,01-02-12,NAGPUR,1833.0
27930,02-02-12,MUMBAI,1925.0
27931,02-02-12,NAGPUR,1833.0
27979,03-02-12,MUMBAI,1925.0
27980,03-02-12,NAGPUR,1833.0
28028,06-02-12,MUMBAI,1925.0
28029,06-02-12,NAGPUR,1833.0
28077,07-02-12,MUMBAI,1925.0
28078,07-02-12,NAGPUR,1833.0
28126,08-02-12,MUMBAI,1925.0
28127,08-02-12,NAGPUR,1833.0
28175,09-02-12,MUMBAI,1925.0
28176,09-02-12,NAGPUR,1833.0
28224,10-02-12,MUMBAI,1925.0
28225,10-02-12,NAGPUR,1883.0
28273,13-02-12,MUMBAI,1925.0
28274,13-02-12,NAGPUR,1883.0
28322,14-02-12,MUMBAI,1925.0
28323,14-02-12,NAGPUR,1883.0
28371,15-02-12,MUMBAI,1925.0
28372,15-02-12,NAGPUR,1950.0
28420,16-02-12,MUMBAI,
28421,16-02-12,NAGPUR,
28469,17-02-12,MUMBAI,1925.0
28470,17-02-12,NAGPUR,1950.0
28518,21-02-12,MUMBAI,1925.0
28519,21-02-12,NAGPUR,1950.0
28567,22-02-12,MUMBAI,1925.0
28568,22-02-12,NAGPUR,1950.0
28616,23-02-12,MUMBAI,1925.0
28617,23-02-12,NAGPUR,1950.0
28665,24-02-12,MUMBAI,1925.0
28666,24-02-12,NAGPUR,2017.0
28714,27-02-12,MUMBAI,1925.0
28715,27-02-12,NAGPUR,2017.0
28763,28-02-12,MUMBAI,1925.0
28764,28-02-12,NAGPUR,2017.0
28812,29-02-12,MUMBAI,1925.0
28813,29-02-12,NAGPUR,2017.0
28861,01-03-12,MUMBAI,1925.0
28862,01-03-12,NAGPUR,2017.0
28910,02-03-12,MUMBAI,1925.0
28911,02-03-12,NAGPUR,2017.0
28959,05-03-12,MUMBAI,1925.0
28960,05-03-12,NAGPUR,2017.0
29008,06-03-12,MUMBAI,1925.0
29009,06-03-12,NAGPUR,2017.0
29057,07-03-12,MUMBAI,1925.0
29058,07-03-12,NAGPUR,2017.0
29106,09-03-12,MUMBAI,1925.0
29107,09-03-12,NAGPUR,2017.0
29155,12-03-12,MUMBAI,1925.0
29156,12-03-12,NAGPUR,2017.0
29204,13-03-12,MUMBAI,1925.0
29205,13-03-12,NAGPUR,2017.0
29253,14-03-12,MUMBAI,1925.0
29254,14-03-12,NAGPUR,2017.0
29302,15-03-12,MUMBAI,1925.0
29303,15-03-12,NAGPUR,2017.0
29351,16-03-12,MUMBAI,1925.0
29352,16-03-12,NAGPUR,2017.0
29400,19-03-12,MUMBAI,1925.0
29401,19-03-12,NAGPUR,2017.0
29449,20-03-12,MUMBAI,1925.0
29450,20-03-12,NAGPUR,2017.0
29498,21-03-12,MUMBAI,1925.0
29499,21-03-12,NAGPUR,2017.0
29547,22-03-12,MUMBAI,1925.0
29548,22-03-12,NAGPUR,2017.0
29596,23-03-12,MUMBAI,
29597,23-03-12,NAGPUR,
29645,26-03-12,MUMBAI,1925.0
29646,26-03-12,NAGPUR,2017.0
29694,27-03-12,MUMBAI,1925.0
29695,27-03-12,NAGPUR,2017.0
29743,28-03-12,MUMBAI,1925.0
29744,28-03-12,NAGPUR,2050.0
29792,29-03-12,MUMBAI,1925.0
29793,29-03-12,NAGPUR,2050.0
29841,30-03-12,MUMBAI,1925.0
29842,30-03-12,NAGPUR,2050.0
29890,02-04-12,MUMBAI,1925.0
29891,02-04-12,NAGPUR,2050.0
29939,03-04-12,MUMBAI,1925.0
29940,03-04-12,NAGPUR,2050.0
29988,04-04-12,MUMBAI,1925.0
29989,04-04-12,NAGPUR,2050.0
30037,09-04-12,MUMBAI,1925.0
30038,09-04-12,NAGPUR,2050.0
30086,10-04-12,MUMBAI,1925.0
30087,10-04-12,NAGPUR,2050.0
30135,11-04-12,MUMBAI,1925.0
30136,11-04-12,NAGPUR,2050.0
30184,12-04-12,MUMBAI,1925.0
30185,12-04-12,NAGPUR,2050.0
30233,13-04-12,MUMBAI,1925.0
30234,13-04-12,NAGPUR,2050.0
30282,16-04-12,MUMBAI,1925.0
30283,16-04-12,NAGPUR,2050.0
30331,17-04-12,MUMBAI,1925.0
30332,17-04-12,NAGPUR,2050.0
30380,18-04-12,MUMBAI,1925.0
30381,18-04-12,NAGPUR,2050.0
30429,19-04-12,MUMBAI,1925.0
30430,19-04-12,NAGPUR,2050.0
30478,20-04-12,MUMBAI,1925.0
30479,20-04-12,NAGPUR,2070.0
30527,23-04-12,MUMBAI,1925.0
30528,23-04-12,NAGPUR,2070.0
30576,24-04-12,MUMBAI,1925.0
30577,24-04-12,NAGPUR,2070.0
30625,25-04-12,MUMBAI,1925.0
30626,25-04-12,NAGPUR,2070.0
30674,26-04-12,MUMBAI,1925.0
30675,26-04-12,NAGPUR,2070.0
30723,27-04-12,MUMBAI,1925.0
30724,27-04-12,NAGPUR,2070.0
30772,30-04-12,MUMBAI,1925.0
30773,30-04-12,NAGPUR,2070.0
30821,01-05-12,MUMBAI,
30822,01-05-12,NAGPUR,
30870,02-05-12,MUMBAI,1925.0
30871,02-05-12,NAGPUR,2070.0
30919,03-05-12,MUMBAI,1950.0
30920,03-05-12,NAGPUR,2070.0
30968,04-05-12,MUMBAI,1950.0
30969,04-05-12,NAGPUR,2070.0
31017,07-05-12,MUMBAI,2000.0
31018,07-05-12,NAGPUR,2070.0
31066,08-05-12,MUMBAI,2000.0
31067,08-05-12,NAGPUR,2070.0
31115,09-05-12,MUMBAI,2000.0
31116,09-05-12,NAGPUR,2072.0
31164,10-05-12,MUMBAI,2000.0
31165,10-05-12,NAGPUR,2072.0
31213,11-05-12,MUMBAI,2000.0
31214,11-05-12,NAGPUR,2072.0
31262,14-05-12,MUMBAI,2000.0
31263,14-05-12,NAGPUR,2072.0
31311,15-05-12,MUMBAI,2000.0
31312,15-05-12,NAGPUR,2072.0
31360,16-05-12,MUMBAI,2000.0
31361,16-05-12,NAGPUR,2065.0
31409,17-05-12,MUMBAI,2850.0
31410,17-05-12,NAGPUR,2065.0
31458,18-05-12,MUMBAI,2850.0
31459,18-05-12,NAGPUR,2065.0
31507,21-05-12,MUMBAI,2850.0
31508,21-05-12,NAGPUR,2065.0
31556,22-05-12,MUMBAI,2850.0
31557,22-05-12,NAGPUR,2065.0
31605,23-05-12,MUMBAI,2850.0
31606,23-05-12,NAGPUR,2065.0
31654,24-05-12,MUMBAI,2850.0
31655,24-05-12,NAGPUR,2065.0
31703,25-05-12,MUMBAI,2850.0
31704,25-05-12,NAGPUR,2065.0
31752,28-05-12,MUMBAI,2400.0
31753,28-05-12,NAGPUR,2065.0
31801,29-05-12,MUMBAI,2400.0
31802,29-05-12,NAGPUR,2065.0
31850,30-05-12,MUMBAI,2400.0
31851,30-05-12,NAGPUR,2065.0
31899,31-05-12,MUMBAI,2400.0
31900,31-05-12,NAGPUR,2065.0
31948,01-06-12,MUMBAI,2400.0
31949,01-06-12,NAGPUR,2065.0
31997,04-06-12,MUMBAI,2400.0
31998,04-06-12,NAGPUR,2065.0
32046,05-06-12,MUMBAI,2400.0
32047,05-06-12,NAGPUR,2065.0
32098,06-06-12,MUMBAI,2400.0
32099,06-06-12,NAGPUR,2065.0
32150,07-06-12,MUMBAI,2400.0
32151,07-06-12,NAGPUR,2065.0
32202,08-06-12,MUMBAI,2400.0
32203,08-06-12,NAGPUR,2065.0
32254,11-06-12,MUMBAI,2400.0
32255,11-06-12,NAGPUR,2065.0
32306,12-06-12,MUMBAI,2400.0
32307,12-06-12,NAGPUR,2065.0
32358,13-06-12,MUMBAI,2400.0
32359,13-06-12,NAGPUR,2065.0
32410,14-06-12,MUMBAI,2400.0
32411,14-06-12,NAGPUR,2065.0
32462,15-06-12,MUMBAI,2400.0
32463,15-06-12,NAGPUR,2065.0
32514,18-06-12,MUMBAI,2400.0
32515,18-06-12,NAGPUR,2065.0
32566,19-06-12,MUMBAI,2400.0
32567,19-06-12,NAGPUR,2067.0
32618,20-06-12,MUMBAI,2400.0
32619,20-06-12,NAGPUR,2067.0
32670,21-06-12,MUMBAI,2400.0
32671,21-06-12,NAGPUR,2043.0
32722,22-06-12,MUMBAI,
32723,22-06-12,NAGPUR,
32774,25-06-12,MUMBAI,
32775,25-06-12,NAGPUR,
32826,26-06-12,MUMBAI,
32827,26-06-12,NAGPUR,
32878,27-06-12,MUMBAI,2400.0
32879,27-06-12,NAGPUR,2043.0
32930,28-06-12,MUMBAI,
32931,28-06-12,NAGPUR,
32982,29-06-12,MUMBAI,2400.0
32983,29-06-12,NAGPUR,2043.0
33034,02-07-12,MUMBAI,2400.0
33035,02-07-12,NAGPUR,2043.0
33086,03-07-12,MUMBAI,2400.0
33087,03-07-12,NAGPUR,2043.0
33138,04-07-12,MUMBAI,2400.0
33139,04-07-12,NAGPUR,2043.0
33190,05-07-12,MUMBAI,2400.0
33191,05-07-12,NAGPUR,2043.0
33242,06-07-12,MUMBAI,2400.0
33243,06-07-12,NAGPUR,2043.0
33294,09-07-12,MUMBAI,2400.0
33295,09-07-12,NAGPUR,2037.0
33346,10-07-12,MUMBAI,2400.0
33347,10-07-12,NAGPUR,2033.0
33398,11-07-12,MUMBAI,2400.0
33399,11-07-12,NAGPUR,2033.0
33450,12-07-12,MUMBAI,2400.0
33451,12-07-12,NAGPUR,2033.0
33502,13-07-12,MUMBAI,2400.0
33503,13-07-12,NAGPUR,2033.0
33554,16-07-12,MUMBAI,2400.0
33555,16-07-12,NAGPUR,2033.0
33606,17-07-12,MUMBAI,2400.0
33607,17-07-12,NAGPUR,2033.0
33658,18-07-12,MUMBAI,2400.0
33659,18-07-12,NAGPUR,2033.0
33710,19-07-12,MUMBAI,2400.0
33711,19-07-12,NAGPUR,2033.0
33762,20-07-12,MUMBAI,2400.0
33763,20-07-12,NAGPUR,2067.0
33814,23-07-12,MUMBAI,2400.0
33815,23-07-12,NAGPUR,
33866,24-07-12,MUMBAI,2400.0
33867,24-07-12,NAGPUR,2067.0
33918,25-07-12,MUMBAI,2400.0
33919,25-07-12,NAGPUR,2067.0
33970,26-07-12,MUMBAI,2400.0
33971,26-07-12,NAGPUR,2067.0
34022,27-07-12,MUMBAI,2400.0
34023,27-07-12,NAGPUR,2067.0
34074,30-07-12,MUMBAI,2400.0
34075,30-07-12,NAGPUR,2067.0
34126,31-07-12,MUMBAI,2500.0
34127,31-07-12,NAGPUR,2067.0
34178,01-08-12,MUMBAI,2500.0
34179,01-08-12,NAGPUR,2067.0
34230,02-08-12,MUMBAI,2500.0
34231,02-08-12,NAGPUR,2067.0
34282,03-08-12,MUMBAI,2500.0
34283,03-08-12,NAGPUR,2067.0
34334,06-08-12,MUMBAI,2500.0
34335,06-08-12,NAGPUR,2067.0
34386,07-08-12,MUMBAI,2500.0
34387,07-08-12,NAGPUR,2067.0
34438,08-08-12,MUMBAI,2500.0
34439,08-08-12,NAGPUR,2067.0
34490,09-08-12,MUMBAI,2500.0
34491,09-08-12,NAGPUR,2067.0
34542,13-08-12,MUMBAI,2500.0
34543,13-08-12,NAGPUR,2030.0
34594,14-08-12,MUMBAI,2500.0
34595,14-08-12,NAGPUR,2030.0
34646,16-08-12,MUMBAI,2500.0
34647,16-08-12,NAGPUR,2030.0
34698,17-08-12,MUMBAI,2500.0
34699,17-08-12,NAGPUR,2030.0
34750,21-08-12,MUMBAI,2500.0
34751,21-08-12,NAGPUR,2030.0
34802,22-08-12,MUMBAI,2500.0
34803,22-08-12,NAGPUR,2030.0
34854,23-08-12,MUMBAI,2500.0
34855,23-08-12,NAGPUR,2030.0
34906,24-08-12,MUMBAI,2500.0
34907,24-08-12,NAGPUR,2030.0
34958,27-08-12,MUMBAI,2500.0
34959,27-08-12,NAGPUR,2038.0
35010,28-08-12,MUMBAI,2500.0
35011,28-08-12,NAGPUR,2032.0
35062,29-08-12,MUMBAI,2500.0
35063,29-08-12,NAGPUR,2032.0
35114,30-08-12,MUMBAI,2500.0
35115,30-08-12,NAGPUR,2032.0
35166,31-08-12,MUMBAI,2350.0
35167,31-08-12,NAGPUR,2023.0
35218,03-09-12,MUMBAI,2250.0
35219,03-09-12,NAGPUR,2023.0
35270,04-09-12,MUMBAI,2150.0
35271,04-09-12,NAGPUR,2023.0
35322,05-09-12,MUMBAI,2150.0
35323,05-09-12,NAGPUR,2023.0
35374,06-09-12,MUMBAI,2150.0
35375,06-09-12,NAGPUR,2032.0
35426,07-09-12,MUMBAI,2150.0
35427,07-09-12,NAGPUR,2032.0
35478,10-09-12,MUMBAI,2150.0
35479,10-09-12,NAGPUR,2038.0
35530,11-09-12,MUMBAI,2150.0
35531,11-09-12,NAGPUR,2038.0
35582,12-09-12,MUMBAI,2150.0
35583,12-09-12,NAGPUR,2038.0
35634,13-09-12,MUMBAI,2150.0
35635,13-09-12,NAGPUR,2038.0
35686,14-09-12,MUMBAI,2150.0
35687,14-09-12,NAGPUR,2038.0
35738,17-09-12,MUMBAI,2150.0
35739,17-09-12,NAGPUR,2068.0
35790,18-09-12,MUMBAI,2150.0
35791,18-09-12,NAGPUR,2068.0
35842,19-09-12,MUMBAI,
35843,19-09-12,NAGPUR,
35894,20-09-12,MUMBAI,2150.0
35895,20-09-12,NAGPUR,2068.0
35946,21-09-12,MUMBAI,2150.0
35947,21-09-12,NAGPUR,2068.0
35998,24-09-12,MUMBAI,2150.0
35999,24-09-12,NAGPUR,2068.0
36050,25-09-12,MUMBAI,2150.0
36051,25-09-12,NAGPUR,2068.0
36102,26-09-12,MUMBAI,2150.0
36103,26-09-12,NAGPUR,2068.0
36154,27-09-12,MUMBAI,2150.0
36155,27-09-12,NAGPUR,2108.0
36206,28-09-12,MUMBAI,2150.0
36207,28-09-12,NAGPUR,2108.0
36258,01-10-12,MUMBAI,2250.0
36259,01-10-12,NAGPUR,2108.0
36310,03-10-12,MUMBAI,2150.0
36311,03-10-12,NAGPUR,2108.0
36362,04-10-12,MUMBAI,2150.0
36363,04-10-12,NAGPUR,2108.0
36414,05-10-12,MUMBAI,2150.0
36415,05-10-12,NAGPUR,2153.0
36466,08-10-12,MUMBAI,2150.0
36467,08-10-12,NAGPUR,2153.0
36518,09-10-12,MUMBAI,2150.0
36519,09-10-12,NAGPUR,2153.0
36570,10-10-12,MUMBAI,2150.0
36571,10-10-12,NAGPUR,2153.0
36622,11-10-12,MUMBAI,2150.0
36623,11-10-12,NAGPUR,2153.0
36674,12-10-12,MUMBAI,2150.0
36675,12-10-12,NAGPUR,2153.0
36726,15-10-12,MUMBAI,2150.0
36727,15-10-12,NAGPUR,2153.0
36778,16-10-12,MUMBAI,2150.0
36779,16-10-12,NAGPUR,2153.0
36830,17-10-12,MUMBAI,2150.0
36831,17-10-12,NAGPUR,2153.0
36882,18-10-12,MUMBAI,2150.0
36883,18-10-12,NAGPUR,2153.0
36934,19-10-12,MUMBAI,2150.0
36935,19-10-12,NAGPUR,2153.0
36986,22-10-12,MUMBAI,2150.0
36987,22-10-12,NAGPUR,2153.0
37038,23-10-12,MUMBAI,2150.0
37039,23-10-12,NAGPUR,2153.0
37090,25-10-12,MUMBAI,2150.0
37091,25-10-12,NAGPUR,2153.0
37142,26-10-12,MUMBAI,
37143,26-10-12,NAGPUR,
37194,29-10-12,MUMBAI,2150.0
37195,29-10-12,NAGPUR,2260.0
37246,30-10-12,MUMBAI,2150.0
37247,30-10-12,NAGPUR,2260.0
37298,31-10-12,MUMBAI,2150.0
37299,31-10-12,NAGPUR,2260.0
37352,01-11-12,MUMBAI,2150.0
37353,01-11-12,NAGPUR,2260.0
37407,02-11-12,MUMBAI,2150.0
37408,02-11-12,NAGPUR,2260.0
37462,05-11-12,MUMBAI,2150.0
37463,05-11-12,NAGPUR,2260.0
37517,06-11-12,MUMBAI,2150.0
37518,06-11-12,NAGPUR,2260.0
37572,07-11-12,MUMBAI,2150.0
37573,07-11-12,NAGPUR,2260.0
37627,08-11-12,MUMBAI,2150.0
37628,08-11-12,NAGPUR,2260.0
37682,09-11-12,MUMBAI,2150.0
37683,09-11-12,NAGPUR,2260.0
37737,12-11-12,MUMBAI,2150.0
37738,12-11-12,NAGPUR,2260.0
37792,14-11-12,MUMBAI,
37793,14-11-12,NAGPUR,
37847,15-11-12,MUMBAI,
37848,15-11-12,NAGPUR,
37902,16-11-12,MUMBAI,2150.0
37903,16-11-12,NAGPUR,2260.0
37957,19-11-12,MUMBAI,2150.0
37958,19-11-12,NAGPUR,2260.0
38012,20-11-12,MUMBAI,2150.0
38013,20-11-12,NAGPUR,2260.0
38067,21-11-12,MUMBAI,2150.0
38068,21-11-12,NAGPUR,2260.0
38122,22-11-12,MUMBAI,2150.0
38123,22-11-12,NAGPUR,2260.0
38177,23-11-12,MUMBAI,2250.0
38178,23-11-12,NAGPUR,2260.0
38232,26-11-12,MUMBAI,2250.0
38233,26-11-12,NAGPUR,2260.0
38287,27-11-12,MUMBAI,2250.0
38288,27-11-12,NAGPUR,2260.0
38342,29-11-12,MUMBAI,2250.0
38343,29-11-12,NAGPUR,2260.0
38397,30-11-12,MUMBAI,2250.0
38398,30-11-12,NAGPUR,2260.0
38452,03-12-12,MUMBAI,
38453,03-12-12,NAGPUR,2240.0
38507,04-12-12,MUMBAI,2250.0
38508,04-12-12,NAGPUR,2240.0
38562,05-12-12,MUMBAI,2250.0
38563,05-12-12,NAGPUR,2240.0
38617,06-12-12,MUMBAI,2250.0
38618,06-12-12,NAGPUR,2240.0
38672,07-12-12,MUMBAI,2250.0
38673,07-12-12,NAGPUR,2240.0
38727,10-12-12,MUMBAI,2250.0
38728,10-12-12,NAGPUR,2240.0
38782,11-12-12,MUMBAI,2250.0
38783,11-12-12,NAGPUR,2240.0
38837,12-12-12,MUMBAI,2100.0
38838,12-12-12,NAGPUR,2243.0
38892,13-12-12,MUMBAI,2100.0
38893,13-12-12,NAGPUR,2243.0
38947,14-12-12,MUMBAI,2100.0
38948,14-12-12,NAGPUR,2230.0
39002,17-12-12,MUMBAI,2100.0
39003,17-12-12,NAGPUR,2230.0
39057,18-12-12,MUMBAI,2100.0
39058,18-12-12,NAGPUR,2230.0
39112,19-12-12,MUMBAI,2100.0
39113,19-12-12,NAGPUR,2170.0
39167,20-12-12,MUMBAI,2100.0
39168,20-12-12,NAGPUR,2170.0
39222,21-12-12,MUMBAI,2100.0
39223,21-12-12,NAGPUR,2170.0
39277,24-12-12,MUMBAI,2100.0
39278,24-12-12,NAGPUR,2167.0
39332,26-12-12,MUMBAI,2100.0
39333,26-12-12,NAGPUR,2167.0
39387,27-12-12,MUMBAI,2100.0
39388,27-12-12,NAGPUR,2113.0
39442,28-12-12,MUMBAI,2100.0
39443,28-12-12,NAGPUR,2113.0
39497,31-12-12,MUMBAI,2100.0
39498,31-12-12,NAGPUR,2113.0
39552,01-01-13,MUMBAI,2100.0
39553,01-01-13,NAGPUR,2100.0
39607,02-01-13,MUMBAI,2100.0
39608,02-01-13,NAGPUR,2100.0
39662,03-01-13,MUMBAI,2100.0
39663,03-01-13,NAGPUR,2100.0
39717,04-01-13,MUMBAI,2100.0
39718,04-01-13,NAGPUR,2100.0
39772,07-01-13,MUMBAI,2100.0
39773,07-01-13,NAGPUR,2200.0
39827,08-01-13,MUMBAI,2100.0
39828,08-01-13,NAGPUR,2200.0
39882,09-01-13,MUMBAI,2100.0
39883,09-01-13,NAGPUR,2200.0
39937,10-01-13,MUMBAI,2100.0
39938,10-01-13,NAGPUR,2200.0
39992,11-01-13,MUMBAI,2100.0
39993,11-01-13,NAGPUR,2200.0
40047,14-01-13,MUMBAI,2100.0
40048,14-01-13,NAGPUR,2200.0
40102,15-01-13,MUMBAI,2100.0
40103,15-01-13,NAGPUR,2200.0
40157,16-01-13,MUMBAI,2100.0
40158,16-01-13,NAGPUR,2200.0
40212,17-01-13,MUMBAI,2100.0
40213,17-01-13,NAGPUR,2200.0
40267,18-01-13,MUMBAI,2100.0
40268,18-01-13,NAGPUR,2200.0
40322,21-01-13,MUMBAI,2100.0
40323,21-01-13,NAGPUR,2300.0
40377,22-01-13,MUMBAI,2100.0
40378,22-01-13,NAGPUR,2300.0
40432,23-01-13,MUMBAI,2100.0
40433,23-01-13,NAGPUR,2300.0
40487,24-01-13,MUMBAI,2100.0
40488,24-01-13,NAGPUR,2300.0
40542,28-01-13,MUMBAI,2100.0
40543,28-01-13,NAGPUR,2300.0
40597,30-01-13,MUMBAI,2100.0
40598,30-01-13,NAGPUR,2300.0
40652,31-01-13,MUMBAI,2100.0
40653,31-01-13,NAGPUR,2300.0
40707,01-02-13,MUMBAI,2100.0
40708,01-02-13,NAGPUR,2300.0
40762,04-02-13,MUMBAI,2100.0
40763,04-02-13,NAGPUR,2300.0
40817,05-02-13,MUMBAI,2100.0
40818,05-02-13,NAGPUR,2300.0
40872,06-02-13,MUMBAI,2125.0
40873,06-02-13,NAGPUR,2300.0
40927,07-02-13,MUMBAI,2125.0
40928,07-02-13,NAGPUR,2300.0
40982,08-02-13,MUMBAI,2125.0
40983,08-02-13,NAGPUR,2300.0
41037,11-02-13,MUMBAI,2125.0
41038,11-02-13,NAGPUR,2300.0
41092,12-02-13,MUMBAI,2125.0
41093,12-02-13,NAGPUR,2300.0
41147,13-02-13,MUMBAI,2125.0
41148,13-02-13,NAGPUR,2300.0
41202,14-02-13,MUMBAI,2125.0
41203,14-02-13,NAGPUR,2300.0
41257,15-02-13,MUMBAI,2125.0
41258,15-02-13,NAGPUR,2300.0
41312,18-02-13,MUMBAI,2125.0
41313,18-02-13,NAGPUR,2300.0
41367,19-02-13,MUMBAI,
41368,19-02-13,NAGPUR,
41422,20-02-13,MUMBAI,2125.0
41423,20-02-13,NAGPUR,2300.0
41477,21-02-13,MUMBAI,2125.0
41478,21-02-13,NAGPUR,2300.0
41532,22-02-13,MUMBAI,2125.0
41533,22-02-13,NAGPUR,2300.0
41587,25-02-13,MUMBAI,2125.0
41588,25-02-13,NAGPUR,2300.0
41642,26-02-13,MUMBAI,2125.0
41643,26-02-13,NAGPUR,2300.0
41697,27-02-13,MUMBAI,2125.0
41698,27-02-13,NAGPUR,2300.0
41752,28-02-13,MUMBAI,2125.0
41753,28-02-13,NAGPUR,2300.0
41807,01-03-13,MUMBAI,2125.0
41808,01-03-13,NAGPUR,2300.0
41862,04-03-13,MUMBAI,2125.0
41863,04-03-13,NAGPUR,2300.0
41917,05-03-13,MUMBAI,2125.0
41918,05-03-13,NAGPUR,2300.0
41972,06-03-13,MUMBAI,2125.0
41973,06-03-13,NAGPUR,2300.0
42027,07-03-13,MUMBAI,2125.0
42028,07-03-13,NAGPUR,2300.0
42082,08-03-13,MUMBAI,2125.0
42083,08-03-13,NAGPUR,2300.0
42139,11-03-13,MUMBAI,2125.0
42140,11-03-13,NAGPUR,2300.0
42196,12-03-13,MUMBAI,2125.0
42197,12-03-13,NAGPUR,2300.0
42253,13-03-13,MUMBAI,2125.0
42254,13-03-13,NAGPUR,2300.0
42310,14-03-13,MUMBAI,2125.0
42311,14-03-13,NAGPUR,2300.0
42367,15-03-13,MUMBAI,2125.0
42368,15-03-13,NAGPUR,2300.0
42424,18-03-13,MUMBAI,2125.0
42425,18-03-13,NAGPUR,2300.0
42481,19-03-13,MUMBAI,2125.0
42482,19-03-13,NAGPUR,2300.0
42538,20-03-13,MUMBAI,2125.0
42539,20-03-13,NAGPUR,2300.0
42595,21-03-13,MUMBAI,2125.0
42596,21-03-13,NAGPUR,2300.0
42652,22-03-13,MUMBAI,2125.0
42653,22-03-13,NAGPUR,2300.0
42709,25-03-13,MUMBAI,2125.0
42710,25-03-13,NAGPUR,2300.0
42766,26-03-13,MUMBAI,2125.0
42767,26-03-13,NAGPUR,2300.0
42823,28-03-13,MUMBAI,2125.0
42824,28-03-13,NAGPUR,2300.0
42880,01-04-13,MUMBAI,2125.0
42881,01-04-13,NAGPUR,2300.0
42937,02-04-13,MUMBAI,2125.0
42938,02-04-13,NAGPUR,2300.0
42994,03-04-13,MUMBAI,2125.0
42995,03-04-13,NAGPUR,2257.0
43051,04-04-13,MUMBAI,2125.0
43052,04-04-13,NAGPUR,2257.0
43108,05-04-13,MUMBAI,2125.0
43109,05-04-13,NAGPUR,2257.0
43165,08-04-13,MUMBAI,2125.0
43166,08-04-13,NAGPUR,2257.0
43222,09-04-13,MUMBAI,2125.0
43223,09-04-13,NAGPUR,2257.0
43279,10-04-13,MUMBAI,2125.0
43280,10-04-13,NAGPUR,2257.0
43336,11-04-13,MUMBAI,
43337,11-04-13,NAGPUR,
43393,12-04-13,MUMBAI,2125.0
43394,12-04-13,NAGPUR,2257.0
43450,15-04-13,MUMBAI,2125.0
43451,15-04-13,NAGPUR,2257.0
43507,16-04-13,MUMBAI,2125.0
43508,16-04-13,NAGPUR,2257.0
43564,17-04-13,MUMBAI,2125.0
43565,17-04-13,NAGPUR,2257.0
43621,18-04-13,MUMBAI,2175.0
43622,18-04-13,NAGPUR,2257.0
43678,22-04-13,MUMBAI,2175.0
43679,22-04-13,NAGPUR,2257.0
43735,23-04-13,MUMBAI,2175.0
43736,23-04-13,NAGPUR,2257.0
43792,25-04-13,MUMBAI,2175.0
43793,25-04-13,NAGPUR,2257.0
43849,26-04-13,MUMBAI,2175.0
43850,26-04-13,NAGPUR,2257.0
43906,29-04-13,MUMBAI,2175.0
43907,29-04-13,NAGPUR,2257.0
43963,30-04-13,MUMBAI,2175.0
43964,30-04-13,NAGPUR,2257.0
44020,01-05-13,MUMBAI,
44021,01-05-13,NAGPUR,
44077,02-05-13,MUMBAI,2175.0
44078,02-05-13,NAGPUR,2257.0
44134,03-05-13,MUMBAI,2175.0
44135,03-05-13,NAGPUR,2257.0
44191,06-05-13,MUMBAI,2175.0
44192,06-05-13,NAGPUR,2257.0
44248,07-05-13,MUMBAI,2175.0
44249,07-05-13,NAGPUR,2257.0
44305,08-05-13,MUMBAI,2175.0
44306,08-05-13,NAGPUR,2257.0
44362,09-05-13,MUMBAI,2175.0
44363,09-05-13,NAGPUR,2257.0
44419,10-05-13,MUMBAI,2175.0
44420,10-05-13,NAGPUR,2257.0
44476,13-05-13,MUMBAI,2175.0
44477,13-05-13,NAGPUR,2257.0
44533,14-05-13,MUMBAI,2175.0
44534,14-05-13,NAGPUR,2257.0
44590,15-05-13,MUMBAI,2175.0
44591,15-05-13,NAGPUR,2257.0
44647,16-05-13,MUMBAI,2175.0
44648,16-05-13,NAGPUR,2257.0
44704,17-05-13,MUMBAI,2175.0
44705,17-05-13,NAGPUR,2257.0
44761,20-05-13,MUMBAI,2250.0
44762,20-05-13,NAGPUR,2272.0
44818,21-05-13,MUMBAI,2250.0
44819,21-05-13,NAGPUR,2272.0
44875,22-05-13,MUMBAI,2250.0
44876,22-05-13,NAGPUR,2272.0
44932,23-05-13,MUMBAI,2250.0
44933,23-05-13,NAGPUR,2272.0
44989,24-05-13,MUMBAI,2250.0
44990,24-05-13,NAGPUR,2272.0
45046,27-05-13,MUMBAI,2250.0
45047,27-05-13,NAGPUR,2272.0
45103,28-05-13,MUMBAI,2250.0
45104,28-05-13,NAGPUR,2272.0
45160,29-05-13,MUMBAI,2250.0
45161,29-05-13,NAGPUR,2272.0
45217,30-05-13,MUMBAI,2250.0
45218,30-05-13,NAGPUR,2283.0
45274,31-05-13,MUMBAI,2250.0
45275,31-05-13,NAGPUR,2283.0
45331,03-06-13,MUMBAI,2250.0
45332,03-06-13,NAGPUR,2283.0
45388,04-06-13,MUMBAI,2250.0
45389,04-06-13,NAGPUR,2283.0
45445,05-06-13,MUMBAI,2250.0
45446,05-06-13,NAGPUR,2283.0
45502,06-06-13,MUMBAI,2250.0
45503,06-06-13,NAGPUR,2283.0
45559,07-06-13,MUMBAI,2250.0
45560,07-06-13,NAGPUR,2283.0
45616,10-06-13,MUMBAI,2250.0
45617,10-06-13,NAGPUR,2283.0
45673,11-06-13,MUMBAI,2250.0
45674,11-06-13,NAGPUR,2283.0
45730,12-06-13,MUMBAI,2250.0
45731,12-06-13,NAGPUR,2283.0
45787,13-06-13,MUMBAI,2250.0
45788,13-06-13,NAGPUR,2283.0
45844,14-06-13,MUMBAI,2250.0
45845,14-06-13,NAGPUR,2283.0
45901,17-06-13,MUMBAI,2450.0
45902,17-06-13,NAGPUR,2283.0
45958,18-06-13,MUMBAI,2450.0
45959,18-06-13,NAGPUR,2283.0
46015,19-06-13,MUMBAI,2450.0
46016,19-06-13,NAGPUR,2283.0
46072,20-06-13,MUMBAI,2450.0
46073,20-06-13,NAGPUR,2283.0
46129,21-06-13,MUMBAI,2450.0
46130,21-06-13,NAGPUR,2283.0
46186,24-06-13,MUMBAI,2450.0
46187,24-06-13,NAGPUR,2283.0
46243,25-06-13,MUMBAI,2450.0
46244,25-06-13,NAGPUR,2283.0
46300,26-06-13,MUMBAI,2450.0
46301,26-06-13,NAGPUR,2283.0
46357,27-06-13,MUMBAI,2450.0
46358,27-06-13,NAGPUR,2283.0
46414,28-06-13,MUMBAI,2450.0
46415,28-06-13,NAGPUR,2283.0
46471,01-07-13,MUMBAI,2450.0
46472,01-07-13,NAGPUR,2283.0
46528,02-07-13,MUMBAI,2450.0
46529,02-07-13,NAGPUR,2283.0
46585,03-07-13,MUMBAI,2450.0
46586,03-07-13,NAGPUR,2283.0
46642,04-07-13,MUMBAI,2450.0
46643,04-07-13,NAGPUR,2283.0
46699,05-07-13,MUMBAI,2450.0
46700,05-07-13,NAGPUR,2283.0
46756,08-07-13,MUMBAI,2450.0
46757,08-07-13,NAGPUR,2283.0
46813,09-07-13,MUMBAI,2450.0
46814,09-07-13,NAGPUR,2283.0
46870,10-07-13,MUMBAI,2450.0
46871,10-07-13,NAGPUR,2283.0
46927,11-07-13,MUMBAI,2450.0
46928,11-07-13,NAGPUR,2283.0
46984,12-07-13,MUMBAI,2450.0
46985,12-07-13,NAGPUR,2283.0
47041,15-07-13,MUMBAI,2450.0
47042,15-07-13,NAGPUR,2283.0
47098,16-07-13,MUMBAI,2450.0
47099,16-07-13,NAGPUR,2283.0
47155,17-07-13,MUMBAI,2450.0
47156,17-07-13,NAGPUR,2283.0
47212,18-07-13,MUMBAI,2450.0
47213,18-07-13,NAGPUR,2283.0
47269,19-07-13,MUMBAI,2450.0
47270,19-07-13,NAGPUR,2283.0
47326,22-07-13,MUMBAI,2450.0
47327,22-07-13,NAGPUR,2283.0
47383,23-07-13,MUMBAI,2450.0
47384,23-07-13,NAGPUR,2283.0
47440,24-07-13,MUMBAI,2450.0
47441,24-07-13,NAGPUR,2283.0
47497,25-07-13,MUMBAI,2450.0
47498,25-07-13,NAGPUR,2283.0
47554,26-07-13,MUMBAI,2450.0
47555,26-07-13,NAGPUR,2283.0
47611,29-07-13,MUMBAI,2450.0
47612,29-07-13,NAGPUR,2283.0
47668,30-07-13,MUMBAI,2450.0
47669,30-07-13,NAGPUR,2283.0
47725,31-07-13,MUMBAI,2450.0
47726,31-07-13,NAGPUR,2283.0
47782,01-08-13,MUMBAI,2450.0
47783,01-08-13,NAGPUR,2283.0
47839,02-08-13,MUMBAI,2450.0
47840,02-08-13,NAGPUR,2283.0
47896,05-08-13,MUMBAI,2450.0
47897,05-08-13,NAGPUR,2283.0
47953,06-08-13,MUMBAI,2250.0
47954,06-08-13,NAGPUR,2283.0
48010,07-08-13,MUMBAI,2250.0
48011,07-08-13,NAGPUR,2283.0
48067,08-08-13,MUMBAI,2250.0
48068,08-08-13,NAGPUR,2283.0
48124,12-08-13,MUMBAI,2250.0
48125,12-08-13,NAGPUR,2283.0
48181,13-08-13,MUMBAI,2300.0
48182,13-08-13,NAGPUR,2283.0
48238,14-08-13,MUMBAI,2300.0
48239,14-08-13,NAGPUR,2283.0
48295,16-08-13,MUMBAI,2300.0
48296,16-08-13,NAGPUR,2283.0
48352,19-08-13,MUMBAI,2300.0
48353,19-08-13,NAGPUR,2273.0
48409,20-08-13,MUMBAI,2300.0
48410,20-08-13,NAGPUR,2273.0
48466,21-08-13,MUMBAI,2300.0
48467,21-08-13,NAGPUR,2275.0
48523,22-08-13,MUMBAI,2300.0
48524,22-08-13,NAGPUR,2275.0
48580,23-08-13,MUMBAI,2300.0
48581,23-08-13,NAGPUR,2275.0
48637,26-08-13,MUMBAI,2300.0
48638,26-08-13,NAGPUR,2368.0
48694,27-08-13,MUMBAI,2300.0
48695,27-08-13,NAGPUR,2368.0
48751,29-08-13,MUMBAI,
48752,29-08-13,NAGPUR,
48808,30-08-13,MUMBAI,2300.0
48809,30-08-13,NAGPUR,2368.0
48865,02-09-13,MUMBAI,2300.0
48866,02-09-13,NAGPUR,2368.0
48922,03-09-13,MUMBAI,2300.0
48923,03-09-13,NAGPUR,2368.0
48979,04-09-13,MUMBAI,2300.0
48980,04-09-13,NAGPUR,2335.0
49036,05-09-13,MUMBAI,2300.0
49037,05-09-13,NAGPUR,2335.0
49093,06-09-13,MUMBAI,2300.0
49094,06-09-13,NAGPUR,2335.0
49150,09-09-13,MUMBAI,
49151,09-09-13,NAGPUR,
49207,10-09-13,MUMBAI,
49208,10-09-13,NAGPUR,
49264,11-09-13,MUMBAI,2300.0
49265,11-09-13,NAGPUR,2335.0
49321,12-09-13,MUMBAI,2300.0
49322,12-09-13,NAGPUR,2335.0
49378,13-09-13,MUMBAI,2300.0
49379,13-09-13,NAGPUR,2335.0
49435,16-09-13,MUMBAI,2300.0
49436,16-09-13,NAGPUR,2335.0
49492,17-09-13,MUMBAI,2300.0
49493,17-09-13,NAGPUR,2335.0
49549,18-09-13,MUMBAI,
49550,18-09-13,NAGPUR,
49606,19-09-13,MUMBAI,2300.0
49607,19-09-13,NAGPUR,2335.0
49663,20-09-13,MUMBAI,2300.0
49664,20-09-13,NAGPUR,2335.0
49720,23-09-13,MUMBAI,2300.0
49721,23-09-13,NAGPUR,2335.0
49777,24-09-13,MUMBAI,2300.0
49778,24-09-13,NAGPUR,2335.0
49834,25-09-13,MUMBAI,2300.0
49835,25-09-13,NAGPUR,2335.0
49891,26-09-13,MUMBAI,2300.0
49892,26-09-13,NAGPUR,2335.0
49948,27-09-13,MUMBAI,2300.0
49949,27-09-13,NAGPUR,2335.0
50005,30-09-13,MUMBAI,2300.0
50006,30-09-13,NAGPUR,2350.0
50062,01-10-13,MUMBAI,2300.0
50063,01-10-13,NAGPUR,2350.0
50119,03-10-13,MUMBAI,2300.0
50120,03-10-13,NAGPUR,2350.0
50176,04-10-13,MUMBAI,2300.0
50177,04-10-13,NAGPUR,2350.0
50233,07-10-13,MUMBAI,2300.0
50234,07-10-13,NAGPUR,2372.0
50290,08-10-13,MUMBAI,2300.0
50291,08-10-13,NAGPUR,2372.0
50347,09-10-13,MUMBAI,2300.0
50348,09-10-13,NAGPUR,2372.0
50404,10-10-13,MUMBAI,2300.0
50405,10-10-13,NAGPUR,2372.0
50461,11-10-13,MUMBAI,2300.0
50462,11-10-13,NAGPUR,2372.0
50518,14-10-13,MUMBAI,2200.0
50519,14-10-13,NAGPUR,2372.0
50575,15-10-13,MUMBAI,2200.0
50576,15-10-13,NAGPUR,2380.0
50632,17-10-13,MUMBAI,2200.0
50633,17-10-13,NAGPUR,2380.0
50689,18-10-13,MUMBAI,2200.0
50690,18-10-13,NAGPUR,2380.0
50746,21-10-13,MUMBAI,2200.0
50747,21-10-13,NAGPUR,2380.0
50803,22-10-13,MUMBAI,2200.0
50804,22-10-13,NAGPUR,2380.0
50860,23-10-13,MUMBAI,2200.0
50861,23-10-13,NAGPUR,2380.0
50917,24-10-13,MUMBAI,2200.0
50918,24-10-13,NAGPUR,2380.0
50974,25-10-13,MUMBAI,2200.0
50975,25-10-13,NAGPUR,2380.0
51031,28-10-13,MUMBAI,2200.0
51032,28-10-13,NAGPUR,2380.0
51088,29-10-13,MUMBAI,2200.0
51089,29-10-13,NAGPUR,2380.0
51145,30-10-13,MUMBAI,2200.0
51146,30-10-13,NAGPUR,2380.0
51202,31-10-13,MUMBAI,2200.0
51203,31-10-13,NAGPUR,2380.0
51259,01-11-13,MUMBAI,2200.0
51260,01-11-13,NAGPUR,2380.0
51316,04-11-13,MUMBAI,
51317,04-11-13,NAGPUR,
51373,05-11-13,MUMBAI,
51374,05-11-13,NAGPUR,
51430,06-11-13,MUMBAI,2200.0
51431,06-11-13,NAGPUR,2380.0
51487,07-11-13,MUMBAI,2200.0
51488,07-11-13,NAGPUR,2380.0
51544,08-11-13,MUMBAI,2200.0
51545,08-11-13,NAGPUR,2380.0
51601,11-11-13,MUMBAI,2200.0
51602,11-11-13,NAGPUR,2440.0
51658,12-11-13,MUMBAI,2200.0
51659,12-11-13,NAGPUR,2440.0
51715,13-11-13,MUMBAI,2200.0
51716,13-11-13,NAGPUR,2440.0
51772,14-11-13,MUMBAI,2200.0
51773,14-11-13,NAGPUR,2440.0
51829,18-11-13,MUMBAI,2200.0
51830,18-11-13,NAGPUR,2440.0
51886,19-11-13,MUMBAI,2200.0
51887,19-11-13,NAGPUR,2440.0
51943,20-11-13,MUMBAI,2200.0
51944,20-11-13,NAGPUR,2440.0
52000,21-11-13,MUMBAI,2200.0
52001,21-11-13,NAGPUR,2440.0
52057,22-11-13,MUMBAI,2200.0
52058,22-11-13,NAGPUR,2440.0
52114,25-11-13,MUMBAI,2200.0
52115,25-11-13,NAGPUR,2445.0
52171,26-11-13,MUMBAI,2200.0
52172,26-11-13,NAGPUR,2445.0
52228,27-11-13,MUMBAI,2200.0
52229,27-11-13,NAGPUR,2445.0
52285,28-11-13,MUMBAI,2200.0
52286,28-11-13,NAGPUR,2437.0
52342,29-11-13,MUMBAI,2200.0
52343,29-11-13,NAGPUR,2437.0
52399,02-12-13,MUMBAI,
52400,02-12-13,NAGPUR,
52456,03-12-13,MUMBAI,2200.0
52457,03-12-13,NAGPUR,2437.0
52513,05-12-13,MUMBAI,2350.0
52514,05-12-13,NAGPUR,
52570,06-12-13,MUMBAI,2350.0
52571,06-12-13,NAGPUR,2437.0
52627,09-12-13,MUMBAI,2350.0
52628,09-12-13,NAGPUR,2437.0
52684,10-12-13,MUMBAI,2350.0
52685,10-12-13,NAGPUR,2437.0
52741,11-12-13,MUMBAI,2350.0
52742,11-12-13,NAGPUR,2437.0
52798,12-12-13,MUMBAI,2350.0
52799,12-12-13,NAGPUR,2437.0
52855,13-12-13,MUMBAI,2350.0
52856,13-12-13,NAGPUR,2437.0
52912,16-12-13,MUMBAI,2350.0
52913,16-12-13,NAGPUR,2437.0
52969,17-12-13,MUMBAI,2350.0
52970,17-12-13,NAGPUR,2437.0
53026,18-12-13,MUMBAI,2350.0
53027,18-12-13,NAGPUR,2437.0
53083,19-12-13,MUMBAI,2350.0
53084,19-12-13,NAGPUR,2437.0
53140,20-12-13,MUMBAI,2350.0
53141,20-12-13,NAGPUR,2437.0
53197,23-12-13,MUMBAI,2350.0
53198,23-12-13,NAGPUR,2450.0
53254,24-12-13,MUMBAI,2350.0
53255,24-12-13,NAGPUR,2450.0
53311,26-12-13,MUMBAI,2350.0
53312,26-12-13,NAGPUR,2450.0
53368,27-12-13,MUMBAI,2350.0
53369,27-12-13,NAGPUR,2450.0
53425,30-12-13,MUMBAI,2350.0
53426,30-12-13,NAGPUR,2450.0
53482,31-12-13,MUMBAI,2350.0
53483,31-12-13,NAGPUR,2450.0
53539,01-01-14,MUMBAI,2350.0
53540,01-01-14,NAGPUR,2450.0
53596,02-01-14,MUMBAI,2350.0
53597,02-01-14,NAGPUR,2450.0
53653,03-01-14,MUMBAI,2350.0
53654,03-01-14,NAGPUR,2450.0
53710,06-01-14,MUMBAI,
53711,06-01-14,NAGPUR,
53767,07-01-14,MUMBAI,2300.0
53768,07-01-14,NAGPUR,2450.0
53824,08-01-14,MUMBAI,2350.0
53825,08-01-14,NAGPUR,2450.0
53881,09-01-14,MUMBAI,2350.0
53882,09-01-14,NAGPUR,2450.0
53938,10-01-14,MUMBAI,2350.0
53939,10-01-14,NAGPUR,2450.0
53995,13-01-14,MUMBAI,2350.0
53996,13-01-14,NAGPUR,2450.0
54052,15-01-14,MUMBAI,2350.0
54053,15-01-14,NAGPUR,2450.0
54109,16-01-14,MUMBAI,2350.0
54110,16-01-14,NAGPUR,2450.0
54166,17-01-14,MUMBAI,2350.0
54167,17-01-14,NAGPUR,2450.0
54223,20-01-14,MUMBAI,2350.0
54224,20-01-14,NAGPUR,2450.0
54280,21-01-14,MUMBAI,2350.0
54281,21-01-14,NAGPUR,2450.0
54337,22-01-14,MUMBAI,2350.0
54338,22-01-14,NAGPUR,2450.0
54394,23-01-14,MUMBAI,
54395,23-01-14,NAGPUR,2450.0
54451,24-01-14,MUMBAI,2350.0
54452,24-01-14,NAGPUR,2450.0
54508,27-01-14,MUMBAI,2350.0
54509,27-01-14,NAGPUR,2450.0
54565,28-01-14,MUMBAI,2350.0
54566,28-01-14,NAGPUR,2450.0
54622,30-01-14,MUMBAI,2350.0
54623,30-01-14,NAGPUR,2450.0
54679,31-01-14,MUMBAI,2350.0
54680,31-01-14,NAGPUR,2450.0
54736,03-02-14,MUMBAI,2350.0
54737,03-02-14,NAGPUR,2450.0
54793,04-02-14,MUMBAI,2350.0
54794,04-02-14,NAGPUR,2450.0
54850,05-02-14,MUMBAI,2350.0
54851,05-02-14,NAGPUR,2450.0
54907,06-02-14,MUMBAI,2350.0
54908,06-02-14,NAGPUR,2450.0
54964,07-02-14,MUMBAI,2350.0
54965,07-02-14,NAGPUR,2450.0
55021,10-02-14,MUMBAI,2350.0
55022,10-02-14,NAGPUR,2450.0
55078,11-02-14,MUMBAI,2350.0
55079,11-02-14,NAGPUR,2450.0
55135,12-02-14,MUMBAI,2350.0
55136,12-02-14,NAGPUR,2487.0
55192,13-02-14,MUMBAI,2350.0
55193,13-02-14,NAGPUR,2487.0
55249,14-02-14,MUMBAI,2475.0
55250,14-02-14,NAGPUR,2487.0
55306,17-02-14,MUMBAI,2475.0
55307,17-02-14,NAGPUR,2457.0
55363,18-02-14,MUMBAI,
55364,18-02-14,NAGPUR,2457.0
55420,19-02-14,MUMBAI,
55421,19-02-14,NAGPUR,
55477,20-02-14,MUMBAI,2475.0
55478,20-02-14,NAGPUR,2457.0
55534,21-02-14,MUMBAI,2475.0
55535,21-02-14,NAGPUR,2457.0
55591,24-02-14,MUMBAI,2475.0
55592,24-02-14,NAGPUR,2428.0
55648,25-02-14,MUMBAI,2475.0
55649,25-02-14,NAGPUR,2428.0
55705,26-02-14,MUMBAI,2475.0
55706,26-02-14,NAGPUR,2428.0
55762,27-02-14,MUMBAI,
55763,27-02-14,NAGPUR,
55819,28-02-14,MUMBAI,2475.0
55820,28-02-14,NAGPUR,2468.0
55876,03-03-14,MUMBAI,2475.0
55877,03-03-14,NAGPUR,2445.0
55933,04-03-14,MUMBAI,2475.0
55934,04-03-14,NAGPUR,2445.0
55990,05-03-14,MUMBAI,2475.0
55991,05-03-14,NAGPUR,2445.0
56047,06-03-14,MUMBAI,2350.0
56048,06-03-14,NAGPUR,2445.0
56104,07-03-14,MUMBAI,2350.0
56105,07-03-14,NAGPUR,2445.0
56161,10-03-14,MUMBAI,
56162,10-03-14,NAGPUR,
56218,11-03-14,MUMBAI,2350.0
56219,11-03-14,NAGPUR,2453.0
56275,12-03-14,MUMBAI,2350.0
56276,12-03-14,NAGPUR,2457.0
56332,13-03-14,MUMBAI,2350.0
56333,13-03-14,NAGPUR,2457.0
56389,14-03-14,MUMBAI,2350.0
56390,14-03-14,NAGPUR,2457.0
56446,18-03-14,MUMBAI,2350.0
56447,18-03-14,NAGPUR,2457.0
56503,19-03-14,MUMBAI,2350.0
56504,19-03-14,NAGPUR,2457.0
56560,20-03-14,MUMBAI,2350.0
56561,20-03-14,NAGPUR,2457.0
56617,21-03-14,MUMBAI,2350.0
56618,21-03-14,NAGPUR,2457.0
56674,24-03-14,MUMBAI,2350.0
56675,24-03-14,NAGPUR,2477.0
56731,25-03-14,MUMBAI,2350.0
56732,25-03-14,NAGPUR,2477.0
56788,26-03-14,MUMBAI,2350.0
56789,26-03-14,NAGPUR,2485.0
56847,27-03-14,MUMBAI,2350.0
56848,27-03-14,NAGPUR,2485.0
56904,28-03-14,MUMBAI,2350.0
56905,28-03-14,NAGPUR,2485.0
56961,31-03-14,MUMBAI,
56962,31-03-14,NAGPUR,
57018,01-04-14,MUMBAI,2350.0
57019,01-04-14,NAGPUR,
57075,02-04-14,MUMBAI,2350.0
57076,02-04-14,NAGPUR,2492.0
57134,03-04-14,MUMBAI,2350.0
57135,03-04-14,NAGPUR,2492.0
57193,04-04-14,MUMBAI,2350.0
57194,04-04-14,NAGPUR,2492.0
57252,07-04-14,MUMBAI,2350.0
57253,07-04-14,NAGPUR,2525.0
57311,09-04-14,MUMBAI,
57312,09-04-14,NAGPUR,2525.0
57370,11-04-14,MUMBAI,2350.0
57371,11-04-14,NAGPUR,2525.0
57429,15-04-14,MUMBAI,2350.0
57430,15-04-14,NAGPUR,2525.0
57488,16-04-14,MUMBAI,
57489,16-04-14,NAGPUR,
57547,17-04-14,MUMBAI,2350.0
57548,17-04-14,NAGPUR,2525.0
57606,21-04-14,MUMBAI,2350.0
57607,21-04-14,NAGPUR,2527.0
57665,22-04-14,MUMBAI,2350.0
57666,22-04-14,NAGPUR,2527.0
57724,23-04-14,MUMBAI,
57725,23-04-14,NAGPUR,2527.0
57783,24-04-14,MUMBAI,
57784,24-04-14,NAGPUR,
57842,25-04-14,MUMBAI,2350.0
57843,25-04-14,NAGPUR,
57901,28-04-14,MUMBAI,2350.0
57902,28-04-14,NAGPUR,
57960,29-04-14,MUMBAI,2350.0
57961,29-04-14,NAGPUR,2527.0
58019,30-04-14,MUMBAI,2350.0
58020,30-04-14,NAGPUR,2527.0
58078,01-05-14,MUMBAI,
58079,01-05-14,NAGPUR,
58137,02-05-14,MUMBAI,2350.0
58138,02-05-14,NAGPUR,
58196,05-05-14,MUMBAI,2350.0
58197,05-05-14,NAGPUR,
58255,06-05-14,MUMBAI,2350.0
58256,06-05-14,NAGPUR,
58314,07-05-14,MUMBAI,2350.0
58315,07-05-14,NAGPUR,
58373,08-05-14,MUMBAI,
58374,08-05-14,NAGPUR,
58432,09-05-14,MUMBAI,2350.0
58433,09-05-14,NAGPUR,2467.0
58491,12-05-14,MUMBAI,2350.0
58492,12-05-14,NAGPUR,
58550,13-05-14,MUMBAI,2350.0
58551,13-05-14,NAGPUR,2473.0
58609,15-05-14,MUMBAI,2350.0
58610,15-05-14,NAGPUR,2473.0
58668,16-05-14,MUMBAI,2350.0
58669,16-05-14,NAGPUR,2473.0
58727,19-05-14,MUMBAI,2350.0
58728,19-05-14,NAGPUR,2473.0
58786,20-05-14,MUMBAI,2350.0
58787,20-05-14,NAGPUR,2473.0
58845,21-05-14,MUMBAI,2350.0
58846,21-05-14,NAGPUR,2473.0
58904,22-05-14,MUMBAI,2350.0
58905,22-05-14,NAGPUR,2473.0
58963,23-05-14,MUMBAI,2350.0
58964,23-05-14,NAGPUR,2492.0
59022,26-05-14,MUMBAI,2350.0
59023,26-05-14,NAGPUR,2530.0
59081,27-05-14,MUMBAI,2350.0
59082,27-05-14,NAGPUR,2530.0
59140,28-05-14,MUMBAI,2350.0
59141,28-05-14,NAGPUR,2530.0
59199,29-05-14,MUMBAI,2350.0
59200,29-05-14,NAGPUR,2530.0
59258,30-05-14,MUMBAI,2350.0
59259,30-05-14,NAGPUR,2530.0
59317,02-06-14,MUMBAI,2350.0
59318,02-06-14,NAGPUR,2465.0
59376,03-06-14,MUMBAI,2350.0
59377,03-06-14,NAGPUR,2465.0
59435,04-06-14,MUMBAI,2350.0
59436,04-06-14,NAGPUR,2465.0
59494,05-06-14,MUMBAI,2350.0
59495,05-06-14,NAGPUR,2465.0
59553,06-06-14,MUMBAI,2350.0
59554,06-06-14,NAGPUR,2465.0
59612,09-06-14,MUMBAI,2350.0
59613,09-06-14,NAGPUR,2465.0
59671,10-06-14,MUMBAI,2350.0
59672,10-06-14,NAGPUR,2465.0
59730,11-06-14,MUMBAI,2350.0
59731,11-06-14,NAGPUR,2465.0
59789,12-06-14,MUMBAI,2350.0
59790,12-06-14,NAGPUR,2465.0
59848,13-06-14,MUMBAI,2350.0
59849,13-06-14,NAGPUR,2465.0
59907,16-06-14,MUMBAI,2350.0
59908,16-06-14,NAGPUR,2505.0
59966,17-06-14,MUMBAI,2350.0
59967,17-06-14,NAGPUR,2505.0
60025,18-06-14,MUMBAI,2350.0
60026,18-06-14,NAGPUR,2505.0
60084,19-06-14,MUMBAI,2350.0
60085,19-06-14,NAGPUR,2505.0
60143,20-06-14,MUMBAI,2350.0
60144,20-06-14,NAGPUR,2505.0
60202,23-06-14,MUMBAI,2350.0
60203,23-06-14,NAGPUR,2505.0
60261,24-06-14,MUMBAI,2350.0
60262,24-06-14,NAGPUR,2505.0
60320,25-06-14,MUMBAI,2350.0
60321,25-06-14,NAGPUR,2505.0
60379,26-06-14,MUMBAI,2350.0
60380,26-06-14,NAGPUR,2505.0
60438,27-06-14,MUMBAI,2350.0
60439,27-06-14,NAGPUR,2505.0
60497,30-06-14,MUMBAI,
60498,30-06-14,NAGPUR,
60556,01-07-14,MUMBAI,2350.0
60557,01-07-14,NAGPUR,2517.0
60615,02-07-14,MUMBAI,2350.0
60616,02-07-14,NAGPUR,2517.0
60674,03-07-14,MUMBAI,2350.0
60675,03-07-14,NAGPUR,2518.0
60733,04-07-14,MUMBAI,2400.0
60734,04-07-14,NAGPUR,2518.0
60792,07-07-14,MUMBAI,2400.0
60793,07-07-14,NAGPUR,2542.0
60851,08-07-14,MUMBAI,2400.0
60852,08-07-14,NAGPUR,2542.0
60910,09-07-14,MUMBAI,2400.0
60911,09-07-14,NAGPUR,2542.0
60969,10-07-14,MUMBAI,2400.0
60970,10-07-14,NAGPUR,2542.0
61028,11-07-14,MUMBAI,2400.0
61029,11-07-14,NAGPUR,2542.0
61087,14-07-14,MUMBAI,2400.0
61088,14-07-14,NAGPUR,2543.0
61146,15-07-14,MUMBAI,2300.0
61147,15-07-14,NAGPUR,2543.0
61205,16-07-14,MUMBAI,2300.0
61206,16-07-14,NAGPUR,2543.0
61264,17-07-14,MUMBAI,2300.0
61265,17-07-14,NAGPUR,2532.0
61323,18-07-14,MUMBAI,2300.0
61324,18-07-14,NAGPUR,2532.0
61382,21-07-14,MUMBAI,2300.0
61383,21-07-14,NAGPUR,2532.0
61441,22-07-14,MUMBAI,2300.0
61442,22-07-14,NAGPUR,2532.0
61500,23-07-14,MUMBAI,2300.0
61501,23-07-14,NAGPUR,2532.0
61559,24-07-14,MUMBAI,2300.0
61560,24-07-14,NAGPUR,2532.0
61618,25-07-14,MUMBAI,2300.0
61619,25-07-14,NAGPUR,2532.0
61677,28-07-14,MUMBAI,2300.0
61678,28-07-14,NAGPUR,2535.0
61736,30-07-14,MUMBAI,2300.0
61737,30-07-14,NAGPUR,2535.0
61795,31-07-14,MUMBAI,2300.0
61796,31-07-14,NAGPUR,2535.0
61854,01-08-14,MUMBAI,2300.0
61855,01-08-14,NAGPUR,2535.0
61913,04-08-14,MUMBAI,2300.0
61914,04-08-14,NAGPUR,2535.0
61972,05-08-14,MUMBAI,2300.0
61973,05-08-14,NAGPUR,2535.0
62031,06-08-14,MUMBAI,2300.0
62032,06-08-14,NAGPUR,2543.0
62090,07-08-14,MUMBAI,2300.0
62091,07-08-14,NAGPUR,2543.0
62149,08-08-14,MUMBAI,2300.0
62150,08-08-14,NAGPUR,2543.0
62208,11-08-14,MUMBAI,2300.0
62209,11-08-14,NAGPUR,2543.0
62267,12-08-14,MUMBAI,2300.0
62268,12-08-14,NAGPUR,2543.0
62326,13-08-14,MUMBAI,2300.0
62327,13-08-14,NAGPUR,2543.0
62385,14-08-14,MUMBAI,2300.0
62386,14-08-14,NAGPUR,2543.0
62446,19-08-14,MUMBAI,2300.0
62447,19-08-14,NAGPUR,2543.0
62509,20-08-14,MUMBAI,2300.0
62510,20-08-14,NAGPUR,2543.0
62572,21-08-14,MUMBAI,2300.0
62573,21-08-14,NAGPUR,2543.0
62635,22-08-14,MUMBAI,2300.0
62636,22-08-14,NAGPUR,2543.0
62698,25-08-14,MUMBAI,2300.0
62699,25-08-14,NAGPUR,2543.0
62761,26-08-14,MUMBAI,2370.0
62762,26-08-14,NAGPUR,
62824,27-08-14,MUMBAI,2300.0
62825,27-08-14,NAGPUR,2543.0
62887,28-08-14,MUMBAI,2300.0
62888,28-08-14,NAGPUR,2543.0
62950,29-08-14,MUMBAI,
62951,29-08-14,NAGPUR,
63013,01-09-14,MUMBAI,2300.0
63014,01-09-14,NAGPUR,
63076,02-09-14,MUMBAI,2300.0
63077,02-09-14,NAGPUR,2577.0
63139,03-09-14,MUMBAI,2300.0
63140,03-09-14,NAGPUR,2577.0
63202,04-09-14,MUMBAI,2300.0
63203,04-09-14,NAGPUR,2577.0
63265,05-09-14,MUMBAI,2300.0
63266,05-09-14,NAGPUR,2577.0
63328,08-09-14,MUMBAI,
63329,08-09-14,NAGPUR,
63391,09-09-14,MUMBAI,2300.0
63392,09-09-14,NAGPUR,
63454,10-09-14,MUMBAI,2300.0
63455,10-09-14,NAGPUR,2588.0
63517,11-09-14,MUMBAI,2400.0
63518,11-09-14,NAGPUR,2583.0
63580,12-09-14,MUMBAI,2400.0
63581,12-09-14,NAGPUR,2583.0
63643,15-09-14,MUMBAI,2400.0
63644,15-09-14,NAGPUR,2608.0
63706,16-09-14,MUMBAI,2400.0
63707,16-09-14,NAGPUR,2608.0
63769,17-09-14,MUMBAI,2400.0
63770,17-09-14,NAGPUR,2608.0
63832,18-09-14,MUMBAI,2400.0
63833,18-09-14,NAGPUR,2608.0
63895,19-09-14,MUMBAI,2350.0
63896,19-09-14,NAGPUR,2608.0
63958,22-09-14,MUMBAI,2350.0
63959,22-09-14,NAGPUR,2608.0
64021,23-09-14,MUMBAI,2350.0
64022,23-09-14,NAGPUR,2608.0
64084,24-09-14,MUMBAI,2350.0
64085,24-09-14,NAGPUR,2622.0
64147,25-09-14,MUMBAI,2350.0
64148,25-09-14,NAGPUR,2622.0
64210,26-09-14,MUMBAI,2350.0
64211,26-09-14,NAGPUR,2622.0
64273,29-09-14,MUMBAI,2350.0
64274,29-09-14,NAGPUR,2622.0
64336,30-09-14,MUMBAI,2350.0
64337,30-09-14,NAGPUR,2630.0
64399,07-10-14,MUMBAI,2350.0
64400,07-10-14,NAGPUR,2672.0
64462,08-10-14,MUMBAI,2350.0
64463,08-10-14,NAGPUR,2672.0
64525,09-10-14,MUMBAI,2350.0
64526,09-10-14,NAGPUR,2672.0
64588,10-10-14,MUMBAI,2350.0
64589,10-10-14,NAGPUR,2632.0
64651,13-10-14,MUMBAI,2350.0
64652,13-10-14,NAGPUR,2667.0
64714,14-10-14,MUMBAI,2350.0
64715,14-10-14,NAGPUR,2667.0
64777,15-10-14,MUMBAI,
64778,15-10-14,NAGPUR,
64840,16-10-14,MUMBAI,2350.0
64841,16-10-14,NAGPUR,2667.0
64903,17-10-14,MUMBAI,2350.0
64904,17-10-14,NAGPUR,2667.0
64966,20-10-14,MUMBAI,2350.0
64967,20-10-14,NAGPUR,2670.0
65029,21-10-14,MUMBAI,2350.0
65030,21-10-14,NAGPUR,2670.0
65092,22-10-14,MUMBAI,2350.0
65093,22-10-14,NAGPUR,2670.0
65155,24-10-14,MUMBAI,
65156,24-10-14,NAGPUR,
65218,27-10-14,MUMBAI,2350.0
65219,27-10-14,NAGPUR,2676.0
65281,28-10-14,MUMBAI,2350.0
65282,28-10-14,NAGPUR,2665.0
65344,29-10-14,MUMBAI,2350.0
65345,29-10-14,NAGPUR,2665.0
65407,31-10-14,MUMBAI,2350.0
65408,31-10-14,NAGPUR,2650.0
65470,03-11-14,MUMBAI,2350.0
65471,03-11-14,NAGPUR,2650.0
65533,05-11-14,MUMBAI,2350.0
65534,05-11-14,NAGPUR,2650.0
65596,07-11-14,MUMBAI,2300.0
65597,07-11-14,NAGPUR,2650.0
65659,10-11-14,MUMBAI,2300.0
65660,10-11-14,NAGPUR,2610.0
65722,11-11-14,MUMBAI,2300.0
65723,11-11-14,NAGPUR,2610.0
65785,12-11-14,MUMBAI,2300.0
65786,12-11-14,NAGPUR,2610.0
65848,13-11-14,MUMBAI,2300.0
65849,13-11-14,NAGPUR,2610.0
65911,14-11-14,MUMBAI,2300.0
65912,14-11-14,NAGPUR,2610.0
65974,17-11-14,MUMBAI,2300.0
65975,17-11-14,NAGPUR,2610.0
66037,18-11-14,MUMBAI,2300.0
66038,18-11-14,NAGPUR,2610.0
66100,19-11-14,MUMBAI,2300.0
66101,19-11-14,NAGPUR,2592.0
66163,20-11-14,MUMBAI,2300.0
66164,20-11-14,NAGPUR,2592.0
66227,21-11-14,MUMBAI,2300.0
66228,21-11-14,NAGPUR,2592.0
66291,24-11-14,MUMBAI,2300.0
66292,24-11-14,NAGPUR,2527.0
66355,25-11-14,MUMBAI,2350.0
66356,25-11-14,NAGPUR,2527.0
66419,26-11-14,MUMBAI,2300.0
66420,26-11-14,NAGPUR,2527.0
66483,27-11-14,MUMBAI,2300.0
66484,27-11-14,NAGPUR,2527.0
66547,28-11-14,MUMBAI,2300.0
66548,28-11-14,NAGPUR,2527.0
66611,01-12-14,MUMBAI,2300.0
66612,01-12-14,NAGPUR,2527.0
66675,02-12-14,MUMBAI,2300.0
66676,02-12-14,NAGPUR,2527.0
66739,03-12-14,MUMBAI,2300.0
66740,03-12-14,NAGPUR,2540.0
66803,04-12-14,MUMBAI,2300.0
66804,04-12-14,NAGPUR,2540.0
66867,05-12-14,MUMBAI,2300.0
66868,05-12-14,NAGPUR,2540.0
66931,08-12-14,MUMBAI,2300.0
66932,08-12-14,NAGPUR,2570.0
66995,09-12-14,MUMBAI,2300.0
66996,09-12-14,NAGPUR,2570.0
67059,10-12-14,MUMBAI,2300.0
67060,10-12-14,NAGPUR,2570.0
67123,11-12-14,MUMBAI,2300.0
67124,11-12-14,NAGPUR,2570.0
67187,12-12-14,MUMBAI,2300.0
67188,12-12-14,NAGPUR,2570.0
67251,15-12-14,MUMBAI,2300.0
67252,15-12-14,NAGPUR,2597.0
67315,16-12-14,MUMBAI,2300.0
67316,16-12-14,NAGPUR,2620.0
67379,17-12-14,MUMBAI,2300.0
67380,17-12-14,NAGPUR,2620.0
67443,18-12-14,MUMBAI,2300.0
67444,18-12-14,NAGPUR,2620.0
67507,19-12-14,MUMBAI,2300.0
67508,19-12-14,NAGPUR,
67571,22-12-14,MUMBAI,2300.0
67572,22-12-14,NAGPUR,2670.0
67635,23-12-14,MUMBAI,2300.0
67636,23-12-14,NAGPUR,2670.0
67699,24-12-14,MUMBAI,2300.0
67700,24-12-14,NAGPUR,2670.0
67763,26-12-14,MUMBAI,2300.0
67764,26-12-14,NAGPUR,2670.0
67827,29-12-14,MUMBAI,2300.0
67828,29-12-14,NAGPUR,
67891,30-12-14,MUMBAI,2300.0
67892,30-12-14,NAGPUR,2620.0
67955,31-12-14,MUMBAI,2300.0
67956,31-12-14,NAGPUR,2620.0
68019,01-01-15,MUMBAI,2300.0
68020,01-01-15,NAGPUR,2620.0
68083,02-01-15,MUMBAI,2300.0
68084,02-01-15,NAGPUR,2593.0
68147,05-01-15,MUMBAI,2300.0
68148,05-01-15,NAGPUR,2520.0
68211,06-01-15,MUMBAI,2300.0
68212,06-01-15,NAGPUR,2520.0
68275,07-01-15,MUMBAI,2300.0
68276,07-01-15,NAGPUR,2520.0
68339,08-01-15,MUMBAI,2300.0
68340,08-01-15,NAGPUR,2470.0
68403,09-01-15,MUMBAI,2300.0
68404,09-01-15,NAGPUR,2470.0
68467,12-01-15,MUMBAI,2250.0
68468,12-01-15,NAGPUR,
68531,13-01-15,MUMBAI,2250.0
68532,13-01-15,NAGPUR,2470.0
68595,14-01-15,MUMBAI,2250.0
68596,14-01-15,NAGPUR,2420.0
68659,15-01-15,MUMBAI,2250.0
68660,15-01-15,NAGPUR,2420.0
68726,16-01-15,MUMBAI,2250.0
68727,16-01-15,NAGPUR,2420.0
68793,19-01-15,MUMBAI,2250.0
68794,19-01-15,NAGPUR,2390.0
68860,20-01-15,MUMBAI,2250.0
68861,20-01-15,NAGPUR,2390.0
68927,21-01-15,MUMBAI,2250.0
68928,21-01-15,NAGPUR,2390.0
68994,22-01-15,MUMBAI,2250.0
68995,22-01-15,NAGPUR,
69061,23-01-15,MUMBAI,2200.0
69062,23-01-15,NAGPUR,
69128,27-01-15,MUMBAI,2200.0
69129,27-01-15,NAGPUR,
69195,28-01-15,MUMBAI,2200.0
69196,28-01-15,NAGPUR,
69262,30-01-15,MUMBAI,2200.0
69263,30-01-15,NAGPUR,2410.0
69329,02-02-15,MUMBAI,2200.0
69330,02-02-15,NAGPUR,2460.0
69396,03-02-15,MUMBAI,2200.0
69397,03-02-15,NAGPUR,2460.0
69463,04-02-15,MUMBAI,2200.0
69464,04-02-15,NAGPUR,
69530,05-02-15,MUMBAI,2200.0
69531,05-02-15,NAGPUR,
69598,06-02-15,MUMBAI,2200.0
69599,06-02-15,NAGPUR,
69666,09-02-15,MUMBAI,2200.0
69667,09-02-15,NAGPUR,
69734,10-02-15,MUMBAI,2200.0
69735,10-02-15,NAGPUR,2167.0
69802,11-02-15,MUMBAI,2200.0
69803,11-02-15,NAGPUR,2167.0
69870,12-02-15,MUMBAI,2200.0
69871,12-02-15,NAGPUR,2167.0
69938,13-02-15,MUMBAI,2200.0
69939,13-02-15,NAGPUR,2167.0
70006,16-02-15,MUMBAI,2200.0
70007,16-02-15,NAGPUR,2167.0
70074,17-02-15,MUMBAI,
70075,17-02-15,NAGPUR,
70142,18-02-15,MUMBAI,2200.0
70143,18-02-15,NAGPUR,2217.0
70210,19-02-15,MUMBAI,
70211,19-02-15,NAGPUR,
70278,20-02-15,MUMBAI,2200.0
70279,20-02-15,NAGPUR,2217.0
70346,23-02-15,MUMBAI,2250.0
70347,23-02-15,NAGPUR,2217.0
70414,24-02-15,MUMBAI,2250.0
70415,24-02-15,NAGPUR,2217.0
70482,25-02-15,MUMBAI,2250.0
70483,25-02-15,NAGPUR,2217.0
70550,26-02-15,MUMBAI,2250.0
70551,26-02-15,NAGPUR,2217.0
70618,27-02-15,MUMBAI,2250.0
70619,27-02-15,NAGPUR,2217.0
70686,02-03-15,MUMBAI,2250.0
70687,02-03-15,NAGPUR,2217.0
70754,03-03-15,MUMBAI,2250.0
70755,03-03-15,NAGPUR,2217.0
70822,04-03-15,MUMBAI,2250.0
70823,04-03-15,NAGPUR,2217.0
70890,05-03-15,MUMBAI,2250.0
70891,05-03-15,NAGPUR,2217.0
70958,09-03-15,MUMBAI,2250.0
70959,09-03-15,NAGPUR,2217.0
71026,10-03-15,MUMBAI,2250.0
71027,10-03-15,NAGPUR,2217.0
71094,11-03-15,MUMBAI,2250.0
71095,11-03-15,NAGPUR,2217.0
71162,12-03-15,MUMBAI,2250.0
71163,12-03-15,NAGPUR,2217.0
71230,13-03-15,MUMBAI,2250.0
71231,13-03-15,NAGPUR,2217.0
71298,16-03-15,MUMBAI,2250.0
71299,16-03-15,NAGPUR,2217.0
71366,17-03-15,MUMBAI,2250.0
71367,17-03-15,NAGPUR,2217.0
71435,18-03-15,MUMBAI,2250.0
71436,18-03-15,NAGPUR,2217.0
71504,19-03-15,MUMBAI,2250.0
71505,19-03-15,NAGPUR,2217.0
71573,20-03-15,MUMBAI,2250.0
71574,20-03-15,NAGPUR,2217.0
71642,23-03-15,MUMBAI,2250.0
71643,23-03-15,NAGPUR,2217.0
71711,24-03-15,MUMBAI,2250.0
71712,24-03-15,NAGPUR,2217.0
71780,25-03-15,MUMBAI,2250.0
71781,25-03-15,NAGPUR,2217.0
71851,26-03-15,MUMBAI,2250.0
71852,26-03-15,NAGPUR,2217.0
71922,27-03-15,MUMBAI,2250.0
71923,27-03-15,NAGPUR,2217.0
71992,30-03-15,MUMBAI,2250.0
71993,30-03-15,NAGPUR,2217.0
72063,31-03-15,MUMBAI,2250.0
72064,31-03-15,NAGPUR,2217.0
72134,01-04-15,MUMBAI,2250.0
72135,01-04-15,NAGPUR,2217.0
72205,06-04-15,MUMBAI,2250.0
72206,06-04-15,NAGPUR,2217.0
72276,07-04-15,MUMBAI,2250.0
72277,07-04-15,NAGPUR,2217.0
72347,08-04-15,MUMBAI,2250.0
72348,08-04-15,NAGPUR,2217.0
72418,09-04-15,MUMBAI,2250.0
72419,09-04-15,NAGPUR,2217.0
72489,10-04-15,MUMBAI,2250.0
72490,10-04-15,NAGPUR,2217.0
72560,13-04-15,MUMBAI,2250.0
72561,13-04-15,NAGPUR,2217.0
72631,15-04-15,MUMBAI,2250.0
72632,15-04-15,NAGPUR,2217.0
72702,16-04-15,MUMBAI,2250.0
72703,16-04-15,NAGPUR,2217.0
72773,17-04-15,MUMBAI,2250.0
72774,17-04-15,NAGPUR,2217.0
72844,20-04-15,MUMBAI,2250.0
72845,20-04-15,NAGPUR,2217.0
72915,21-04-15,MUMBAI,2250.0
72916,21-04-15,NAGPUR,2217.0
72986,22-04-15,MUMBAI,2250.0
72987,22-04-15,NAGPUR,2217.0
73057,23-04-15,MUMBAI,2250.0
73058,23-04-15,NAGPUR,2217.0
73128,24-04-15,MUMBAI,2250.0
73129,24-04-15,NAGPUR,2217.0
73199,27-04-15,MUMBAI,2250.0
73200,27-04-15,NAGPUR,2217.0
73270,28-04-15,MUMBAI,2250.0
73271,28-04-15,NAGPUR,2267.0
