Min Price (Rs./Quintal),Max Price (Rs./Quintal),Modal Price (Rs./Quintal),Price Date
3050,3050,3050,04 Mar 2024
4725,4725,4725,03 Mar 2024
4125,4125,4125,02 Mar 2024
4274,4274,4274,01 Mar 2024
4601,4601,4601,29 Feb 2024
4413,4413,4413,28 Feb 2024
4125,5250,4540,27 Feb 2024
6051,6051,6051,25 Feb 2024
4401,4401,4401,24 Feb 2024
4125,4125,4125,23 Feb 2024
3585,3585,3585,22 Feb 2024
3535,3535,3535,21 Feb 2024
3710,3710,3710,20 Feb 2024
4801,4801,4801,19 Feb 2024
3775,3775,3775,17 Feb 2024
4035,4035,4035,16 Feb 2024
4413,4413,4413,15 Feb 2024
4575,4575,4575,14 Feb 2024
4350,4350,4350,13 Feb 2024
4825,4825,4825,12 Feb 2024
3313,3313,3313,11 Feb 2024
3906,5701,4413,10 Feb 2024
3560,3560,3560,09 Feb 2024
4601,4601,4601,08 Feb 2024
3775,3775,3775,07 Feb 2024
3845,5250,4225,06 Feb 2024
4900,4900,4900,05 Feb 2024
4035,4035,4035,04 Feb 2024
4801,4801,4801,03 Feb 2024
4850,4850,4850,02 Feb 2024
4605,4605,4605,01 Feb 2024
3585,3585,3585,31 Jan 2024
4605,4605,4605,30 Jan 2024
4005,4005,4005,29 Jan 2024
5650,5650,5650,28 Jan 2024
5250,5250,5250,27 Jan 2024
4080,4080,4080,26 Jan 2024
4545,4545,4545,25 Jan 2024
4250,4250,4250,24 Jan 2024
4400,4400,4400,23 Jan 2024
3906,3906,3906,22 Jan 2024
3775,3775,3775,21 Jan 2024
4120,4120,4120,20 Jan 2024
4250,4250,4250,19 Jan 2024
4080,4080,4080,18 Jan 2024
3605,3605,3605,17 Jan 2024
4215,4215,4215,15 Jan 2024
3900,3900,3900,14 Jan 2024
4305,4305,4305,13 Jan 2024
4413,4413,4413,12 Jan 2024
4275,4275,4275,11 Jan 2024
4035,4035,4035,10 Jan 2024
4550,4550,4550,09 Jan 2024
5501,5501,5501,08 Jan 2024
5900,5900,5900,07 Jan 2024
3870,3870,3870,06 Jan 2024
3592,3592,3592,05 Jan 2024
3575,3575,3575,04 Jan 2024
3900,3900,3900,03 Jan 2024
4035,4035,4035,02 Jan 2024
4250,4250,4250,01 Jan 2024
3885,3885,3885,31 Dec 2023
4120,4120,4120,30 Dec 2023
4605,4605,4605,29 Dec 2023
4540,4540,4540,28 Dec 2023
4215,4215,4215,27 Dec 2023
4401,4401,4401,26 Dec 2023
3900,3900,3900,25 Dec 2023
4215,4215,4215,22 Dec 2023
3100,3100,3100,21 Dec 2023
4080,4080,4080,20 Dec 2023
4250,4250,4250,19 Dec 2023
3505,3505,3505,18 Dec 2023
4605,4605,4605,17 Dec 2023
4300,4300,4300,16 Dec 2023
5250,5250,5250,15 Dec 2023
4305,4305,4305,14 Dec 2023
4125,4125,4125,13 Dec 2023
4845,4845,4845,12 Dec 2023
5250,5250,5250,11 Dec 2023
3560,3560,3560,10 Dec 2023
3400,3400,3400,09 Dec 2023
3710,3710,3710,08 Dec 2023
4080,4080,4080,07 Dec 2023
4305,4305,4305,06 Dec 2023
3585,3585,3585,05 Dec 2023
3050,3050,3050,04 Dec 2023
6020,6020,6020,03 Dec 2023
3970,3970,3970,30 Nov 2023
4305,4305,4305,29 Nov 2023
4250,4250,4250,28 Nov 2023
4035,4035,4035,27 Nov 2023
4080,4080,4080,24 Nov 2023
4215,4215,4215,23 Nov 2023
4605,4605,4605,22 Nov 2023
3900,3900,3900,21 Nov 2023
3970,3970,3970,19 Nov 2023
3505,3505,3505,18 Nov 2023
4450,4450,4450,17 Nov 2023
4125,4125,4125,16 Nov 2023
4413,4413,4413,15 Nov 2023
3585,3585,3585,13 Nov 2023
5651,5651,5651,12 Nov 2023
3900,3900,3900,10 Nov 2023
4540,4540,4540,09 Nov 2023
3050,3050,3050,08 Nov 2023
4400,4400,4400,07 Nov 2023
4401,4401,4401,06 Nov 2023
4125,4125,4125,04 Nov 2023
5701,5701,5701,02 Nov 2023
3970,3970,3970,01 Nov 2023
4005,4005,4005,31 Oct 2023
4575,4575,4575,30 Oct 2023
4550,4550,4550,29 Oct 2023
5250,5250,5250,28 Oct 2023
3585,3585,3585,27 Oct 2023
4801,4801,4801,26 Oct 2023
3775,3775,3775,25 Oct 2023
5250,5250,5250,24 Oct 2023
5920,5920,5920,23 Oct 2023
4450,4450,4450,22 Oct 2023
3050,3050,3050,21 Oct 2023
4215,4215,4215,20 Oct 2023
4125,4125,4125,18 Oct 2023
3970,3970,3970,17 Oct 2023
4005,4005,4005,16 Oct 2023
3050,3050,3050,13 Oct 2023
4350,4350,4350,12 Oct 2023
4550,4550,4550,11 Oct 2023
4125,4125,4125,10 Oct 2023
4850,4850,4850,09 Oct 2023
5920,5920,5920,08 Oct 2023
4005,4005,4005,07 Oct 2023
4250,4250,4250,06 Oct 2023
3906,3906,3906,05 Oct 2023
4035,4035,4035,04 Oct 2023
6020,6020,6020,03 Oct 2023
5920,5920,5920,02 Oct 2023
3505,3505,3505,30 Sep 2023
4035,4035,4035,29 Sep 2023
4413,4413,4413,28 Sep 2023
4540,4540,4540,27 Sep 2023
3775,3775,3775,26 Sep 2023
3575,3575,3575,25 Sep 2023
6020,6020,6020,24 Sep 2023
5250,5250,5250,23 Sep 2023
4080,4080,4080,22 Sep 2023
3710,3710,3710,21 Sep 2023
5651,5651,5651,20 Sep 2023
5701,5701,5701,19 Sep 2023
3900,3900,3900,18 Sep 2023
5500,5500,5500,17 Sep 2023
4350,4350,4350,16 Sep 2023
4413,4413,4413,15 Sep 2023
4350,4350,4350,14 Sep 2023
6020,6020,6020,13 Sep 2023
4850,4850,4850,12 Sep 2023
4540,4540,4540,11 Sep 2023
5651,5651,5651,10 Sep 2023
5701,5701,5701,09 Sep 2023
3605,3605,3605,08 Sep 2023
4413,4413,4413,07 Sep 2023
4540,4540,4540,06 Sep 2023
4035,4035,4035,05 Sep 2023
4215,4215,4215,04 Sep 2023
4801,4801,4801,03 Sep 2023
4120,4120,4120,02 Sep 2023
4605,4605,4605,01 Sep 2023
4125,4125,4125,31 Aug 2023
4850,4850,4850,30 Aug 2023
3970,3970,3970,29 Aug 2023
4850,4850,4850,28 Aug 2023
5651,5651,5651,27 Aug 2023
4605,4605,4605,26 Aug 2023
5651,5651,5651,25 Aug 2023
4850,4850,4850,24 Aug 2023
4125,4125,4125,23 Aug 2023
3505,3505,3505,22 Aug 2023
4400,4400,4400,21 Aug 2023
3700,3700,3700,20 Aug 2023
5200,5200,5200,19 Aug 2023
3401,3401,3401,18 Aug 2023
4250,4250,4250,17 Aug 2023
3870,3870,3870,16 Aug 2023
4400,4400,4400,15 Aug 2023
5250,5250,5250,14 Aug 2023
3075,3075,3075,13 Aug 2023
4545,4545,4545,12 Aug 2023
3400,3400,3400,11 Aug 2023
4605,4605,4605,10 Aug 2023
5500,5500,5500,09 Aug 2023
4413,4413,4413,08 Aug 2023
4400,4400,4400,07 Aug 2023
3900,3900,3900,06 Aug 2023
5701,5701,5701,05 Aug 2023
3845,3845,3845,04 Aug 2023
3770,3770,3770,03 Aug 2023
3585,3585,3585,02 Aug 2023
4540,4540,4540,01 Aug 2023
3710,3710,3710,31 Jul 2023
4550,4550,4550,30 Jul 2023
4112,4112,4112,29 Jul 2023
4305,4305,4305,28 Jul 2023
5651,5651,5651,27 Jul 2023
4801,4801,4801,26 Jul 2023
3035,3035,3035,25 Jul 2023
4080,4080,4080,24 Jul 2023
5650,5650,5650,23 Jul 2023
4540,4540,4540,22 Jul 2023
4413,4413,4413,21 Jul 2023
3401,3401,3401,20 Jul 2023
3906,3906,3906,19 Jul 2023
5250,5250,5250,18 Jul 2023
4215,4215,4215,17 Jul 2023
4305,4305,4305,16 Jul 2023
4460,4460,4460,15 Jul 2023
4080,4080,4080,14 Jul 2023
4460,4460,4460,13 Jul 2023
3710,3710,3710,12 Jul 2023
4215,4215,4215,11 Jul 2023
4540,4540,4540,10 Jul 2023
5701,5701,5701,09 Jul 2023
5250,5250,5250,08 Jul 2023
5650,5650,5650,07 Jul 2023
5701,5701,5701,06 Jul 2023
4120,4120,4120,05 Jul 2023
3900,3900,3900,04 Jul 2023
4850,4850,4850,02 Jul 2023
3845,3845,3845,01 Jul 2023
4850,4850,4850,30 Jun 2023
3900,3900,3900,29 Jun 2023
3505,3505,3505,28 Jun 2023
4413,4413,4413,27 Jun 2023
4275,4275,4275,26 Jun 2023
5500,5500,5500,25 Jun 2023
3775,3775,3775,24 Jun 2023
3575,3575,3575,23 Jun 2023
3905,3905,3905,22 Jun 2023
4850,4850,4850,21 Jun 2023
3900,3900,3900,20 Jun 2023
4120,4120,4120,19 Jun 2023
4801,4801,4801,18 Jun 2023
3710,3710,3710,17 Jun 2023
3505,3505,3505,16 Jun 2023
4400,4400,4400,15 Jun 2023
3401,3401,3401,14 Jun 2023
3225,3225,3225,13 Jun 2023
3585,3585,3585,12 Jun 2023
3775,3775,3775,11 Jun 2023
3605,3605,3605,10 Jun 2023
4305,4305,4305,09 Jun 2023
3906,3906,3906,08 Jun 2023
4080,4080,4080,07 Jun 2023
4900,4900,4900,06 Jun 2023
4035,4035,4035,05 Jun 2023
3401,3401,3401,04 Jun 2023
3575,3575,3575,03 Jun 2023
3585,3585,3585,02 Jun 2023
3505,3505,3505,01 Jun 2023
4075,4075,4075,31 May 2023
4413,4413,4413,30 May 2023
3575,3575,3575,29 May 2023
4801,4801,4801,28 May 2023
3505,3505,3505,27 May 2023
3750,3750,3750,26 May 2023
4439,4439,4439,25 May 2023
4450,4450,4450,24 May 2023
3906,3906,3906,23 May 2023
4575,4575,4575,22 May 2023
4450,4450,4450,21 May 2023
4413,4413,4413,20 May 2023
4801,4801,4801,19 May 2023
4605,4605,4605,18 May 2023
4295,4295,4295,17 May 2023
3585,3585,3585,16 May 2023
4075,4075,4075,15 May 2023
5500,5500,5500,14 May 2023
4825,4825,4825,13 May 2023
4450,4450,4450,12 May 2023
3585,3585,3585,11 May 2023
4550,4550,4550,10 May 2023
4605,4605,4605,09 May 2023
3375,3375,3375,08 May 2023
4080,4080,4080,07 May 2023
4305,4305,4305,06 May 2023
4850,4850,4850,05 May 2023
3575,3575,3575,04 May 2023
4075,4075,4075,03 May 2023
3775,3775,3775,02 May 2023
4439,4439,4439,01 May 2023
4350,4350,4350,30 Apr 2023
4275,4275,4275,29 Apr 2023
3605,3605,3605,28 Apr 2023
3585,3585,3585,27 Apr 2023
4305,4305,4305,26 Apr 2023
4575,4575,4575,25 Apr 2023
4850,4850,4850,24 Apr 2023
4900,4900,4900,23 Apr 2023
4080,4080,4080,22 Apr 2023
4450,4450,4450,21 Apr 2023
4550,4550,4550,20 Apr 2023
3906,3906,3906,19 Apr 2023
3401,3401,3401,18 Apr 2023
3605,3605,3605,16 Apr 2023
4825,4825,4825,15 Apr 2023
3710,3710,3710,14 Apr 2023
3401,3401,3401,13 Apr 2023
4801,4801,4801,12 Apr 2023
4035,4035,4035,11 Apr 2023
4080,4080,4080,10 Apr 2023
4575,4575,4575,09 Apr 2023
4605,4605,4605,08 Apr 2023
4801,4801,4801,07 Apr 2023
3775,3775,3775,06 Apr 2023
4295,4295,4295,05 Apr 2023
5275,5275,5275,04 Apr 2023
3355,3355,3355,03 Apr 2023
4035,4035,4035,02 Apr 2023
3710,3710,3710,01 Apr 2023
4800,4800,4800,31 Mar 2023
4275,4275,4275,30 Mar 2023
3605,3605,3605,29 Mar 2023
3505,3505,3505,28 Mar 2023
3710,3710,3710,27 Mar 2023
4605,4605,4605,26 Mar 2023
3906,3906,3906,25 Mar 2023
3770,3770,3770,24 Mar 2023
4801,4801,4801,23 Mar 2023
3906,3906,3906,22 Mar 2023
4035,4035,4035,21 Mar 2023
3710,3710,3710,20 Mar 2023
5275,5275,5275,19 Mar 2023
4605,4605,4605,18 Mar 2023
4295,4295,4295,17 Mar 2023
4400,4400,4400,16 Mar 2023
3605,3605,3605,15 Mar 2023
5075,5075,5075,14 Mar 2023
5151,5151,5151,13 Mar 2023
4825,4825,4825,12 Mar 2023
4545,4545,4545,11 Mar 2023
3775,3775,3775,10 Mar 2023
4401,4401,4401,09 Mar 2023
4080,4080,4080,08 Mar 2023
5900,5900,5900,06 Mar 2023
3505,3505,3505,05 Mar 2023
4851,4851,4851,04 Mar 2023
5201,5201,5201,03 Mar 2023
3770,3770,3770,02 Mar 2023
3560,3560,3560,01 Mar 2023
4035,4035,4035,28 Feb 2023
4545,4545,4545,27 Feb 2023
5900,5900,5900,25 Feb 2023
4400,4400,4400,24 Feb 2023
5900,5900,5900,23 Feb 2023
3560,3560,3560,22 Feb 2023
5201,5201,5201,21 Feb 2023
4250,4250,4250,20 Feb 2023
5275,5275,5275,19 Feb 2023
4401,4401,4401,18 Feb 2023
3505,3505,3505,17 Feb 2023
3708,3708,3708,16 Feb 2023
4851,4851,4851,15 Feb 2023
4600,4600,4600,14 Feb 2023
4274,4274,4274,13 Feb 2023
5500,5500,5500,12 Feb 2023
5501,5501,5501,10 Feb 2023
3585,3585,3585,09 Feb 2023
3505,3505,3505,08 Feb 2023
3906,3906,3906,07 Feb 2023
3775,3775,3775,06 Feb 2023
4305,4305,4305,05 Feb 2023
3401,3401,3401,04 Feb 2023
4035,4035,4035,03 Feb 2023
4080,4080,4080,02 Feb 2023
4545,4545,4545,01 Feb 2023
4080,4080,4080,31 Jan 2023
3505,3505,3505,30 Jan 2023
4801,4801,4801,29 Jan 2023
3401,3401,3401,28 Jan 2023
3906,3906,3906,27 Jan 2023
5501,5501,5501,26 Jan 2023
4600,4600,4600,25 Jan 2023
3585,3585,3585,24 Jan 2023
3560,3560,3560,23 Jan 2023
4295,4295,4295,22 Jan 2023
3642,3642,3642,21 Jan 2023
3775,3775,3775,20 Jan 2023
3585,3585,3585,17 Jan 2023
4575,4575,4575,12 Jan 2023
4825,4825,4825,11 Jan 2023
3585,3585,3585,06 Jan 2023
4295,4295,4295,04 Jan 2023
4305,4305,4305,03 Jan 2023
4035,4035,4035,02 Jan 2023
4275,4275,4275,01 Jan 2023
3605,3605,3605,31 Dec 2022
3775,3775,3775,30 Dec 2022
3906,3906,3906,29 Dec 2022
4300,4300,4300,28 Dec 2022
4575,4575,4575,26 Dec 2022
5001,5001,5001,25 Dec 2022
4725,4725,4725,24 Dec 2022
4300,4300,4300,23 Dec 2022
3700,3700,3700,21 Dec 2022
4035,4035,4035,20 Dec 2022
3960,3960,3960,19 Dec 2022
5500,5500,5500,18 Dec 2022
3605,3605,3605,17 Dec 2022
3585,3585,3585,16 Dec 2022
3810,3810,3810,15 Dec 2022
4295,4295,4295,14 Dec 2022
3592,3592,3592,13 Dec 2022
4274,4274,4274,12 Dec 2022
3300,3300,3300,11 Dec 2022
4305,4305,4305,10 Dec 2022
4035,4035,4035,09 Dec 2022
3585,3585,3585,08 Dec 2022
5851,5851,5851,06 Dec 2022
4575,4575,4575,01 Dec 2022
3560,3560,3560,30 Nov 2022
3960,3960,3960,29 Nov 2022
5001,5001,5001,28 Nov 2022
3300,3300,3300,27 Nov 2022
3500,3500,3500,26 Nov 2022
3810,3810,3810,22 Nov 2022
5201,5201,5201,21 Nov 2022
5101,5101,5101,20 Nov 2022
5500,5500,5500,19 Nov 2022
5075,5075,5075,18 Nov 2022
4601,4601,4601,17 Nov 2022
4300,4300,4300,16 Nov 2022
3708,3708,3708,11 Nov 2022
5101,5101,5101,10 Nov 2022
3425,3425,3425,09 Nov 2022
6201,6201,6201,08 Nov 2022
3401,3401,3401,07 Nov 2022
4250,4250,4250,06 Nov 2022
3708,3708,3708,05 Nov 2022
4801,4801,4801,04 Nov 2022
4975,4975,4975,03 Nov 2022
5500,5500,5500,02 Nov 2022
4274,4274,4274,01 Nov 2022
5500,5500,5500,31 Oct 2022
5900,5900,5900,30 Oct 2022
5051,5051,5051,29 Oct 2022
5101,5101,5101,28 Oct 2022
3500,3500,3500,27 Oct 2022
6100,6100,6100,26 Oct 2022
4825,4825,4825,25 Oct 2022
5300,5300,5300,23 Oct 2022
5500,5500,5500,22 Oct 2022
3810,3810,3810,21 Oct 2022
4439,4439,4439,20 Oct 2022
4295,4295,4295,19 Oct 2022
3810,3810,3810,18 Oct 2022
3960,3960,3960,17 Oct 2022
5851,5851,5851,16 Oct 2022
4975,4975,4975,15 Oct 2022
3560,3560,3560,14 Oct 2022
4825,4825,4825,13 Oct 2022
4274,4274,4274,12 Oct 2022
4800,4800,4800,11 Oct 2022
5500,5500,5500,10 Oct 2022
3810,3810,3810,09 Oct 2022
6100,6100,6100,08 Oct 2022
4851,4851,4851,07 Oct 2022
4300,4300,4300,06 Oct 2022
5201,5201,5201,05 Oct 2022
5001,5001,5001,04 Oct 2022
3737,3737,3737,01 Oct 2022
5151,5151,5151,30 Sep 2022
4575,4575,4575,29 Sep 2022
4851,4851,4851,28 Sep 2022
3300,3300,3300,23 Sep 2022
3810,3810,3810,20 Sep 2022
3708,3708,3708,17 Sep 2022
5300,5300,5300,16 Sep 2022
3560,3560,3560,15 Sep 2022
4274,4274,4274,13 Sep 2022
5300,5300,5300,08 Sep 2022
3500,3500,3500,07 Sep 2022
2775,2775,2775,06 Sep 2022
3960,3960,3960,05 Sep 2022
2975,2975,2975,04 Sep 2022
5851,5851,5851,03 Sep 2022
3810,3810,3810,02 Sep 2022
3960,3960,3960,30 Aug 2022
3810,3810,3810,29 Aug 2022
5801,5801,5801,28 Aug 2022
4901,4901,4901,27 Aug 2022
4439,4439,4439,26 Aug 2022
2975,2975,2975,25 Aug 2022
4400,4400,4400,24 Aug 2022
3425,3425,3425,23 Aug 2022
4825,4825,4825,22 Aug 2022
4439,4439,4439,21 Aug 2022
4851,4851,4851,20 Aug 2022
4901,4901,4901,19 Aug 2022
3560,3560,3560,18 Aug 2022
3642,3642,3642,17 Aug 2022
3592,3592,3592,16 Aug 2022
4225,4225,4225,15 Aug 2022
4439,4439,4439,14 Aug 2022
3150,3150,3150,13 Aug 2022
3400,3400,3400,12 Aug 2022
3560,3560,3560,11 Aug 2022
3960,3960,3960,10 Aug 2022
5501,5501,5501,09 Aug 2022
3851,3851,3851,08 Aug 2022
4439,4439,4439,07 Aug 2022
3185,3185,3185,06 Aug 2022
3425,3425,3425,05 Aug 2022
3401,3401,3401,04 Aug 2022
3535,3535,3535,03 Aug 2022
4275,4275,4275,02 Aug 2022
3035,3035,3035,01 Aug 2022
3710,3710,3710,31 Jul 2022
3535,3535,3535,30 Jul 2022
3640,3640,3640,29 Jul 2022
3560,3560,3560,28 Jul 2022
3960,3960,3960,27 Jul 2022
3401,3401,3401,26 Jul 2022
2975,2975,2975,25 Jul 2022
3201,3201,3201,23 Jul 2022
3100,3100,3100,22 Jul 2022
4300,4300,4300,21 Jul 2022
3425,3425,3425,20 Jul 2022
3288,3288,3288,19 Jul 2022
4851,4851,4851,18 Jul 2022
4801,4801,4801,17 Jul 2022
3592,3592,3592,16 Jul 2022
5901,5901,5901,15 Jul 2022
3905,3905,3905,14 Jul 2022
3710,3710,3710,13 Jul 2022
3200,3200,3200,12 Jul 2022
3201,3201,3201,11 Jul 2022
6201,6201,6201,10 Jul 2022
3700,3700,3700,09 Jul 2022
3100,3100,3100,08 Jul 2022
3400,3400,3400,07 Jul 2022
3425,3425,3425,06 Jul 2022
3560,3560,3560,05 Jul 2022
3592,3592,3592,04 Jul 2022
5900,5900,5900,03 Jul 2022
2975,2975,2975,01 Jul 2022
3870,3870,3870,30 Jun 2022
3535,3535,3535,29 Jun 2022
3200,3200,3200,28 Jun 2022
4801,4801,4801,26 Jun 2022
3401,3401,3401,25 Jun 2022
4300,4300,4300,24 Jun 2022
4601,4601,4601,23 Jun 2022
3560,3560,3560,22 Jun 2022
4401,4401,4401,21 Jun 2022
3185,3185,3185,20 Jun 2022
5501,5501,5501,19 Jun 2022
3200,3200,3200,18 Jun 2022
3592,3592,3592,17 Jun 2022
3100,3100,3100,15 Jun 2022
5501,5501,5501,14 Jun 2022
4350,4350,4350,13 Jun 2022
3642,3642,3642,12 Jun 2022
3600,3600,3600,11 Jun 2022
3500,3500,3500,10 Jun 2022
3700,3700,3700,09 Jun 2022
3100,3100,3100,08 Jun 2022
3185,3185,3185,07 Jun 2022
3400,3400,3400,04 Jun 2022
3200,3200,3200,03 Jun 2022
5900,5900,5900,02 Jun 2022
4225,4225,4225,01 Jun 2022
2970,2970,2970,31 May 2022
3851,3851,3851,30 May 2022
2992,2992,2992,29 May 2022
4300,4300,4300,28 May 2022
3520,3520,3520,27 May 2022
4875,4875,4875,26 May 2022
5201,5201,5201,25 May 2022
3313,3313,3313,24 May 2022
4850,4850,4850,23 May 2022
3288,3288,3288,22 May 2022
3592,3592,3592,21 May 2022
4300,4300,4300,20 May 2022
3065,3065,3065,19 May 2022
3185,3185,3185,18 May 2022
3288,3288,3288,17 May 2022
3770,3770,3770,16 May 2022
3640,3640,3640,15 May 2022
2985,2985,2985,14 May 2022
3065,3065,3065,11 May 2022
3640,3640,3640,10 May 2022
4851,4851,4851,09 May 2022
4851,4851,4851,08 May 2022
3750,3750,3750,07 May 2022
2925,2925,2925,06 May 2022
4295,4295,4295,05 May 2022
4439,4439,4439,04 May 2022
4275,4275,4275,03 May 2022
4400,4400,4400,02 May 2022
5201,5201,5201,01 May 2022
3313,3313,3313,30 Apr 2022
5151,5151,5151,29 Apr 2022
3401,3401,3401,28 Apr 2022
3288,3288,3288,27 Apr 2022
3100,3100,3100,26 Apr 2022
2775,2775,2775,25 Apr 2022
4300,4300,4300,24 Apr 2022
3401,3401,3401,23 Apr 2022
4800,4800,4800,22 Apr 2022
3288,3288,3288,21 Apr 2022
4295,4295,4295,20 Apr 2022
3560,3560,3560,19 Apr 2022
4275,4275,4275,18 Apr 2022
4225,4225,4225,17 Apr 2022
3288,3288,3288,16 Apr 2022
2985,2985,2985,15 Apr 2022
3770,3770,3770,14 Apr 2022
4300,4300,4300,13 Apr 2022
3401,3401,3401,12 Apr 2022
3642,3642,3642,11 Apr 2022
3592,3592,3592,10 Apr 2022
3905,3905,3905,09 Apr 2022
3600,3600,3600,08 Apr 2022
3160,3160,3160,07 Apr 2022
3355,3355,3355,06 Apr 2022
3560,3560,3560,05 Apr 2022
4275,4275,4275,04 Apr 2022
4600,4600,4600,03 Apr 2022
3905,3905,3905,02 Apr 2022
3520,3520,3520,01 Apr 2022
2858,2858,2858,31 Mar 2022
2900,2900,2900,30 Mar 2022
3710,3710,3710,29 Mar 2022
3750,3750,3750,28 Mar 2022
3017,3017,3017,27 Mar 2022
3592,3592,3592,26 Mar 2022
4275,4275,4275,25 Mar 2022
3905,3905,3905,24 Mar 2022
5201,5201,5201,23 Mar 2022
3160,3160,3160,22 Mar 2022
4295,4295,4295,21 Mar 2022
3710,3710,3710,20 Mar 2022
3401,3401,3401,19 Mar 2022
4300,4300,4300,17 Mar 2022
3642,3642,3642,16 Mar 2022
2900,2900,2900,15 Mar 2022
3870,3870,3870,14 Mar 2022
4439,4439,4439,13 Mar 2022
2885,2885,2885,12 Mar 2022
3870,3870,3870,11 Mar 2022
4275,4275,4275,10 Mar 2022
3355,3355,3355,09 Mar 2022
3201,3201,3201,08 Mar 2022
2885,2885,2885,07 Mar 2022
4900,4900,4900,06 Mar 2022
3500,3500,3500,05 Mar 2022
2975,2975,2975,04 Mar 2022
3288,3288,3288,03 Mar 2022
2985,2985,2985,02 Mar 2022
3770,3770,3770,01 Mar 2022
3035,3035,3035,28 Feb 2022
5500,5500,5500,27 Feb 2022
3642,3642,3642,26 Feb 2022
4225,4225,4225,25 Feb 2022
4400,4400,4400,24 Feb 2022
4439,4439,4439,23 Feb 2022
3100,3100,3100,22 Feb 2022
2900,2900,2900,21 Feb 2022
5201,5201,5201,20 Feb 2022
3560,3560,3560,19 Feb 2022
3350,3350,3350,18 Feb 2022
4439,4439,4439,17 Feb 2022
2933,2933,2933,16 Feb 2022
2975,2975,2975,15 Feb 2022
3500,3500,3500,14 Feb 2022
5151,5151,5151,13 Feb 2022
2900,2900,2900,12 Feb 2022
3870,3870,3870,11 Feb 2022
3185,3185,3185,10 Feb 2022
3737,3737,3737,09 Feb 2022
3017,3017,3017,08 Feb 2022
3060,3060,3060,07 Feb 2022
4800,4800,4800,06 Feb 2022
5901,5901,5901,05 Feb 2022
3201,3201,3201,04 Feb 2022
3305,3305,3305,03 Feb 2022
3905,3905,3905,02 Feb 2022
4225,4225,4225,01 Feb 2022
2933,2933,2933,31 Jan 2022
5500,5500,5500,30 Jan 2022
3185,3185,3185,28 Jan 2022
3535,3535,3535,27 Jan 2022
3100,3100,3100,26 Jan 2022
4600,4600,4600,25 Jan 2022
2725,2725,2725,24 Jan 2022
5500,5500,5500,23 Jan 2022
4850,4850,4850,22 Jan 2022
2900,2900,2900,21 Jan 2022
2858,2858,2858,20 Jan 2022
4600,4600,4600,19 Jan 2022
3851,3851,3851,18 Jan 2022
3017,3017,3017,17 Jan 2022
3642,3642,3642,16 Jan 2022
3035,3035,3035,15 Jan 2022
3675,3675,3675,14 Jan 2022
3313,3313,3313,12 Jan 2022
3737,3737,3737,11 Jan 2022
3305,3305,3305,10 Jan 2022
4901,4901,4901,09 Jan 2022
4250,4250,4250,08 Jan 2022
3201,3201,3201,07 Jan 2022
2885,2885,2885,05 Jan 2022
4350,4350,4350,04 Jan 2022
3642,3642,3642,03 Jan 2022
4401,4401,4401,02 Jan 2022
3185,3185,3185,01 Jan 2022
4401,4401,4401,31 Dec 2021
4439,4439,4439,30 Dec 2021
5900,5900,5900,29 Dec 2021
2725,2725,2725,28 Dec 2021
3750,3750,3750,27 Dec 2021
5275,5275,5275,26 Dec 2021
4225,4225,4225,25 Dec 2021
6051,6051,6051,24 Dec 2021
3185,3185,3185,23 Dec 2021
2975,2975,2975,22 Dec 2021
3185,3185,3185,21 Dec 2021
5151,5151,5151,20 Dec 2021
5500,5500,5500,19 Dec 2021
3305,3305,3305,18 Dec 2021
4250,4250,4250,17 Dec 2021
3560,3560,3560,16 Dec 2021
3592,3592,3592,15 Dec 2021
3185,3185,3185,14 Dec 2021
3160,3160,3160,13 Dec 2021
3642,3642,3642,12 Dec 2021
3100,3100,3100,11 Dec 2021
3675,3675,3675,10 Dec 2021
3185,3185,3185,09 Dec 2021
2975,2975,2975,08 Dec 2021
4350,4350,4350,07 Dec 2021
3288,3288,3288,06 Dec 2021
5201,5201,5201,05 Dec 2021
3185,3185,3185,04 Dec 2021
3905,3905,3905,03 Dec 2021
3017,3017,3017,02 Dec 2021
4295,4295,4295,01 Dec 2021
4225,4225,4225,30 Nov 2021
6051,6051,6051,29 Nov 2021
3775,3775,3775,28 Nov 2021
3870,3870,3870,27 Nov 2021
2885,2885,2885,26 Nov 2021
3185,3185,3185,25 Nov 2021
3560,3560,3560,24 Nov 2021
2955,2955,2955,23 Nov 2021
5151,5151,5151,22 Nov 2021
4600,4600,4600,21 Nov 2021
5901,5901,5901,20 Nov 2021
3401,3401,3401,19 Nov 2021
2933,2933,2933,18 Nov 2021
5201,5201,5201,17 Nov 2021
4225,4225,4225,16 Nov 2021
3035,3035,3035,15 Nov 2021
3642,3642,3642,14 Nov 2021
3201,3201,3201,13 Nov 2021
3313,3313,3313,12 Nov 2021
4800,4800,4800,11 Nov 2021
2755,2755,2755,10 Nov 2021
3520,3520,3520,09 Nov 2021
3355,3355,3355,08 Nov 2021
3520,3520,3520,07 Nov 2021
3905,3905,3905,03 Nov 2021
3060,3060,3060,02 Nov 2021
3400,3400,3400,01 Nov 2021
4401,4401,4401,31 Oct 2021
3800,3800,3800,30 Oct 2021
3100,3100,3100,29 Oct 2021
3560,3560,3560,28 Oct 2021
3801,3801,3801,27 Oct 2021
5901,5901,5901,26 Oct 2021
3060,3060,3060,25 Oct 2021
5201,5201,5201,24 Oct 2021
2933,2933,2933,23 Oct 2021
4225,4225,4225,22 Oct 2021
4439,4439,4439,21 Oct 2021
4825,4825,4825,20 Oct 2021
2933,2933,2933,19 Oct 2021
3737,3737,3737,18 Oct 2021
4600,4600,4600,17 Oct 2021
5201,5201,5201,16 Oct 2021
3535,3535,3535,15 Oct 2021
3560,3560,3560,14 Oct 2021
3592,3592,3592,13 Oct 2021
3581,3851,3851,12 Oct 2021
3035,3035,3035,11 Oct 2021
3710,3710,3710,09 Oct 2021
3550,3550,3550,08 Oct 2021
3300,3300,3300,07 Oct 2021
5275,5275,5275,06 Oct 2021
3313,3313,3313,05 Oct 2021
3642,3642,3642,04 Oct 2021
4225,4225,4225,02 Oct 2021
3870,3870,3870,01 Oct 2021
3851,3851,3851,30 Sep 2021
3288,3288,3288,29 Sep 2021
5151,5151,5151,28 Sep 2021
5900,5900,5900,26 Sep 2021
3201,3201,3201,25 Sep 2021
4225,4225,4225,24 Sep 2021
3100,3100,3100,23 Sep 2021
2933,2933,2933,22 Sep 2021
3017,3017,3017,21 Sep 2021
3592,3592,3592,20 Sep 2021
3642,3642,3642,18 Sep 2021
4400,4400,4400,17 Sep 2021
3775,3775,3775,16 Sep 2021
5151,5151,5151,15 Sep 2021
3288,3288,3288,14 Sep 2021
5201,5201,5201,13 Sep 2021
2755,2755,2755,09 Sep 2021
3710,3710,3710,08 Sep 2021
3642,3642,3642,07 Sep 2021
3355,3355,3355,06 Sep 2021
2992,2992,2992,05 Sep 2021
2590,2590,2590,04 Sep 2021
5151,5151,5151,03 Sep 2021
4350,4350,4350,02 Sep 2021
3710,3710,3710,01 Sep 2021
3600,3600,3600,31 Aug 2021
3560,3560,3560,30 Aug 2021
3592,3592,3592,28 Aug 2021
4350,4350,4350,27 Aug 2021
5201,5201,5201,26 Aug 2021
2755,2755,2755,25 Aug 2021
3400,3400,3400,24 Aug 2021
3305,3305,3305,23 Aug 2021
4275,4275,4275,22 Aug 2021
5900,5900,5900,21 Aug 2021
3060,3060,3060,20 Aug 2021
3642,3642,3642,19 Aug 2021
3592,3592,3592,18 Aug 2021
3201,3201,3201,17 Aug 2021
4225,4225,4225,16 Aug 2021
3035,3035,3035,14 Aug 2021
3592,3592,3592,13 Aug 2021
2933,2933,2933,12 Aug 2021
4295,4295,4295,11 Aug 2021
3535,3535,3535,10 Aug 2021
4900,4900,4900,09 Aug 2021
5275,5275,5275,07 Aug 2021
4851,4851,4851,06 Aug 2021
4825,4825,4825,04 Aug 2021
5275,5275,5275,03 Aug 2021
4225,4225,4225,02 Aug 2021
3160,3160,3160,31 Jul 2021
3288,3288,3288,30 Jul 2021
4275,4275,4275,29 Jul 2021
3710,3710,3710,28 Jul 2021
3400,3400,3400,27 Jul 2021
3201,3201,3201,26 Jul 2021
5275,5275,5275,24 Jul 2021
4439,4439,4439,23 Jul 2021
2900,2900,2900,22 Jul 2021
3313,3313,3313,21 Jul 2021
3851,3851,3851,20 Jul 2021
3355,3355,3355,19 Jul 2021
4250,4250,4250,17 Jul 2021
2923,2923,2923,16 Jul 2021
4901,4901,4901,15 Jul 2021
5900,5900,5900,14 Jul 2021
4275,4275,4275,13 Jul 2021
4600,4600,4600,12 Jul 2021
2933,2933,2933,10 Jul 2021
3035,3035,3035,09 Jul 2021
4850,4850,4850,08 Jul 2021
5500,5500,5500,07 Jul 2021
4900,4900,4900,06 Jul 2021
3851,3851,3851,05 Jul 2021
4400,4400,4400,03 Jul 2021
3560,3560,3560,02 Jul 2021
3288,3288,3288,30 Jun 2021
3313,3313,3313,29 Jun 2021
4439,4439,4439,28 Jun 2021
5500,5500,5500,26 Jun 2021
5275,5275,5275,25 Jun 2021
2860,2860,2860,24 Jun 2021
4901,4901,4901,23 Jun 2021
3851,3851,3851,22 Jun 2021
3642,3642,3642,21 Jun 2021
3775,3775,3775,19 Jun 2021
3035,3035,3035,18 Jun 2021
4825,4825,4825,17 Jun 2021
3160,3160,3160,16 Jun 2021
2992,2992,2992,15 Jun 2021
2933,2933,2933,14 Jun 2021
2858,2858,2858,12 Jun 2021
3642,3642,3642,11 Jun 2021
4350,4350,4350,10 Jun 2021
3400,3400,3400,09 Jun 2021
3560,3560,3560,08 Jun 2021
3017,3017,3017,07 Jun 2021
4900,4900,4900,05 Jun 2021
3288,3288,3288,04 Jun 2021
3313,3313,3313,03 Jun 2021
3201,3201,3201,02 Jun 2021
2970,2970,2970,01 Jun 2021
2858,2858,2858,31 May 2021
2725,2725,2725,28 May 2021
3592,3592,3592,27 May 2021
3905,3905,3905,26 May 2021
3560,3560,3560,25 May 2021
3520,3520,3520,24 May 2021
3355,3355,3355,21 May 2021
4275,4275,4275,20 May 2021
4250,4250,4250,19 May 2021
3905,3905,3905,17 May 2021
3750,3750,3750,15 May 2021
4275,4275,4275,14 May 2021
2858,2858,2858,13 May 2021
3201,3201,3201,12 May 2021
2975,2975,2975,11 May 2021
3592,3592,3592,10 May 2021
2975,2975,2975,07 May 2021
2450,2450,2450,06 May 2021
3100,3100,3100,05 May 2021
3060,3060,3060,04 May 2021
4350,4350,4350,03 May 2021
4439,4439,4439,30 Apr 2021
4439,4439,4439,29 Apr 2021
3560,3560,3560,28 Apr 2021
3642,3642,3642,27 Apr 2021
3305,3305,3305,26 Apr 2021
3400,3400,3400,23 Apr 2021
2923,2923,2923,22 Apr 2021
4400,4400,4400,20 Apr 2021
2992,2992,2992,19 Apr 2021
2600,2600,2600,16 Apr 2021
2858,2858,2858,15 Apr 2021
3355,3355,3355,14 Apr 2021
3520,3520,3520,13 Apr 2021
3201,3201,3201,12 Apr 2021
5500,5500,5500,09 Apr 2021
3870,3870,3870,08 Apr 2021
4225,4225,4225,07 Apr 2021
3305,3305,3305,06 Apr 2021
3560,3560,3560,05 Apr 2021
3642,3642,3642,03 Apr 2021
3851,3851,3851,02 Apr 2021
4825,4825,4825,01 Apr 2021
2858,2858,2858,31 Mar 2021
3737,3737,3737,30 Mar 2021
5900,5900,5900,28 Mar 2021
3201,3201,3201,27 Mar 2021
2923,2923,2923,26 Mar 2021
3100,3100,3100,25 Mar 2021
2600,2600,2600,24 Mar 2021
4600,4600,4600,23 Mar 2021
5500,5500,5500,22 Mar 2021
3520,3520,3520,21 Mar 2021
5900,5900,5900,14 Mar 2021
5500,5500,5500,13 Mar 2021
3035,3035,3035,12 Mar 2021
2900,2900,2900,11 Mar 2021
3100,3100,3100,10 Mar 2021
2725,2725,2725,09 Mar 2021
3100,3100,3100,08 Mar 2021
4825,4825,4825,07 Mar 2021
2500,2500,2500,06 Mar 2021
2858,2858,2858,05 Mar 2021
3737,3737,3737,04 Mar 2021
2900,2900,2900,03 Mar 2021
3851,3851,3851,02 Mar 2021
3305,3305,3305,01 Mar 2021
4401,4401,4401,28 Feb 2021
2933,2933,2933,27 Feb 2021
4350,4350,4350,26 Feb 2021
4225,4225,4225,25 Feb 2021
2860,2860,2860,24 Feb 2021
3170,3170,3170,23 Feb 2021
3035,3035,3035,22 Feb 2021
4875,4875,4875,21 Feb 2021
3710,3710,3710,20 Feb 2021
3060,3060,3060,19 Feb 2021
4439,4439,4439,18 Feb 2021
2992,2992,2992,17 Feb 2021
2870,2870,2870,16 Feb 2021
3035,3035,3035,15 Feb 2021
3560,3560,3560,14 Feb 2021
3642,3642,3642,13 Feb 2021
3355,3355,3355,12 Feb 2021
3592,3592,3592,11 Feb 2021
2992,2992,2992,10 Feb 2021
4350,4350,4350,09 Feb 2021
4225,4225,4225,03 Feb 2021
3201,3201,3201,02 Feb 2021
2800,2800,2800,01 Feb 2021
3560,3560,3560,31 Jan 2021
3101,3101,3101,29 Jan 2021
2933,2933,2933,28 Jan 2021
3600,3600,3600,27 Jan 2021
4851,4851,4851,26 Jan 2021
3160,3160,3160,25 Jan 2021
3035,3035,3035,24 Jan 2021
4225,4225,4225,23 Jan 2021
3101,3101,3101,22 Jan 2021
3060,3060,3060,21 Jan 2021
4401,4401,4401,20 Jan 2021
3642,3642,3642,19 Jan 2021
3905,3905,3905,18 Jan 2021
5275,5275,5275,17 Jan 2021
4350,4350,4350,16 Jan 2021
3870,3870,3870,15 Jan 2021
4875,4875,4875,14 Jan 2021
3400,3400,3400,13 Jan 2021
4050,4050,4050,01 Jan 2021
2950,3555,3050,31 Dec 2020
3520,3520,3520,30 Dec 2020
3560,3560,3560,29 Dec 2020
3017,3017,3017,28 Dec 2020
5275,5275,5275,27 Dec 2020
4400,4400,4400,26 Dec 2020
3035,3035,3035,25 Dec 2020
3500,3500,3500,24 Dec 2020
3355,3355,3355,23 Dec 2020
2992,2992,2992,22 Dec 2020
3401,3401,3401,21 Dec 2020
4275,4275,4275,20 Dec 2020
3592,3592,3592,19 Dec 2020
3625,3625,3625,18 Dec 2020
3535,3535,3535,17 Dec 2020
4225,4225,4225,16 Dec 2020
4350,4350,4350,15 Dec 2020
3201,3201,3201,14 Dec 2020
4439,4439,4439,13 Dec 2020
2923,2923,2923,12 Dec 2020
2901,2901,2901,11 Dec 2020
2725,2725,2725,10 Dec 2020
3675,3675,3675,09 Dec 2020
4401,4401,4401,08 Dec 2020
4250,4250,4250,07 Dec 2020
3060,3060,3060,06 Dec 2020
3355,3355,3355,05 Dec 2020
3160,3160,3160,04 Dec 2020
4400,4400,4400,03 Dec 2020
3501,3501,3501,02 Dec 2020
3520,3520,3520,01 Dec 2020
3520,3520,3520,30 Nov 2020
3017,3017,3017,28 Nov 2020
3400,3400,3400,27 Nov 2020
3035,3035,3035,26 Nov 2020
3355,3355,3355,25 Nov 2020
3675,3675,3675,24 Nov 2020
3035,3035,3035,23 Nov 2020
3535,3535,3535,21 Nov 2020
3201,3201,3201,20 Nov 2020
3060,3060,3060,19 Nov 2020
3355,3355,3355,18 Nov 2020
2755,2755,2755,16 Nov 2020
3400,3400,3400,14 Nov 2020
2800,2800,2800,13 Nov 2020
3642,3642,3642,12 Nov 2020
3592,3592,3592,11 Nov 2020
3017,3017,3017,10 Nov 2020
3035,3035,3035,09 Nov 2020
2933,2933,2933,08 Nov 2020
4825,4825,4825,07 Nov 2020
2900,2900,2900,06 Nov 2020
3060,3060,3060,05 Nov 2020
2860,2860,2860,04 Nov 2020
3150,3150,3150,03 Nov 2020
4225,4225,4225,02 Nov 2020
3750,3750,3750,31 Oct 2020
3035,3035,3035,30 Oct 2020
2970,2970,2970,29 Oct 2020
2860,2860,2860,28 Oct 2020
3500,3500,3500,27 Oct 2020
3710,3710,3710,26 Oct 2020
3355,3355,3355,12 Oct 2020
3670,3670,3670,11 Oct 2020
2860,2860,2860,10 Oct 2020
3101,3101,3101,08 Oct 2020
2933,2933,2933,07 Oct 2020
2923,2923,2923,06 Oct 2020
3017,3017,3017,04 Oct 2020
4439,4439,4439,02 Oct 2020
2755,2755,2755,01 Oct 2020
2992,2992,2992,30 Sep 2020
3520,3520,3520,29 Sep 2020
3160,3160,3160,28 Sep 2020
3905,3905,3905,27 Sep 2020
4439,4439,4439,26 Sep 2020
4800,4800,4800,25 Sep 2020
3035,3035,3035,24 Sep 2020
4350,4350,4350,23 Sep 2020
2865,2865,2865,22 Sep 2020
4250,4250,4250,21 Sep 2020
4825,4825,4825,20 Sep 2020
3000,3000,3000,19 Sep 2020
3201,3201,3201,18 Sep 2020
3520,3520,3520,17 Sep 2020
3355,3355,3355,16 Sep 2020
3000,3401,3050,15 Sep 2020
2755,3675,3560,14 Sep 2020
3520,3520,3520,13 Sep 2020
3592,3592,3592,12 Sep 2020
2755,2755,2755,11 Sep 2020
3870,3870,3870,10 Sep 2020
3017,3017,3017,09 Sep 2020
2970,2970,2970,08 Sep 2020
3355,3355,3355,05 Sep 2020
2992,2992,2992,04 Sep 2020
4295,4295,4295,02 Sep 2020
5275,5275,5275,17 Aug 2020
2755,2755,2755,15 Aug 2020
3592,3592,3592,14 Aug 2020
3535,3535,3535,13 Aug 2020
3905,3905,3905,12 Aug 2020
3355,3355,3355,11 Aug 2020
3201,3201,3201,10 Aug 2020
3000,3000,3000,09 Aug 2020
2923,2923,2923,08 Aug 2020
2992,2992,2992,07 Aug 2020
4275,4275,4275,06 Aug 2020
3870,3870,3870,04 Aug 2020
4295,4295,4295,03 Aug 2020
3017,3017,3017,02 Aug 2020
2860,2860,2860,01 Aug 2020
3160,3160,3160,31 Jul 2020
3710,3710,3710,30 Jul 2020
2525,2525,2525,29 Jul 2020
3017,3017,3017,28 Jul 2020
3520,3520,3520,27 Jul 2020
2992,2992,2992,25 Jul 2020
3201,3201,3201,24 Jul 2020
3017,3017,3017,23 Jul 2020
3905,3905,3905,21 Jul 2020
3592,3592,3592,20 Jul 2020
4400,4400,4400,19 Jul 2020
3160,3160,3160,18 Jul 2020
3035,3035,3035,17 Jul 2020
3750,3750,3750,16 Jul 2020
3500,3500,3500,15 Jul 2020
4500,4500,4500,14 Jul 2020
2970,2970,2970,13 Jul 2020
2992,2992,2992,12 Jul 2020
3642,3642,3642,11 Jul 2020
3870,3870,3870,10 Jul 2020
3201,3201,3201,08 Jul 2020
3060,3060,3060,07 Jul 2020
3592,3592,3592,06 Jul 2020
3642,3642,3642,05 Jul 2020
3520,3520,3520,03 Jul 2020
3592,3592,3592,02 Jul 2020
3500,3500,3500,01 Jul 2020
3050,3050,3050,30 Jun 2020
2590,2590,2590,29 Jun 2020
2860,2860,2860,28 Jun 2020
2923,2923,2923,27 Jun 2020
2535,2535,2535,26 Jun 2020
3905,3905,3905,25 Jun 2020
4201,4201,4201,24 Jun 2020
3390,3390,3390,23 Jun 2020
3575,3575,3575,22 Jun 2020
3400,3400,3400,21 Jun 2020
3560,3560,3560,20 Jun 2020
3545,3545,3545,19 Jun 2020
2850,2850,2850,18 Jun 2020
3750,4401,4400,17 Jun 2020
3560,3560,3560,16 Jun 2020
3060,3060,3060,15 Jun 2020
2535,2535,2535,14 Jun 2020
2923,2923,2923,13 Jun 2020
2960,2960,2960,12 Jun 2020
3050,3050,3050,11 Jun 2020
3650,3650,3650,10 Jun 2020
4201,4201,4201,09 Jun 2020
4175,4175,4175,08 Jun 2020
3390,3390,3390,07 Jun 2020
3905,3905,3905,06 Jun 2020
2860,2860,2860,05 Jun 2020
2900,2900,2900,04 Jun 2020
2750,2750,2750,03 Jun 2020
3500,3500,3500,02 Jun 2020
3355,3355,3355,01 Jun 2020
3545,3545,3545,31 May 2020
3500,3500,3500,30 May 2020
3390,3390,3390,29 May 2020
3160,3160,3160,28 May 2020
3400,3400,3400,27 May 2020
3150,3150,3150,26 May 2020
3050,3050,3050,23 May 2020
2850,2850,2850,22 May 2020
3655,3655,3655,21 May 2020
4000,4000,4000,19 May 2020
3150,3150,3150,18 May 2020
2900,2900,2900,16 May 2020
3210,3210,3210,15 May 2020
3400,3400,3400,14 May 2020
4050,4050,4050,13 May 2020
2695,2695,2695,10 May 2020
2590,2590,2590,09 May 2020
2900,2900,2900,08 May 2020
3160,3160,3160,07 May 2020
3545,3545,3545,06 May 2020
3160,3160,3160,04 May 2020
3390,3390,3390,21 Mar 2020
2890,2890,2890,20 Mar 2020
4275,4275,4275,19 Mar 2020
5051,5051,5051,18 Mar 2020
2190,2190,2190,17 Mar 2020
2590,2590,2590,16 Mar 2020
2900,2900,2900,15 Mar 2020
2890,2890,2890,14 Mar 2020
3501,4401,3555,13 Mar 2020
3545,3545,3545,12 Mar 2020
3665,3665,3665,11 Mar 2020
2850,2850,2850,10 Mar 2020
3055,3055,3055,09 Mar 2020
3000,3000,3000,08 Mar 2020
4200,4200,4200,07 Mar 2020
2870,2870,2870,06 Mar 2020
3650,3650,3650,05 Mar 2020
3390,3390,3390,04 Mar 2020
3450,3450,3450,03 Mar 2020
2900,2900,2900,02 Mar 2020
2295,2295,2295,01 Mar 2020
2960,2960,2960,29 Feb 2020
2900,2900,2900,28 Feb 2020
3450,3650,3590,27 Feb 2020
2960,2960,2960,25 Feb 2020
2890,2890,2890,24 Feb 2020
4175,4175,4175,23 Feb 2020
2180,2180,2180,22 Feb 2020
2190,3390,2590,21 Feb 2020
2865,2865,2865,20 Feb 2020
3065,3065,3065,19 Feb 2020
3555,3555,3555,18 Feb 2020
4050,4050,4050,17 Feb 2020
2180,2180,2180,16 Feb 2020
3100,3401,3155,15 Feb 2020
4175,5051,4275,10 Feb 2020
2675,2675,2675,09 Feb 2020
3745,3745,3745,08 Feb 2020
3555,3555,3555,07 Feb 2020
3445,3445,3445,06 Feb 2020
3700,3700,3700,05 Feb 2020
3450,3450,3450,04 Feb 2020
3600,3600,3600,03 Feb 2020
3555,3555,3555,02 Feb 2020
3600,3600,3600,01 Feb 2020
3750,3750,3750,31 Jan 2020
2950,2950,2950,30 Jan 2020
3201,3201,3201,29 Jan 2020
2900,2900,2900,28 Jan 2020
4201,4201,4201,27 Jan 2020
3400,3400,3400,26 Jan 2020
2850,2850,2850,25 Jan 2020
2600,2600,2600,24 Jan 2020
3450,3450,3450,23 Jan 2020
3555,3555,3555,22 Jan 2020
4400,4400,4400,21 Jan 2020
3100,3100,3100,20 Jan 2020
3650,3650,3650,19 Jan 2020
3450,3450,3450,18 Jan 2020
3010,3010,3010,17 Jan 2020
3800,3800,3800,16 Jan 2020
2601,2601,2601,15 Jan 2020
3775,3775,3775,14 Jan 2020
3600,3600,3600,13 Jan 2020
4375,4375,4375,12 Jan 2020
5010,5010,5010,11 Jan 2020
3175,3175,3175,10 Jan 2020
2850,2850,2850,09 Jan 2020
2295,2295,2295,08 Jan 2020
3095,3095,3095,07 Jan 2020
2960,3445,3320,06 Jan 2020
2895,2895,2895,05 Jan 2020
3650,3650,3650,04 Jan 2020
5000,5000,5000,03 Jan 2020
3400,3400,3400,02 Jan 2020
3265,3265,3265,01 Jan 2020
3400,3400,3400,31 Dec 2019
4450,5001,4600,30 Dec 2019
3050,3050,3050,29 Dec 2019
3555,3555,3555,28 Dec 2019
3455,5000,3800,27 Dec 2019
3100,4501,3125,26 Dec 2019
2850,3300,2870,25 Dec 2019
3475,3475,3475,24 Dec 2019
3150,3150,3150,23 Dec 2019
3270,3270,3270,21 Dec 2019
3500,3500,3500,20 Dec 2019
4150,4850,4400,19 Dec 2019
4150,5050,4900,18 Dec 2019
2850,4501,3350,17 Dec 2019
4400,4400,4400,16 Dec 2019
3001,3001,3001,15 Dec 2019
3400,3701,3425,14 Dec 2019
3000,3400,3200,13 Dec 2019
3350,3350,3350,12 Dec 2019
3900,3900,3900,11 Dec 2019
5001,5001,5001,10 Dec 2019
3201,3201,3201,09 Dec 2019
3700,3700,3700,08 Dec 2019
4050,4050,4050,07 Dec 2019
3455,3455,3455,06 Dec 2019
3300,3300,3300,05 Dec 2019
3500,3500,3500,04 Dec 2019
3755,3755,3755,03 Dec 2019
3450,3450,3450,02 Dec 2019
3700,3700,3700,01 Dec 2019
3501,3530,3525,30 Nov 2019
3475,3475,3475,29 Nov 2019
3200,3200,3200,28 Nov 2019
3000,3630,3055,27 Nov 2019
3251,3825,3275,26 Nov 2019
3725,3725,3725,25 Nov 2019
4401,4401,4401,24 Nov 2019
4075,4075,4075,23 Nov 2019
2850,3501,3201,22 Nov 2019
3001,3525,3150,21 Nov 2019
3670,3670,3670,20 Nov 2019
3430,3430,3430,19 Nov 2019
3100,3100,3100,18 Nov 2019
4535,4535,4535,17 Nov 2019
3425,3555,3465,16 Nov 2019
3355,3355,3355,14 Nov 2019
3565,3565,3565,13 Nov 2019
2955,4501,3625,12 Nov 2019
3575,3575,3575,11 Nov 2019
4075,4075,4075,10 Nov 2019
4401,4401,4401,09 Nov 2019
3200,3458,3401,08 Nov 2019
3575,3575,3575,07 Nov 2019
3100,3100,3100,02 Nov 2019
2930,2930,2930,01 Nov 2019
3550,3550,3550,31 Oct 2019
3155,3155,3155,30 Oct 2019
3065,3065,3065,29 Oct 2019
4235,4235,4235,25 Oct 2019
4035,4035,4035,24 Oct 2019
3555,3555,3555,22 Oct 2019
2910,2910,2910,21 Oct 2019
3250,3250,3250,20 Oct 2019
3050,3400,3125,19 Oct 2019
2900,3601,3375,18 Oct 2019
3725,3725,3725,17 Oct 2019
3075,3075,3075,16 Oct 2019
3435,3435,3435,15 Oct 2019
2975,2975,2975,14 Oct 2019
4575,4575,4575,13 Oct 2019
3065,3065,3065,12 Oct 2019
2975,2975,2975,11 Oct 2019
3175,3175,3175,10 Oct 2019
3200,3200,3200,09 Oct 2019
3401,3401,3401,08 Oct 2019
3432,3432,3432,07 Oct 2019
3250,3250,3250,06 Oct 2019
4025,4025,4025,05 Oct 2019
4055,4055,4055,04 Oct 2019
3501,3501,3501,03 Oct 2019
3350,3350,3350,02 Oct 2019
3100,3100,3100,01 Oct 2019
3601,3601,3601,29 Sep 2019
2850,4001,3810,28 Sep 2019
3001,3501,3050,27 Sep 2019
2900,2900,2900,26 Sep 2019
3201,3201,3201,25 Sep 2019
3000,3670,3401,24 Sep 2019
3575,3575,3575,23 Sep 2019
4050,4050,4050,22 Sep 2019
4201,4201,4201,21 Sep 2019
3300,3501,3401,20 Sep 2019
3401,3401,3401,19 Sep 2019
3025,3025,3025,18 Sep 2019
3301,3301,3301,17 Sep 2019
3201,3201,3201,16 Sep 2019
3000,3801,3475,14 Sep 2019
3475,3475,3475,13 Sep 2019
3100,3100,3100,12 Sep 2019
3501,3501,3501,11 Sep 2019
3000,3770,3050,10 Sep 2019
3755,3755,3755,09 Sep 2019
3050,3050,3050,07 Sep 2019
2970,2970,2970,06 Sep 2019
4150,4150,4150,04 Sep 2019
2900,2900,2900,31 Aug 2019
3050,3050,3050,30 Aug 2019
3100,3100,3100,29 Aug 2019
3055,3055,3055,28 Aug 2019
3201,3201,3201,27 Aug 2019
3151,3151,3151,26 Aug 2019
4401,4401,4401,25 Aug 2019
3450,3450,3450,24 Aug 2019
3051,3051,3051,23 Aug 2019
3630,3630,3630,22 Aug 2019
2850,2850,2850,21 Aug 2019
3872,3872,3872,20 Aug 2019
3500,3500,3500,19 Aug 2019
3600,3600,3600,17 Aug 2019
3750,3750,3750,16 Aug 2019
3650,3650,3650,13 Aug 2019
3555,3555,3555,12 Aug 2019
4450,4450,4450,11 Aug 2019
3251,3251,3251,10 Aug 2019
2900,2900,2900,08 Aug 2019
4201,4201,4201,07 Aug 2019
3670,3670,3670,06 Aug 2019
3401,3401,3401,05 Aug 2019
2850,2850,2850,04 Aug 2019
3500,3500,3500,02 Aug 2019
3201,3201,3201,01 Aug 2019
2935,2935,2935,30 Jul 2019
2950,2950,2950,29 Jul 2019
4401,4401,4401,28 Jul 2019
3050,3050,3050,26 Jul 2019
3550,3550,3550,25 Jul 2019
3155,3155,3155,24 Jul 2019
2950,2950,2950,23 Jul 2019
3301,3301,3301,22 Jul 2019
3570,3570,3570,21 Jul 2019
4201,4201,4201,20 Jul 2019
2950,2950,2950,19 Jul 2019
3550,3550,3550,18 Jul 2019
3601,3601,3601,17 Jul 2019
3401,3401,3401,16 Jul 2019
3375,3375,3375,15 Jul 2019
3375,3375,3375,14 Jul 2019
3425,3425,3425,13 Jul 2019
3325,3325,3325,12 Jul 2019
3350,3350,3350,11 Jul 2019
3810,3810,3810,10 Jul 2019
3350,3350,3350,09 Jul 2019
3765,3765,3765,08 Jul 2019
2975,2975,2975,07 Jul 2019
2960,2960,2960,06 Jul 2019
3050,3050,3050,05 Jul 2019
3565,3565,3565,04 Jul 2019
3555,3555,3555,03 Jul 2019
3050,3050,3050,02 Jul 2019
2901,2901,2901,01 Jul 2019
2700,2700,2700,30 Jun 2019
3135,3135,3135,29 Jun 2019
3601,3601,3601,28 Jun 2019
3975,3975,3975,27 Jun 2019
3555,3555,3555,26 Jun 2019
3301,3301,3301,25 Jun 2019
3200,3200,3200,24 Jun 2019
3235,3235,3235,23 Jun 2019
3225,3225,3225,22 Jun 2019
4000,4000,4000,21 Jun 2019
3401,3401,3401,20 Jun 2019
2965,3400,3055,19 Jun 2019
3365,3365,3365,18 Jun 2019
3075,3075,3075,17 Jun 2019
3465,3465,3465,16 Jun 2019
4401,4625,4501,15 Jun 2019
3575,4025,3675,14 Jun 2019
3650,3650,3650,13 Jun 2019
4200,4200,4200,12 Jun 2019
3101,3555,3370,11 Jun 2019
2950,3101,2970,10 Jun 2019
3900,3900,3900,09 Jun 2019
4550,4550,4550,08 Jun 2019
3000,4401,3501,07 Jun 2019
3501,3501,3501,06 Jun 2019
3300,3300,3300,04 Jun 2019
3175,3175,3175,03 Jun 2019
3525,3525,3525,02 Jun 2019
2900,2900,2900,01 Jun 2019
3375,3375,3375,31 May 2019
3200,3200,3200,30 May 2019
2950,3500,3100,29 May 2019
2965,2965,2965,28 May 2019
3100,3650,3555,27 May 2019
3400,3400,3400,26 May 2019
3551,3551,3551,25 May 2019
4050,4400,4201,24 May 2019
4100,4201,4135,23 May 2019
4900,4900,4900,22 May 2019
2955,3500,3125,21 May 2019
3900,4200,4050,20 May 2019
4201,4201,4201,19 May 2019
3650,3650,3650,18 May 2019
3155,3300,3165,14 May 2019
3200,3200,3200,13 May 2019
2900,2900,2900,11 May 2019
3600,3600,3600,10 May 2019
3950,3950,3950,09 May 2019
3301,3555,3375,08 May 2019
3555,3555,3555,07 May 2019
4225,4225,4225,06 May 2019
2950,2950,2950,05 May 2019
3401,3401,3401,04 May 2019
3150,4450,3730,03 May 2019
3501,3501,3501,02 May 2019
3375,3375,3375,01 May 2019
3300,3300,3300,30 Apr 2019
4400,4400,4400,27 Apr 2019
3400,3655,3650,26 Apr 2019
3400,3400,3400,25 Apr 2019
2990,3670,3400,24 Apr 2019
2900,3400,3100,23 Apr 2019
3765,4401,3865,22 Apr 2019
3755,3755,3755,21 Apr 2019
3035,3535,3135,20 Apr 2019
3201,3701,3501,19 Apr 2019
3127,3762,3201,18 Apr 2019
3575,3575,3575,17 Apr 2019
2155,3765,3355,16 Apr 2019
3055,3665,3355,15 Apr 2019
2155,2155,2155,14 Apr 2019
2850,3555,3100,13 Apr 2019
3451,3451,3451,12 Apr 2019
3000,4050,3675,11 Apr 2019
3301,3500,3351,10 Apr 2019
3200,3901,3650,09 Apr 2019
3051,4201,3555,08 Apr 2019
3301,3301,3301,06 Apr 2019
3550,3550,3550,05 Apr 2019
3201,3201,3201,04 Apr 2019
3000,3000,3000,03 Apr 2019
3501,3501,3501,02 Apr 2019
3050,3050,3050,01 Apr 2019
4201,4201,4201,31 Mar 2019
2900,3400,3050,30 Mar 2019
3250,4430,3775,29 Mar 2019
3555,3555,3555,28 Mar 2019
3300,4300,3775,27 Mar 2019
3600,4300,4050,26 Mar 2019
3000,4500,3300,25 Mar 2019
3501,3501,3501,24 Mar 2019
3401,3401,3401,23 Mar 2019
3051,3051,3051,22 Mar 2019
3401,3401,3401,21 Mar 2019
2325,3375,3050,20 Mar 2019
3375,3375,3375,19 Mar 2019
2325,3150,2900,18 Mar 2019
4100,4100,4100,17 Mar 2019
3050,4351,3350,16 Mar 2019
3301,3301,3301,15 Mar 2019
3300,3300,3300,14 Mar 2019
4301,4301,4301,13 Mar 2019
3400,3400,3400,12 Mar 2019
2900,4050,3200,11 Mar 2019
3630,3630,3630,10 Mar 2019
3601,4201,3650,09 Mar 2019
3955,3955,3955,08 Mar 2019
4035,4200,4045,07 Mar 2019
3750,4050,3775,06 Mar 2019
2901,2901,2901,05 Mar 2019
3200,3751,3501,04 Mar 2019
3525,3525,3525,03 Mar 2019
3438,3438,3438,02 Mar 2019
3050,4530,3250,01 Mar 2019
3140,3140,3140,27 Feb 2019
3750,4401,3955,26 Feb 2019
3015,4210,3775,25 Feb 2019
3450,3450,3450,24 Feb 2019
2950,2950,2950,23 Feb 2019
3638,3638,3638,22 Feb 2019
3555,3555,3555,21 Feb 2019
2955,2955,2955,20 Feb 2019
3555,3555,3555,19 Feb 2019
4151,4151,4151,18 Feb 2019
4035,4035,4035,17 Feb 2019
3235,4050,3638,16 Feb 2019
3750,3750,3750,15 Feb 2019
4201,4201,4201,14 Feb 2019
4225,4225,4225,13 Feb 2019
3130,3500,3301,12 Feb 2019
3200,3600,3555,11 Feb 2019
3600,3600,3600,10 Feb 2019
3450,3450,3450,09 Feb 2019
3210,3210,3210,08 Feb 2019
3550,3550,3550,07 Feb 2019
3050,3050,3050,06 Feb 2019
3550,3550,3550,05 Feb 2019
3630,3630,3630,04 Feb 2019
3450,3450,3450,02 Feb 2019
4501,4501,4501,01 Feb 2019
3301,3551,3401,31 Jan 2019
3301,3301,3301,30 Jan 2019
2950,2950,2950,29 Jan 2019
3435,3435,3435,28 Jan 2019
3901,3901,3901,25 Jan 2019
4031,4031,4031,24 Jan 2019
3651,3651,3651,21 Jan 2019
3638,3638,3638,19 Jan 2019
3401,3401,3401,18 Jan 2019
2950,2950,2950,15 Jan 2019
3551,3551,3551,14 Jan 2019
5065,5065,5065,13 Jan 2019
3201,3201,3201,11 Jan 2019
4050,4050,4050,10 Jan 2019
4251,4251,4251,09 Jan 2019
4201,4201,4201,08 Jan 2019
3851,3851,3851,01 Jan 2019
3551,3551,3551,31 Dec 2018
2950,2950,2950,30 Dec 2018
3401,3401,3401,29 Dec 2018
4301,4301,4301,16 Dec 2018
3200,3200,3200,15 Dec 2018
2950,2950,2950,14 Dec 2018
4055,4055,4055,13 Dec 2018
3451,3451,3451,12 Dec 2018
3050,3050,3050,11 Dec 2018
3145,3145,3145,10 Dec 2018
3301,3301,3301,09 Dec 2018
2960,2960,2960,08 Dec 2018
4201,4201,4201,07 Dec 2018
3870,3870,3870,06 Dec 2018
1990,3740,3010,05 Dec 2018
3740,3740,3740,04 Dec 2018
4251,4251,4251,03 Dec 2018
4401,4401,4401,02 Dec 2018
2850,2850,2850,01 Dec 2018
3530,3870,3750,30 Nov 2018
3851,3851,3851,29 Nov 2018
2847,3680,3280,28 Nov 2018
2737,2737,2737,19 Nov 2018
3880,3880,3880,17 Nov 2018
2797,2797,2797,16 Nov 2018
3180,3180,3180,15 Nov 2018
2880,2880,2880,14 Nov 2018
3125,3125,3125,12 Nov 2018
3851,3851,3851,11 Nov 2018
4050,4050,4050,10 Nov 2018
2960,2960,2960,07 Nov 2018
3650,3650,3650,05 Nov 2018
3301,3301,3301,04 Nov 2018
3250,3250,3250,03 Nov 2018
2950,2950,2950,02 Nov 2018
3401,4401,3750,01 Nov 2018
3500,3500,3500,30 Oct 2018
3401,3401,3401,29 Oct 2018
3350,3350,3350,28 Oct 2018
3851,3851,3851,27 Oct 2018
4201,4201,4201,26 Oct 2018
2900,2900,2900,24 Oct 2018
3401,3401,3401,23 Oct 2018
2901,5401,4350,22 Oct 2018
2944,2944,2944,21 Oct 2018
3100,3100,3100,20 Oct 2018
2995,2995,2995,19 Oct 2018
3450,3450,3450,17 Oct 2018
2901,3851,3775,16 Oct 2018
3301,3664,3450,15 Oct 2018
3341,3341,3341,14 Oct 2018
3001,3001,3001,13 Oct 2018
2800,2800,2800,12 Oct 2018
2900,2900,2900,11 Oct 2018
2315,2315,2315,10 Oct 2018
3050,3050,3050,09 Oct 2018
2955,2955,2955,08 Oct 2018
3251,3251,3251,07 Oct 2018
3301,3301,3301,06 Oct 2018
5000,5000,5000,05 Oct 2018
3014,3650,3301,04 Oct 2018
3664,3664,3664,03 Oct 2018
3001,3001,3001,01 Oct 2018
2850,2850,2850,30 Sep 2018
3670,3670,3670,29 Sep 2018
2995,2995,2995,28 Sep 2018
2950,2950,2950,27 Sep 2018
3630,3630,3630,26 Sep 2018
3101,4530,3960,25 Sep 2018
2845,2845,2845,24 Sep 2018
5151,5151,5151,23 Sep 2018
3301,3664,3450,22 Sep 2018
3014,3014,3014,21 Sep 2018
3067,3067,3067,20 Sep 2018
2852,3615,3045,19 Sep 2018
2855,2855,2855,18 Sep 2018
5200,5200,5200,17 Sep 2018
3450,3450,3450,16 Sep 2018
2964,3660,3014,15 Sep 2018
3401,3401,3401,14 Sep 2018
2755,2755,2755,12 Sep 2018
3550,3550,3550,11 Sep 2018
3301,3301,3301,10 Sep 2018
4901,4901,4901,09 Sep 2018
2995,4901,3050,08 Sep 2018
3735,4851,4701,07 Sep 2018
2811,2811,2811,06 Sep 2018
2750,2750,2750,05 Sep 2018
2852,4701,2855,04 Sep 2018
2852,2852,2852,03 Sep 2018
3615,3615,3615,31 Aug 2018
3045,3045,3045,30 Aug 2018
4975,4975,4975,28 Aug 2018
3301,3301,3301,27 Aug 2018
3650,3650,3650,25 Aug 2018
2782,2782,2782,24 Aug 2018
3300,3300,3300,23 Aug 2018
2975,2975,2975,22 Aug 2018
3501,3501,3501,21 Aug 2018
2850,2850,2850,20 Aug 2018
2995,2995,2995,19 Aug 2018
2501,3050,2950,18 Aug 2018
2901,2901,2901,17 Aug 2018
3735,3735,3735,16 Aug 2018
2035,3301,2935,15 Aug 2018
2935,2935,2935,14 Aug 2018
3500,4975,3750,13 Aug 2018
3301,3301,3301,11 Aug 2018
2840,2840,2840,10 Aug 2018
3401,3401,3401,08 Aug 2018
4975,4975,4975,07 Aug 2018
3301,3301,3301,06 Aug 2018
3500,3500,3500,04 Aug 2018
3750,3750,3750,03 Aug 2018
3300,3300,3300,31 Jul 2018
2855,2855,2855,30 Jul 2018
2865,2865,2865,29 Jul 2018
2395,2395,2395,28 Jul 2018
4975,4975,4975,27 Jul 2018
3500,3500,3500,26 Jul 2018
4800,4800,4800,25 Jul 2018
3750,3750,3750,24 Jul 2018
4900,4900,4900,23 Jul 2018
2370,4975,3500,21 Jul 2018
3301,3301,3301,20 Jul 2018
2650,2650,2650,19 Jul 2018
3450,4201,3650,18 Jul 2018
2035,3735,2935,17 Jul 2018
3230,3230,3230,16 Jul 2018
3550,3550,3550,13 Jul 2018
3301,3301,3301,12 Jul 2018
3050,3050,3050,11 Jul 2018
3401,3401,3401,10 Jul 2018
3400,3400,3400,06 Jul 2018
2410,2410,2410,05 Jul 2018
5001,5001,5001,04 Jul 2018
3701,3701,3701,03 Jul 2018
3300,3300,3300,02 Jul 2018
2975,2975,2975,30 Jun 2018
4201,4201,4201,29 Jun 2018
3250,3250,3250,28 Jun 2018
3301,4501,3401,27 Jun 2018
3000,4200,3350,26 Jun 2018
2950,2950,2950,25 Jun 2018
3050,3050,3050,22 Jun 2018
2875,2875,2875,21 Jun 2018
2950,2950,2950,20 Jun 2018
3775,3775,3775,19 Jun 2018
3501,3501,3501,18 Jun 2018
3301,4201,3751,15 Jun 2018
4050,4050,4050,14 Jun 2018
3930,3930,3930,13 Jun 2018
3045,3045,3045,12 Jun 2018
2995,3851,3775,09 Jun 2018
3630,4301,3750,08 Jun 2018
3001,3001,3001,07 Jun 2018
3450,3450,3450,06 Jun 2018
4201,4201,4201,05 Jun 2018
3050,3050,3050,04 Jun 2018
3450,5200,5000,02 Jun 2018
3014,3664,3300,01 Jun 2018
3630,4400,3750,31 May 2018
2950,4300,3350,30 May 2018
3075,3075,3075,29 May 2018
4201,4201,4201,25 May 2018
3450,3450,3450,24 May 2018
3450,5051,3664,23 May 2018
2964,5451,3014,22 May 2018
2850,2850,2850,21 May 2018
4001,4001,4001,19 May 2018
2949,5001,3901,18 May 2018
3151,5201,4201,17 May 2018
3740,3740,3740,16 May 2018
2878,4201,3301,15 May 2018
3220,3770,3570,14 May 2018
3300,3300,3300,11 May 2018
3100,3500,3200,10 May 2018
2900,2900,2900,09 May 2018
3400,3400,3400,08 May 2018
3650,4050,3750,07 May 2018
3351,3351,3351,05 May 2018
3290,4201,3970,04 May 2018
3350,3350,3350,03 May 2018
4400,4400,4400,02 May 2018
3351,3351,3351,27 Apr 2018
3000,4201,3750,26 Apr 2018
4250,4250,4250,25 Apr 2018
4551,4551,4551,24 Apr 2018
3890,3890,3890,23 Apr 2018
3100,3100,3100,21 Apr 2018
3250,3970,3350,20 Apr 2018
3351,4551,3860,19 Apr 2018
4551,4551,4551,18 Apr 2018
2880,3860,3175,17 Apr 2018
3650,3650,3650,16 Apr 2018
3101,4201,3301,13 Apr 2018
3075,3075,3075,12 Apr 2018
3350,3350,3350,11 Apr 2018
3135,3135,3135,10 Apr 2018
2880,4401,3135,09 Apr 2018
2496,2496,2496,07 Apr 2018
3351,3351,3351,06 Apr 2018
3250,3250,3250,05 Apr 2018
3300,3300,3300,04 Apr 2018
3293,3293,3293,03 Apr 2018
3250,3250,3250,02 Apr 2018
3050,4401,3650,31 Mar 2018
3000,3750,3061,28 Mar 2018
3301,3301,3301,27 Mar 2018
2850,3301,3050,26 Mar 2018
2175,4401,3351,23 Mar 2018
3075,5001,3970,22 Mar 2018
3350,3350,3350,21 Mar 2018
3151,4401,3650,20 Mar 2018
4201,4201,4201,19 Mar 2018
3075,4830,4551,17 Mar 2018
3351,3351,3351,16 Mar 2018
3050,4401,3350,15 Mar 2018
3860,3860,3860,14 Mar 2018
3175,3175,3175,13 Mar 2018
3101,3101,3101,12 Mar 2018
3890,3890,3890,09 Mar 2018
3075,3651,3175,08 Mar 2018
3151,3151,3151,07 Mar 2018
2880,2880,2880,06 Mar 2018
3650,3650,3650,05 Mar 2018
4551,4551,4551,03 Mar 2018
3135,3135,3135,01 Mar 2018
3151,3151,3151,28 Feb 2018
3101,3101,3101,27 Feb 2018
3175,3175,3175,26 Feb 2018
3050,3050,3050,23 Feb 2018
3651,3651,3651,22 Feb 2018
3145,3145,3145,21 Feb 2018
3075,4551,3151,20 Feb 2018
5401,5401,5401,17 Feb 2018
3151,3151,3151,16 Feb 2018
2880,5501,3850,15 Feb 2018
3350,4801,4551,14 Feb 2018
3075,4825,3151,12 Feb 2018
5401,5401,5401,10 Feb 2018
3225,3225,3225,09 Feb 2018
4825,4825,4825,08 Feb 2018
4235,4235,4235,07 Feb 2018
3351,3351,3351,06 Feb 2018
3175,4551,3350,05 Feb 2018
3100,4400,3400,03 Feb 2018
2900,4775,3000,02 Feb 2018
3101,3101,3101,01 Feb 2018
3070,3070,3070,31 Jan 2018
3101,3101,3101,29 Jan 2018
3050,3101,3075,25 Jan 2018
2200,3350,3151,24 Jan 2018
3075,3075,3075,23 Jan 2018
2250,4950,3050,22 Jan 2018
4651,5001,4951,20 Jan 2018
2571,2571,2571,17 Jan 2018
3350,5000,4900,16 Jan 2018
2200,2880,2855,15 Jan 2018
4851,4851,4851,12 Jan 2018
3151,3151,3151,11 Jan 2018
4200,4200,4200,10 Jan 2018
3900,3900,3900,09 Jan 2018
3060,3060,3060,06 Jan 2018
3100,3100,3100,05 Jan 2018
3650,3650,3650,02 Jan 2018
4201,4201,4201,01 Jan 2018
4400,4400,4400,30 Dec 2017
3001,3001,3001,29 Dec 2017
3120,4070,3180,28 Dec 2017
3145,3145,3145,27 Dec 2017
4201,4201,4201,23 Dec 2017
3050,4201,3970,22 Dec 2017
3200,3200,3200,21 Dec 2017
3101,3101,3101,20 Dec 2017
3400,5001,4301,19 Dec 2017
3100,4200,3400,18 Dec 2017
3000,4200,3870,16 Dec 2017
3270,3270,3270,15 Dec 2017
3060,4201,3200,14 Dec 2017
3060,3060,3060,13 Dec 2017
3060,5100,4500,12 Dec 2017
3060,3060,3060,11 Dec 2017
4500,4500,4500,08 Dec 2017
3200,5100,4500,07 Dec 2017
4201,4201,4201,06 Dec 2017
3870,3870,3870,05 Dec 2017
2170,2170,2170,04 Dec 2017
3175,3175,3175,02 Dec 2017
2105,3875,3175,30 Nov 2017
3270,3270,3270,28 Nov 2017
3000,3000,3000,27 Nov 2017
2900,2900,2900,24 Nov 2017
3050,3501,3150,23 Nov 2017
3101,4200,3150,22 Nov 2017
3101,3101,3101,21 Nov 2017
3150,3150,3150,20 Nov 2017
2901,3751,3270,18 Nov 2017
4200,4200,4200,17 Nov 2017
3000,3000,3000,16 Nov 2017
2950,2950,2950,15 Nov 2017
3270,3270,3270,14 Nov 2017
4400,4400,4400,13 Nov 2017
3251,4119,3901,10 Nov 2017
3701,3701,3701,09 Nov 2017
3251,3251,3251,08 Nov 2017
4201,4201,4201,07 Nov 2017
2660,2660,2660,03 Nov 2017
3190,3190,3190,02 Nov 2017
4200,4200,4200,01 Nov 2017
3340,3340,3340,31 Oct 2017
3451,3451,3451,30 Oct 2017
3200,3200,3200,27 Oct 2017
3340,3340,3340,26 Oct 2017
4950,4950,4950,25 Oct 2017
3325,3325,3325,24 Oct 2017
3400,4400,3415,23 Oct 2017
3285,3285,3285,22 Oct 2017
4400,4400,4400,21 Oct 2017
3415,3415,3415,20 Oct 2017
3451,3451,3451,18 Oct 2017
3190,3190,3190,17 Oct 2017
3101,3101,3101,16 Oct 2017
3300,3300,3300,15 Oct 2017
3340,3340,3340,13 Oct 2017
3451,3451,3451,12 Oct 2017
3100,3100,3100,10 Oct 2017
2260,3400,3190,09 Oct 2017
3400,3400,3400,08 Oct 2017
3390,3390,3390,07 Oct 2017
3270,3270,3270,06 Oct 2017
3267,3267,3267,05 Oct 2017
4200,4200,4200,04 Oct 2017
3285,3285,3285,01 Oct 2017
4901,4901,4901,30 Sep 2017
4951,4951,4951,29 Sep 2017
3100,4400,3550,28 Sep 2017
3270,3415,3290,27 Sep 2017
3340,3340,3340,26 Sep 2017
3415,3415,3415,25 Sep 2017
3100,3100,3100,21 Sep 2017
2500,3200,3100,20 Sep 2017
2660,3400,3285,19 Sep 2017
3400,3400,3400,18 Sep 2017
3285,3285,3285,17 Sep 2017
3190,3190,3190,16 Sep 2017
2500,2500,2500,15 Sep 2017
2100,2300,2200,13 Sep 2017
2500,3450,3050,12 Sep 2017
2061,5800,2251,11 Sep 2017
3251,3251,3251,10 Sep 2017
2003,2200,2102,09 Sep 2017
2250,4400,2900,08 Sep 2017
1600,3400,3100,07 Sep 2017
1600,3101,2875,06 Sep 2017
3100,3100,3100,05 Sep 2017
3300,3300,3300,30 Aug 2017
2160,3045,3025,24 Aug 2017
3345,4125,3475,23 Aug 2017
2165,2165,2165,22 Aug 2017
3000,3000,3000,21 Aug 2017
3150,3150,3150,19 Aug 2017
3190,3190,3190,18 Aug 2017
3350,3350,3350,17 Aug 2017
2800,2800,2800,16 Aug 2017
2800,2800,2800,15 Aug 2017
3345,3345,3345,14 Aug 2017
3050,3050,3050,13 Aug 2017
3200,3200,3200,12 Aug 2017
2980,4045,3345,09 Aug 2017
2100,4900,3950,08 Aug 2017
4701,4701,4701,07 Aug 2017
4675,4675,4675,06 Aug 2017
4675,4675,4675,05 Aug 2017
3650,3650,3650,04 Aug 2017
3300,3300,3300,02 Aug 2017
3192,3192,3192,31 Jul 2017
3476,3476,3476,30 Jul 2017
2070,2070,2070,28 Jul 2017
2325,3400,3190,27 Jul 2017
2751,2751,2751,25 Jul 2017
2500,2500,2500,24 Jul 2017
2136,3185,2326,22 Jul 2017
3100,3100,3100,21 Jul 2017
3140,3140,3140,19 Jul 2017
2100,2100,2100,18 Jul 2017
3200,3200,3200,17 Jul 2017
3400,3400,3400,16 Jul 2017
4551,4725,4675,15 Jul 2017
2050,2050,2050,14 Jul 2017
2156,2990,2356,13 Jul 2017
2050,2050,2050,11 Jul 2017
3121,3121,3121,10 Jul 2017
2050,2050,2050,09 Jul 2017
2775,2775,2775,08 Jul 2017
2700,4878,4638,07 Jul 2017
2100,4062,3337,06 Jul 2017
2850,2850,2850,05 Jul 2017
3160,3160,3160,04 Jul 2017
3180,3400,3200,03 Jul 2017
2100,2100,2100,02 Jul 2017
2987,2987,2987,01 Jul 2017
2836,3980,3180,30 Jun 2017
3231,3231,3231,29 Jun 2017
2350,2350,2350,27 Jun 2017
3400,3400,3400,26 Jun 2017
2350,2350,2350,25 Jun 2017
3136,3680,3180,24 Jun 2017
3310,3310,3310,23 Jun 2017
2050,2050,2050,22 Jun 2017
1950,1950,1950,20 Jun 2017
2350,4860,2975,19 Jun 2017
2310,2850,2350,18 Jun 2017
3227,3227,3227,17 Jun 2017
2156,3200,2625,16 Jun 2017
2992,2998,2995,14 Jun 2017
2361,2361,2361,13 Jun 2017
2651,3425,3182,12 Jun 2017
2625,3582,3192,11 Jun 2017
2300,2300,2300,10 Jun 2017
2380,2380,2380,08 Jun 2017
3584,3584,3584,07 Jun 2017
3709,4801,4158,06 Jun 2017
2325,2325,2325,05 Jun 2017
3300,4428,3602,04 Jun 2017
3301,3301,3301,02 Jun 2017
2125,2125,2125,01 Jun 2017
3265,3265,3265,30 May 2017
2300,4763,2860,28 May 2017
3167,6100,4801,27 May 2017
3200,3200,3200,26 May 2017
2885,2885,2885,25 May 2017
4601,6100,5651,24 May 2017
4525,4651,4625,23 May 2017
2095,2095,2095,22 May 2017
2325,2887,2881,20 May 2017
2050,2050,2050,19 May 2017
2882,2882,2882,18 May 2017
3182,3182,3182,17 May 2017
2095,4847,4594,16 May 2017
2100,4500,3325,12 May 2017
2100,2100,2100,11 May 2017
2939,4133,3508,09 May 2017
3620,3620,3620,08 May 2017
2870,2870,2870,07 May 2017
2300,2300,2300,06 May 2017
2750,2750,2750,05 May 2017
3187,3187,3187,03 May 2017
2300,2300,2300,02 May 2017
3187,4255,3219,30 Apr 2017
2300,2300,2300,29 Apr 2017
2350,3401,3325,27 Apr 2017
3219,3219,3219,25 Apr 2017
2325,2325,2325,24 Apr 2017
2448,2951,2700,23 Apr 2017
2801,4751,4551,20 Apr 2017
2990,2990,2990,19 Apr 2017
2400,2975,2875,18 Apr 2017
2040,6120,3375,17 Apr 2017
2300,2300,2300,16 Apr 2017
2318,3773,3385,14 Apr 2017
2300,2300,2300,13 Apr 2017
2350,2350,2350,12 Apr 2017
2350,4756,2890,11 Apr 2017
2400,3285,2410,10 Apr 2017
2235,2862,2360,09 Apr 2017
4751,4751,4751,07 Apr 2017
2300,3285,2850,06 Apr 2017
2850,2850,2850,05 Apr 2017
2350,2350,2350,04 Apr 2017
1806,4386,2740,03 Apr 2017
2300,3286,2563,02 Apr 2017
2300,2300,2300,31 Mar 2017
1865,4551,3656,30 Mar 2017
4200,4200,4200,29 Mar 2017
2400,2750,2650,28 Mar 2017
3656,3656,3656,27 Mar 2017
2350,2350,2350,26 Mar 2017
2300,2300,2300,25 Mar 2017
4345,4345,4345,23 Mar 2017
4151,4401,4351,22 Mar 2017
3290,3290,3290,21 Mar 2017
3290,3290,3290,20 Mar 2017
1651,1651,1651,18 Mar 2017
3290,3290,3290,16 Mar 2017
2000,4090,3750,15 Mar 2017
2400,3150,2973,14 Mar 2017
2200,2200,2200,12 Mar 2017
2300,2750,2325,11 Mar 2017
2116,3713,2250,10 Mar 2017
3667,3667,3667,09 Mar 2017
2200,2985,2325,08 Mar 2017
3440,4328,3750,05 Mar 2017
2750,2750,2750,04 Mar 2017
2300,2300,2300,01 Mar 2017
3101,3101,3101,28 Feb 2017
2701,2701,2701,26 Feb 2017
3340,3340,3340,25 Feb 2017
2300,2300,2300,22 Feb 2017
2715,2715,2715,21 Feb 2017
2750,3570,3545,20 Feb 2017
3368,3368,3368,19 Feb 2017
1970,4239,3300,17 Feb 2017
2250,3301,2280,16 Feb 2017
3217,4651,4359,15 Feb 2017
1970,1970,1970,14 Feb 2017
3300,3300,3300,12 Feb 2017
3911,3911,3911,11 Feb 2017
2280,2280,2280,10 Feb 2017
3240,3240,3240,09 Feb 2017
2530,2530,2530,08 Feb 2017
3407,3721,3520,07 Feb 2017
2275,4301,3151,06 Feb 2017
2001,2751,2672,04 Feb 2017
2801,2801,2801,02 Feb 2017
2300,4241,3210,01 Feb 2017
3110,3110,3110,29 Jan 2017
1950,1950,1950,27 Jan 2017
2325,3144,2500,26 Jan 2017
1850,3750,2275,25 Jan 2017
3708,4255,4111,24 Jan 2017
1950,1950,1950,19 Jan 2017
1950,4209,3045,18 Jan 2017
2151,2151,2151,17 Jan 2017
1850,3000,2975,16 Jan 2017
3751,3751,3751,15 Jan 2017
2608,2608,2608,14 Jan 2017
1910,4250,2311,13 Jan 2017
2428,2490,2450,12 Jan 2017
3027,3194,3051,11 Jan 2017
1822,4080,3306,10 Jan 2017
3700,3700,3700,09 Jan 2017
3000,3000,3000,08 Jan 2017
1940,2110,2105,07 Jan 2017
3801,3900,3886,06 Jan 2017
3000,3000,3000,05 Jan 2017
1970,1970,1970,03 Jan 2017
2998,2998,2998,02 Jan 2017
4092,4092,4092,01 Jan 2017
3801,3801,3801,31 Dec 2016
2875,3692,3029,30 Dec 2016
2186,2186,2186,29 Dec 2016
3550,3550,3550,28 Dec 2016
1940,3710,3000,27 Dec 2016
2325,3171,2500,26 Dec 2016
3651,3651,3651,25 Dec 2016
3651,3651,3651,24 Dec 2016
2186,3274,3015,23 Dec 2016
2501,4000,3132,22 Dec 2016
2150,3050,2200,20 Dec 2016
2140,2775,2240,19 Dec 2016
2415,2901,2864,18 Dec 2016
2934,2934,2934,17 Dec 2016
3273,3788,3489,16 Dec 2016
2100,2100,2100,15 Dec 2016
2465,2520,2477,14 Dec 2016
2180,3690,3115,13 Dec 2016
2150,3045,2918,11 Dec 2016
1996,3761,2100,10 Dec 2016
2404,4276,3070,09 Dec 2016
2200,4151,2425,08 Dec 2016
2743,2950,2846,07 Dec 2016
2401,3150,2425,06 Dec 2016
3222,4460,3367,05 Dec 2016
2988,2988,2988,04 Dec 2016
3102,3102,3102,03 Dec 2016
2180,3051,2557,02 Dec 2016
2196,5015,4051,01 Dec 2016
2150,3050,2800,30 Nov 2016
2186,2186,2186,29 Nov 2016
2650,2650,2650,28 Nov 2016
2387,2387,2387,27 Nov 2016
1956,3125,3051,26 Nov 2016
2100,2770,2655,25 Nov 2016
1932,4362,3296,24 Nov 2016
2035,5033,3095,22 Nov 2016
1996,2196,2100,21 Nov 2016
4000,4000,4000,20 Nov 2016
2181,4911,4000,19 Nov 2016
3366,3366,3366,18 Nov 2016
1996,4200,3132,17 Nov 2016
2035,3051,2500,16 Nov 2016
2300,3801,3150,15 Nov 2016
2760,3190,3161,14 Nov 2016
2050,4900,2530,13 Nov 2016
3101,3101,3101,12 Nov 2016
2050,2050,2050,11 Nov 2016
4902,4902,4902,10 Nov 2016
3001,3001,3001,09 Nov 2016
1900,3190,1950,07 Nov 2016
2647,2647,2647,06 Nov 2016
3190,3190,3190,04 Nov 2016
3195,3195,3195,03 Nov 2016
3391,3391,3391,31 Oct 2016
3011,3011,3011,30 Oct 2016
2769,4694,2965,29 Oct 2016
2250,3225,2965,28 Oct 2016
2040,3190,2150,27 Oct 2016
3391,3391,3391,26 Oct 2016
2990,2990,2990,24 Oct 2016
1930,4993,2983,23 Oct 2016
1916,1996,1986,22 Oct 2016
2150,2150,2150,21 Oct 2016
2789,3390,3190,20 Oct 2016
3087,3087,3087,19 Oct 2016
1996,3421,3000,17 Oct 2016
2085,4766,3150,15 Oct 2016
2006,2975,2050,14 Oct 2016
2796,4645,4551,13 Oct 2016
2550,3572,3450,10 Oct 2016
3467,3838,3607,09 Oct 2016
2105,5023,4800,08 Oct 2016
2052,3850,2936,07 Oct 2016
2573,2573,2573,06 Oct 2016
2200,2200,2200,05 Oct 2016
2200,2200,2200,04 Oct 2016
2000,3200,3023,02 Oct 2016
2800,2800,2800,01 Oct 2016
3060,3610,3500,20 Sep 2016
1910,3202,2556,19 Sep 2016
2102,2102,2102,18 Sep 2016
2430,3202,2965,17 Sep 2016
2050,3202,2626,16 Sep 2016
3202,3202,3202,13 Sep 2016
2275,2275,2275,12 Sep 2016
2100,3701,3201,11 Sep 2016
2076,4801,3534,10 Sep 2016
2575,2575,2575,09 Sep 2016
2150,2280,2215,07 Sep 2016
2977,3850,3111,06 Sep 2016
2065,2065,2065,05 Sep 2016
2191,4550,2801,03 Sep 2016
2380,2380,2380,01 Sep 2016
2100,2100,2100,30 Aug 2016
2060,4775,3500,29 Aug 2016
2436,4050,3000,28 Aug 2016
1900,2890,2366,27 Aug 2016
2060,4833,2588,26 Aug 2016
3206,3206,3206,25 Aug 2016
4801,4801,4801,24 Aug 2016
2801,3885,3205,23 Aug 2016
2110,2110,2110,22 Aug 2016
3550,4801,4400,20 Aug 2016
2060,2500,2280,19 Aug 2016
2900,3210,3200,18 Aug 2016
2318,3501,2910,17 Aug 2016
1956,3201,2360,16 Aug 2016
2980,3441,3201,15 Aug 2016
2675,2675,2675,14 Aug 2016
2370,2370,2370,13 Aug 2016
2050,3570,2724,12 Aug 2016
2175,2941,2558,11 Aug 2016
2250,3525,2285,10 Aug 2016
2441,2441,2441,09 Aug 2016
3235,3235,3235,08 Aug 2016
3030,3030,3030,07 Aug 2016
2745,2745,2745,05 Aug 2016
2750,4150,2850,04 Aug 2016
2601,2601,2601,02 Aug 2016
2020,2020,2020,29 Jul 2016
3531,3531,3531,28 Jul 2016
2500,2500,2500,26 Jul 2016
2190,2190,2190,25 Jul 2016
2896,3173,3048,24 Jul 2016
2110,3030,3000,23 Jul 2016
2200,2200,2200,22 Jul 2016
3075,3075,3075,21 Jul 2016
2270,2270,2270,19 Jul 2016
3099,3099,3099,18 Jul 2016
4525,4525,4525,16 Jul 2016
3326,3326,3326,15 Jul 2016
3326,3326,3326,14 Jul 2016
2020,2020,2020,13 Jul 2016
2226,2226,2226,12 Jul 2016
2250,2250,2250,11 Jul 2016
2020,2020,2020,10 Jul 2016
2750,2750,2750,09 Jul 2016
2800,2800,2800,08 Jul 2016
2390,2390,2390,07 Jul 2016
3296,3296,3296,06 Jul 2016
2200,2200,2200,05 Jul 2016
2120,2120,2120,04 Jul 2016
2410,2410,2410,02 Jul 2016
2450,2450,2450,01 Jul 2016
1750,2750,2150,28 Jun 2016
2100,3323,3083,27 Jun 2016
2100,5500,3308,26 Jun 2016
2200,2200,2200,25 Jun 2016
1894,4991,3320,23 Jun 2016
2100,4637,3096,22 Jun 2016
3280,3400,3353,21 Jun 2016
2112,3701,2907,20 Jun 2016
2100,3143,2206,18 Jun 2016
2100,4105,2500,17 Jun 2016
1990,2100,2045,16 Jun 2016
2100,3701,3050,15 Jun 2016
2350,3120,2735,14 Jun 2016
1825,1825,1825,13 Jun 2016
1980,1980,1980,11 Jun 2016
2090,3846,3065,10 Jun 2016
2160,5101,3300,09 Jun 2016
2208,2208,2208,08 Jun 2016
1980,5050,4950,07 Jun 2016
2751,3973,3151,06 Jun 2016
1905,5500,2750,02 Jun 2016
2556,3434,2652,01 Jun 2016
2544,3101,3051,31 May 2016
2785,2785,2785,30 May 2016
2761,2761,2761,29 May 2016
2763,2763,2763,26 May 2016
2107,2107,2107,25 May 2016
2200,2830,2763,24 May 2016
3401,4645,4351,23 May 2016
1959,4575,2930,22 May 2016
2094,2761,2270,21 May 2016
2275,2740,2500,20 May 2016
2760,2945,2853,19 May 2016
3653,3653,3653,18 May 2016
1970,2635,2294,17 May 2016
2200,2790,2380,16 May 2016
2796,2796,2796,18 Apr 2016
2402,2812,2607,17 Apr 2016
2235,3200,3141,16 Apr 2016
2815,3800,3308,15 Apr 2016
1960,1960,1960,14 Apr 2016
2817,3558,3051,13 Apr 2016
1587,4000,2430,12 Apr 2016
2100,3133,2820,11 Apr 2016
2935,3019,3000,09 Apr 2016
2500,4192,3051,08 Apr 2016
1800,1970,1880,07 Apr 2016
2003,2003,2003,06 Apr 2016
3150,3204,3170,05 Apr 2016
2770,2770,2770,04 Apr 2016
2501,2501,2501,03 Apr 2016
2996,3004,3000,02 Apr 2016
1800,2820,2310,01 Apr 2016
2996,3030,3004,31 Mar 2016
1800,2820,2000,30 Mar 2016
2895,4500,3851,29 Mar 2016
2200,2761,2250,28 Mar 2016
2577,2841,2613,19 Mar 2016
2823,4201,4000,18 Mar 2016
2475,2475,2475,17 Mar 2016
3118,4142,3700,16 Mar 2016
3294,3312,3306,15 Mar 2016
2415,2415,2415,14 Mar 2016
1830,2700,1993,13 Mar 2016
2620,2651,2636,12 Mar 2016
1989,2475,2099,11 Mar 2016
1989,2103,2099,10 Mar 2016
1960,3130,3101,09 Mar 2016
1950,1950,1950,08 Mar 2016
2516,3145,2580,07 Mar 2016
2075,3141,2431,06 Mar 2016
4037,4391,4087,05 Mar 2016
2125,2125,2125,04 Mar 2016
2150,2150,2150,03 Mar 2016
1930,4367,3870,02 Mar 2016
2029,3177,2990,01 Mar 2016
2200,2200,2200,29 Feb 2016
2029,3025,2965,28 Feb 2016
3001,3265,3101,27 Feb 2016
1900,3851,2800,26 Feb 2016
2200,3390,3050,25 Feb 2016
2514,3054,2760,24 Feb 2016
2009,3051,2720,23 Feb 2016
2500,3959,3093,22 Feb 2016
1750,3438,2600,21 Feb 2016
2251,4151,3946,20 Feb 2016
2061,4651,3980,19 Feb 2016
1860,4100,3051,18 Feb 2016
2670,2670,2670,17 Feb 2016
3063,3063,3063,16 Feb 2016
1920,1960,1940,15 Feb 2016
1701,3117,3051,14 Feb 2016
3053,4042,3985,13 Feb 2016
1840,2565,2203,12 Feb 2016
2262,3900,3045,11 Feb 2016
1925,2638,1960,10 Feb 2016
3023,4651,3273,09 Feb 2016
1963,3051,2173,08 Feb 2016
1959,2719,1963,07 Feb 2016
1850,3103,2863,06 Feb 2016
1959,2090,1969,05 Feb 2016
3883,4025,3980,04 Feb 2016
2086,4251,4151,03 Feb 2016
2450,4251,3061,02 Feb 2016
1915,6169,2760,01 Feb 2016
1910,3055,2885,31 Jan 2016
3057,3342,3100,30 Jan 2016
2100,3056,2150,29 Jan 2016
2575,3245,3063,28 Jan 2016
2450,4300,2700,27 Jan 2016
3195,3304,3294,26 Jan 2016
1860,3233,2628,25 Jan 2016
1950,3250,2800,24 Jan 2016
3012,3055,3015,19 Jan 2016
2500,3000,2800,18 Jan 2016
1860,3350,2425,16 Jan 2016
3875,3900,3888,15 Jan 2016
3285,3285,3285,13 Jan 2016
1600,4275,2425,12 Jan 2016
1900,3066,1943,11 Jan 2016
1615,2831,2165,10 Jan 2016
3065,3065,3065,09 Jan 2016
2962,4620,3000,08 Jan 2016
2070,3154,3001,07 Jan 2016
1969,2183,1970,06 Jan 2016
3035,3035,3035,05 Jan 2016
3080,4075,4000,04 Jan 2016
1850,4534,4151,03 Jan 2016
2095,4288,3050,02 Jan 2016
1900,5392,2700,01 Jan 2016
1950,3161,2300,31 Dec 2015
1800,3257,2100,30 Dec 2015
1939,2043,1975,29 Dec 2015
2515,2515,2515,28 Dec 2015
1930,2498,2000,27 Dec 2015
1929,3400,2877,26 Dec 2015
2425,4301,3050,23 Dec 2015
2280,3127,3051,22 Dec 2015
1800,4200,3052,21 Dec 2015
2200,4400,3350,20 Dec 2015
2200,4396,3333,18 Dec 2015
1963,4401,3251,17 Dec 2015
1925,2800,2001,15 Dec 2015
2965,2965,2965,14 Dec 2015
2575,2575,2575,13 Dec 2015
2650,2700,2675,12 Dec 2015
1900,3150,2100,11 Dec 2015
2701,2701,2701,10 Dec 2015
1825,2700,1950,09 Dec 2015
1909,3843,3300,08 Dec 2015
1919,3120,2000,07 Dec 2015
2101,4251,3600,06 Dec 2015
2000,3910,3300,05 Dec 2015
2951,3101,2975,04 Dec 2015
3635,3635,3635,03 Dec 2015
1950,5296,2200,02 Dec 2015
1909,3011,2970,01 Dec 2015
2069,4200,3167,30 Nov 2015
3075,3881,3162,27 Nov 2015
1873,2300,2063,26 Nov 2015
2727,4000,3160,25 Nov 2015
2276,2501,2350,24 Nov 2015
3030,3030,3030,23 Nov 2015
2300,2880,2800,22 Nov 2015
1873,1923,1890,21 Nov 2015
2330,3066,2881,20 Nov 2015
2760,2760,2760,19 Nov 2015
2760,3251,3153,18 Nov 2015
2313,3056,2523,17 Nov 2015
2240,2240,2240,16 Nov 2015
1843,3351,2900,15 Nov 2015
2000,2935,2360,09 Nov 2015
1843,1843,1843,08 Nov 2015
2400,3550,3200,06 Nov 2015
1662,3687,2000,04 Nov 2015
1809,1910,1863,03 Nov 2015
1590,2940,2825,02 Nov 2015
1843,2000,1900,01 Nov 2015
2800,3300,2956,21 Oct 2015
1843,3632,2963,20 Oct 2015
2070,2070,2070,19 Oct 2015
1830,3325,2925,18 Oct 2015
2343,2751,2508,16 Oct 2015
1839,3150,2970,15 Oct 2015
1825,1825,1825,14 Oct 2015
1800,3200,2100,13 Oct 2015
2945,3218,3095,12 Oct 2015
2951,2951,2951,06 Oct 2015
2671,3123,2901,05 Oct 2015
1661,1885,1700,03 Oct 2015
2392,4251,3351,02 Oct 2015
2397,2397,2397,30 Sep 2015
2440,3632,2795,18 Sep 2015
2016,4551,3451,17 Sep 2015
2005,2945,2352,15 Sep 2015
2436,2850,2565,14 Sep 2015
2872,2945,2890,13 Sep 2015
2850,4025,3175,12 Sep 2015
2737,3047,2790,11 Sep 2015
2620,4601,3250,10 Sep 2015
1846,2701,2488,09 Sep 2015
1760,2800,1830,08 Sep 2015
2500,3120,2925,07 Sep 2015
1850,3850,2600,06 Sep 2015
2735,4625,2995,05 Sep 2015
1856,3441,2226,04 Sep 2015
2338,2553,2541,03 Sep 2015
2545,3100,2700,02 Sep 2015
1920,2500,2000,01 Sep 2015
1866,2833,2758,26 Aug 2015
2536,3751,2800,25 Aug 2015
1855,2650,2300,24 Aug 2015
2175,2848,2513,14 Aug 2015
2120,2540,2477,13 Aug 2015
2515,3946,2730,12 Aug 2015
2925,3800,3100,11 Aug 2015
1960,3150,2019,10 Aug 2015
2060,2300,2100,09 Aug 2015
2800,2800,2800,08 Aug 2015
2890,2890,2890,07 Aug 2015
1881,3266,2725,06 Aug 2015
1925,3688,2527,05 Aug 2015
2072,3926,2545,04 Aug 2015
2225,2590,2300,16 Jul 2015
2313,2313,2313,15 Jul 2015
2900,4227,3950,14 Jul 2015
2056,4225,3380,13 Jul 2015
2590,2590,2590,12 Jul 2015
2150,3150,2485,11 Jul 2015
1985,3678,3303,10 Jul 2015
2490,3500,3014,09 Jul 2015
2446,2935,2665,08 Jul 2015
2355,4000,2480,07 Jul 2015
2670,3653,2890,06 Jul 2015
2415,2780,2673,05 Jul 2015
1885,4100,3101,04 Jul 2015
2355,3873,2400,03 Jul 2015
1910,3800,2520,02 Jul 2015
1950,1950,1950,01 Jul 2015
2907,2907,2907,30 Jun 2015
1930,2694,2550,29 Jun 2015
2200,2645,2520,28 Jun 2015
2475,3601,2776,27 Jun 2015
1940,2451,2363,26 Jun 2015
2525,4274,2950,25 Jun 2015
2520,3893,2800,24 Jun 2015
2245,3825,2800,23 Jun 2015
2495,3687,2552,22 Jun 2015
1950,2487,2200,21 Jun 2015
1975,2950,2345,19 Jun 2015
2001,2466,2165,18 Jun 2015
2055,2865,2381,17 Jun 2015
1900,2465,2182,16 Jun 2015
2395,4000,3197,15 Jun 2015
3801,4151,3976,14 Jun 2015
2405,3400,2900,13 Jun 2015
2405,3150,2777,12 Jun 2015
2402,2678,2540,10 Jun 2015
1971,2400,2186,09 Jun 2015
1975,2165,2070,08 Jun 2015
1971,2667,2405,07 Jun 2015
2380,2380,2380,06 Jun 2015
2200,2200,2200,05 Jun 2015
2440,2440,2440,04 Jun 2015
1995,3117,2556,03 Jun 2015
2400,2400,2400,02 Jun 2015
1985,2638,2311,28 May 2015
2625,2625,2625,27 May 2015
2565,3800,3182,25 May 2015
1130,2200,1665,24 May 2015
2371,2427,2399,21 May 2015
2435,2525,2480,20 May 2015
2430,4951,3690,19 May 2015
2980,4480,3730,18 May 2015
2051,4676,3363,17 May 2015
1937,2892,2414,13 May 2015
1950,2510,2230,12 May 2015
2487,2487,2487,09 May 2015
2692,3177,2934,07 May 2015
1921,2021,1971,06 May 2015
1984,2390,2187,05 May 2015
2390,3950,3170,04 May 2015
1916,2321,2118,02 May 2015
1991,1991,1991,01 May 2015
1935,3899,2917,18 Mar 2015
2308,2308,2308,15 Mar 2015
1900,2845,2372,14 Mar 2015
2021,3053,2537,13 Mar 2015
2950,3225,3088,12 Mar 2015
1921,2775,2348,11 Mar 2015
1921,2740,2330,10 Mar 2015
3351,4001,3676,07 Mar 2015
1981,4001,2991,06 Mar 2015
1951,3030,2490,05 Mar 2015
2700,3925,2925,04 Mar 2015
2140,3167,2917,03 Mar 2015
2275,4225,3815,16 Jan 2015
2275,4225,3815,16 Jan 2015
2729,2729,2729,15 Jan 2015
2729,2729,2729,15 Jan 2015
1950,2720,2335,14 Jan 2015
1950,2720,2335,14 Jan 2015
2875,3336,3105,13 Jan 2015
2875,3336,3105,13 Jan 2015
2150,4400,2900,12 Jan 2015
2150,4400,2900,12 Jan 2015
2310,4074,3801,10 Jan 2015
1991,3200,2950,09 Jan 2015
1980,4125,3300,08 Jan 2015
2011,3175,2150,07 Jan 2015
2100,3025,2497,06 Jan 2015
2750,2750,2750,05 Jan 2015
2930,3105,3030,03 Jan 2015
2015,2974,2732,02 Jan 2015
1960,1960,1960,01 Jan 2015
2001,2902,2452,31 Dec 2014
