Date,Centre_Name,Price
2009-01-01,MUMBAI,1625.0
2009-01-02,MUMBAI,1625.0
2009-01-05,MUMBAI,1625.0
2009-01-06,MUMBAI,1625.0
2009-01-07,MUMBAI,1625.0
2009-01-09,MUMBAI,1625.0
2009-01-12,MUMBAI,1625.0
2009-01-13,MUMBAI,1625.0
2009-01-14,MUMBAI,1625.0
2009-01-15,MUMBAI,1625.0
2009-01-16,MUMBAI,1625.0
2009-01-19,MUMBAI,1625.0
2009-01-20,MUMBAI,1625.0
2009-01-21,MUMBAI,1625.0
2009-01-22,MUMBAI,1625.0
2009-01-23,MUMBAI,1625.0
2009-01-27,MUMBAI,1625.0
2009-01-28,MUMBAI,1625.0
2009-01-29,MUMBAI,1625.0
2009-01-30,MUMBAI,1625.0
2009-02-02,MUMBAI,1625.0
2009-02-03,MUMBAI,1625.0
2009-02-04,MUMBAI,1625.0
2009-02-05,MUMBAI,1625.0
2009-02-06,MUMBAI,1625.0
2009-02-09,MUMBAI,1625.0
2009-02-10,MUMBAI,1625.0
2009-02-11,MUMBAI,1625.0
2009-02-12,MUMBAI,1625.0
2009-02-13,MUMBAI,1625.0
2009-02-16,MUMBAI,1625.0
2009-02-17,MUMBAI,1625.0
2009-02-18,MUMBAI,1625.0
2009-02-19,MUMBAI,1625.0
2009-02-20,MUMBAI,1625.0
2009-02-23,MUMBAI,1625.0
2009-02-24,MUMBAI,1625.0
2009-02-25,MUMBAI,1625.0
2009-02-26,MUMBAI,1625.0
2009-02-27,MUMBAI,1625.0
2009-03-02,MUMBAI,1625.0
2009-03-03,MUMBAI,1625.0
2009-03-04,MUMBAI,1625.0
2009-03-05,MUMBAI,1625.0
2009-03-06,MUMBAI,1625.0
2009-03-09,MUMBAI,1625.0
2009-03-12,MUMBAI,1625.0
2009-03-13,MUMBAI,1625.0
2009-03-16,MUMBAI,1625.0
2009-03-17,MUMBAI,1625.0
2009-03-18,MUMBAI,1625.0
2009-03-19,MUMBAI,1625.0
2009-03-20,MUMBAI,1625.0
2009-03-23,MUMBAI,1625.0
2009-03-24,MUMBAI,1625.0
2009-03-25,MUMBAI,1625.0
2009-03-26,MUMBAI,1625.0
2009-03-27,MUMBAI,1625.0
2009-03-30,MUMBAI,1625.0
2009-03-31,MUMBAI,1625.0
2009-04-01,MUMBAI,1600.0
2009-04-02,MUMBAI,1600.0
2009-04-06,MUMBAI,1600.0
2009-04-08,MUMBAI,1600.0
2009-04-09,MUMBAI,1600.0
2009-04-13,MUMBAI,1600.0
2009-04-15,MUMBAI,1600.0
2009-04-16,MUMBAI,1600.0
2009-04-17,MUMBAI,1600.0
2009-04-20,MUMBAI,1600.0
2009-04-21,MUMBAI,1600.0
2009-04-22,MUMBAI,1600.0
2009-04-23,MUMBAI,1600.0
2009-04-24,MUMBAI,1600.0
2009-04-27,MUMBAI,1600.0
2009-04-28,MUMBAI,1600.0
2009-04-29,MUMBAI,1600.0
2009-04-30,MUMBAI,1600.0
2009-05-01,MUMBAI,1600.0
2009-05-04,MUMBAI,1600.0
2009-05-05,MUMBAI,1600.0
2009-05-06,MUMBAI,1600.0
2009-05-08,MUMBAI,1600.0
2009-05-11,MUMBAI,1600.0
2009-05-12,MUMBAI,1600.0
2009-05-13,MUMBAI,1600.0
2009-05-14,MUMBAI,1600.0
2009-05-15,MUMBAI,1600.0
2009-05-18,MUMBAI,1600.0
2009-05-19,MUMBAI,1600.0
2009-05-20,MUMBAI,1600.0
2009-05-21,MUMBAI,1600.0
2009-05-22,MUMBAI,1600.0
2009-05-25,MUMBAI,1600.0
2009-05-26,MUMBAI,1600.0
2009-05-27,MUMBAI,1600.0
2009-05-28,MUMBAI,1600.0
2009-05-29,MUMBAI,1600.0
2009-06-01,MUMBAI,1600.0
2009-06-02,MUMBAI,1600.0
2009-06-03,MUMBAI,1625.0
2009-06-04,MUMBAI,1625.0
2009-06-05,MUMBAI,1625.0
2009-06-08,MUMBAI,1625.0
2009-06-09,MUMBAI,1625.0
2009-06-10,MUMBAI,1600.0
2009-06-11,MUMBAI,1600.0
2009-06-12,MUMBAI,1600.0
2009-06-15,MUMBAI,1600.0
2009-06-16,MUMBAI,1600.0
2009-06-17,MUMBAI,1625.0
2009-06-18,MUMBAI,1625.0
2009-06-19,MUMBAI,1625.0
2009-06-22,MUMBAI,1625.0
2009-06-23,MUMBAI,1625.0
2009-06-24,MUMBAI,1600.0
2009-06-25,MUMBAI,1600.0
2009-06-26,MUMBAI,1600.0
2009-06-29,MUMBAI,1600.0
2009-06-30,MUMBAI,1600.0
2009-07-01,MUMBAI,1575.0
2009-07-02,MUMBAI,1575.0
2009-07-03,MUMBAI,1575.0
2009-07-06,MUMBAI,1575.0
2009-07-07,MUMBAI,1575.0
2009-07-08,MUMBAI,1575.0
2009-07-09,MUMBAI,1575.0
2009-07-10,MUMBAI,1575.0
2009-07-13,MUMBAI,1575.0
2009-07-14,MUMBAI,1575.0
2009-07-15,MUMBAI,1575.0
2009-07-16,MUMBAI,1575.0
2009-07-17,MUMBAI,1575.0
2009-07-20,MUMBAI,1575.0
2009-07-21,MUMBAI,1575.0
2009-07-22,MUMBAI,1575.0
2009-07-23,MUMBAI,1575.0
2009-07-24,MUMBAI,1575.0
2009-07-27,MUMBAI,1575.0
2009-07-28,MUMBAI,1575.0
2009-07-29,MUMBAI,1575.0
2009-07-30,MUMBAI,1575.0
2009-07-31,MUMBAI,1575.0
2009-08-03,MUMBAI,1575.0
2009-08-04,MUMBAI,1575.0
2009-08-05,MUMBAI,1575.0
2009-08-06,MUMBAI,1575.0
2009-08-07,MUMBAI,1575.0
2009-08-10,MUMBAI,1575.0
2009-08-11,MUMBAI,1575.0
2009-08-12,MUMBAI,1575.0
2009-08-13,MUMBAI,1575.0
2009-08-17,MUMBAI,1575.0
2009-08-18,MUMBAI,1575.0
2009-08-19,MUMBAI,1575.0
2009-08-20,MUMBAI,1575.0
2009-08-21,MUMBAI,1575.0
2009-08-24,MUMBAI,1575.0
2009-08-25,MUMBAI,1575.0
2009-08-26,MUMBAI,1725.0
2009-08-27,MUMBAI,1725.0
2009-08-28,MUMBAI,1725.0
2009-08-31,MUMBAI,1725.0
2009-09-01,MUMBAI,1725.0
2009-09-02,MUMBAI,1725.0
2009-09-03,MUMBAI,1725.0
2009-09-04,MUMBAI,1725.0
2009-09-07,MUMBAI,1725.0
2009-09-08,MUMBAI,1725.0
2009-09-09,MUMBAI,1700.0
2009-09-10,MUMBAI,1700.0
2009-09-11,MUMBAI,1700.0
2009-09-14,MUMBAI,1700.0
2009-09-15,MUMBAI,1700.0
2009-09-16,MUMBAI,1700.0
2009-09-17,MUMBAI,1700.0
2009-09-18,MUMBAI,1700.0
2009-09-22,MUMBAI,1700.0
2009-09-23,MUMBAI,1700.0
2009-09-24,MUMBAI,1700.0
2009-09-25,MUMBAI,1700.0
2009-09-29,MUMBAI,1700.0
2009-09-30,MUMBAI,1725.0
2009-10-01,MUMBAI,1725.0
2009-10-05,MUMBAI,1725.0
2009-10-06,MUMBAI,1725.0
2009-10-07,MUMBAI,1725.0
2009-10-08,MUMBAI,1725.0
2009-10-09,MUMBAI,1725.0
2009-10-12,MUMBAI,1725.0
2009-10-13,MUMBAI,1725.0
2009-10-14,MUMBAI,1725.0
2009-10-15,MUMBAI,1725.0
2009-10-16,MUMBAI,1725.0
2009-10-19,MUMBAI,1725.0
2009-10-20,MUMBAI,1725.0
2009-10-21,MUMBAI,1750.0
2009-10-22,MUMBAI,1750.0
2009-10-23,MUMBAI,1750.0
2009-10-26,MUMBAI,1750.0
2009-10-27,MUMBAI,1750.0
2009-10-28,MUMBAI,1750.0
2009-10-29,MUMBAI,1750.0
2009-10-30,MUMBAI,1750.0
2009-11-03,MUMBAI,1750.0
2009-11-04,MUMBAI,1750.0
2009-11-05,MUMBAI,1750.0
2009-11-06,MUMBAI,1750.0
2009-11-09,MUMBAI,1750.0
2009-11-10,MUMBAI,1750.0
2009-11-11,MUMBAI,1750.0
2009-11-12,MUMBAI,1750.0
2009-11-13,MUMBAI,1750.0
2009-11-16,MUMBAI,1750.0
2009-11-17,MUMBAI,1750.0
2009-11-18,MUMBAI,1725.0
2009-11-19,MUMBAI,1725.0
2009-11-20,MUMBAI,1725.0
2009-11-23,MUMBAI,1725.0
2009-11-24,MUMBAI,1725.0
2009-11-25,MUMBAI,1725.0
2009-11-26,MUMBAI,1725.0
2009-11-27,MUMBAI,1725.0
2009-11-30,MUMBAI,3050.0
2009-12-01,MUMBAI,3050.0
2009-12-02,MUMBAI,1700.0
2009-12-03,MUMBAI,1700.0
2009-12-04,MUMBAI,3050.0
2009-12-07,MUMBAI,3050.0
2009-12-08,MUMBAI,3050.0
2009-12-09,MUMBAI,1725.0
2009-12-10,MUMBAI,3050.0
2009-12-11,MUMBAI,3050.0
2009-12-14,MUMBAI,1733.0
2009-12-15,MUMBAI,1725.0
2009-12-16,MUMBAI,1725.0
2009-12-17,MUMBAI,1708.0
2009-12-18,MUMBAI,1742.0
2009-12-21,MUMBAI,1800.0
2009-12-22,MUMBAI,1800.0
2009-12-23,MUMBAI,1767.0
2009-12-24,MUMBAI,1783.0
2009-12-29,MUMBAI,1767.0
2009-12-30,MUMBAI,1750.0
2009-12-31,MUMBAI,1767.0
2010-01-01,MUMBAI,1750.0
2010-01-04,MUMBAI,1767.0
2010-01-05,MUMBAI,1767.0
2010-01-06,MUMBAI,1767.0
2010-01-07,MUMBAI,1783.0
2010-01-08,MUMBAI,1783.0
2010-01-11,MUMBAI,1783.0
2010-01-12,MUMBAI,1783.0
2010-01-13,MUMBAI,1725.0
2010-01-14,MUMBAI,1725.0
2010-01-15,MUMBAI,1725.0
2010-01-18,MUMBAI,1733.0
2010-01-19,MUMBAI,1750.0
2010-01-20,MUMBAI,1750.0
2010-01-21,MUMBAI,1750.0
2010-01-22,MUMBAI,1750.0
2010-01-25,MUMBAI,1750.0
2010-01-27,MUMBAI,1750.0
2010-01-28,MUMBAI,1750.0
2010-01-29,MUMBAI,1750.0
2010-02-01,MUMBAI,1725.0
2010-02-02,MUMBAI,1725.0
2010-02-03,MUMBAI,1742.0
2010-02-04,MUMBAI,1775.0
2010-02-05,MUMBAI,1775.0
2010-02-08,MUMBAI,1750.0
2010-02-09,MUMBAI,1750.0
2010-02-10,MUMBAI,1750.0
2010-02-11,MUMBAI,1750.0
2010-02-12,MUMBAI,1750.0
2010-02-15,MUMBAI,1767.0
2010-02-16,MUMBAI,1754.0
2010-02-17,MUMBAI,1750.0
2010-02-18,MUMBAI,1750.0
2010-02-19,MUMBAI,1750.0
2010-02-22,MUMBAI,1750.0
2010-02-23,MUMBAI,1775.0
2010-02-24,MUMBAI,1725.0
2010-02-25,MUMBAI,1726.0
2010-02-26,MUMBAI,1679.0
2010-03-02,MUMBAI,1725.0
2010-03-03,MUMBAI,1725.0
2010-03-04,MUMBAI,1742.0
2010-03-05,MUMBAI,1725.0
2010-03-08,MUMBAI,1750.0
2010-03-09,MUMBAI,1750.0
2010-03-10,MUMBAI,1750.0
2010-03-11,MUMBAI,1750.0
2010-03-12,MUMBAI,1775.0
2010-03-15,MUMBAI,1775.0
2010-03-16,MUMBAI,1775.0
2010-03-17,MUMBAI,1863.0
2010-03-18,MUMBAI,1850.0
2010-03-19,MUMBAI,1838.0
2010-03-22,MUMBAI,1850.0
2010-03-23,MUMBAI,1850.0
2010-03-25,MUMBAI,1775.0
2010-03-26,MUMBAI,1781.0
2010-03-29,MUMBAI,1775.0
2010-03-30,MUMBAI,1808.0
2010-03-31,MUMBAI,1775.0
2010-04-01,MUMBAI,1775.0
2010-04-05,MUMBAI,1725.0
2010-04-06,MUMBAI,1725.0
2010-04-07,MUMBAI,1725.0
2010-04-08,MUMBAI,1725.0
2010-04-09,MUMBAI,1725.0
2010-04-12,MUMBAI,1729.0
2010-04-13,MUMBAI,1725.0
2010-04-15,MUMBAI,1725.0
2010-04-16,MUMBAI,1725.0
2010-04-19,MUMBAI,1783.0
2010-04-20,MUMBAI,1783.0
2010-04-21,MUMBAI,1825.0
2010-04-22,MUMBAI,1825.0
2010-04-23,MUMBAI,1825.0
2010-04-26,MUMBAI,1725.0
2010-04-27,MUMBAI,1725.0
2010-04-28,MUMBAI,1725.0
2010-04-29,MUMBAI,1725.0
2010-04-30,MUMBAI,1725.0
2010-05-03,MUMBAI,1725.0
2010-05-04,MUMBAI,1725.0
2010-05-05,MUMBAI,1725.0
2010-05-06,MUMBAI,1725.0
2010-05-07,MUMBAI,1725.0
2010-05-10,MUMBAI,1725.0
2010-05-11,MUMBAI,1725.0
2010-05-12,MUMBAI,1833.0
2010-05-13,MUMBAI,1833.0
2010-05-14,MUMBAI,1833.0
2010-05-17,MUMBAI,1800.0
2010-05-18,MUMBAI,1800.0
2010-05-19,MUMBAI,1800.0
2010-05-20,MUMBAI,1800.0
2010-05-21,MUMBAI,1750.0
2010-05-24,MUMBAI,1750.0
2010-05-25,MUMBAI,1750.0
2010-05-26,MUMBAI,1800.0
2010-05-28,MUMBAI,1800.0
2010-05-31,MUMBAI,1800.0
2010-06-01,MUMBAI,1800.0
2010-06-02,MUMBAI,1800.0
2010-06-03,MUMBAI,1800.0
2010-06-04,MUMBAI,1800.0
2010-06-07,MUMBAI,1800.0
2010-06-08,MUMBAI,1825.0
2010-06-09,MUMBAI,1725.0
2010-06-10,MUMBAI,1725.0
2010-06-11,MUMBAI,1725.0
2010-06-14,MUMBAI,1725.0
2010-06-15,MUMBAI,1725.0
2010-06-16,MUMBAI,1725.0
2010-06-17,MUMBAI,1725.0
2010-06-18,MUMBAI,1800.0
2010-06-21,MUMBAI,1725.0
2010-06-22,MUMBAI,1750.0
2010-06-23,MUMBAI,1800.0
2010-06-24,MUMBAI,1800.0
2010-06-25,MUMBAI,1808.0
2010-06-28,MUMBAI,1708.0
2010-06-29,MUMBAI,1725.0
2010-06-30,MUMBAI,1650.0
2010-07-01,MUMBAI,1650.0
2010-07-02,MUMBAI,1643.0
2010-07-05,MUMBAI,1643.0
2010-07-06,MUMBAI,1643.0
2010-07-07,MUMBAI,1643.0
2010-07-08,MUMBAI,1643.0
2010-07-09,MUMBAI,1630.0
2010-07-12,MUMBAI,1630.0
2010-07-13,MUMBAI,1630.0
2010-07-14,MUMBAI,1630.0
2010-07-15,MUMBAI,1630.0
2010-07-16,MUMBAI,1865.0
2010-07-19,MUMBAI,1856.0
2010-07-20,MUMBAI,1863.0
2010-07-21,MUMBAI,1788.0
2010-07-22,MUMBAI,1788.0
2010-07-23,MUMBAI,1788.0
2010-07-26,MUMBAI,1788.0
2010-07-27,MUMBAI,1788.0
2010-07-28,MUMBAI,1788.0
2010-07-29,MUMBAI,1813.0
2010-07-30,MUMBAI,1813.0
2010-08-02,MUMBAI,1792.0
2010-08-03,MUMBAI,1817.0
2010-08-04,MUMBAI,1800.0
2010-08-05,MUMBAI,1800.0
2010-08-06,MUMBAI,1800.0
2010-08-09,MUMBAI,1825.0
2010-08-10,MUMBAI,1750.0
2010-08-11,MUMBAI,1742.0
2010-08-12,MUMBAI,1742.0
2010-08-13,MUMBAI,1742.0
2010-08-16,MUMBAI,1742.0
2010-08-17,MUMBAI,1798.0
2010-08-18,MUMBAI,1798.0
2010-08-20,MUMBAI,1798.0
2010-08-23,MUMBAI,1798.0
2010-08-24,MUMBAI,1798.0
2010-08-25,MUMBAI,1802.0
2010-08-26,MUMBAI,1792.0
2010-08-27,MUMBAI,1792.0
2010-08-30,MUMBAI,1792.0
2010-08-31,MUMBAI,1817.0
2010-08-31,NAGPUR,1817.0
2010-09-01,MUMBAI,1900.0
2010-09-01,NAGPUR,1733.0
2010-09-03,MUMBAI,1900.0
2010-09-03,NAGPUR,1733.0
2010-09-06,MUMBAI,1850.0
2010-09-06,NAGPUR,1733.0
2010-09-07,MUMBAI,1850.0
2010-09-07,NAGPUR,1733.0
2010-09-08,MUMBAI,1850.0
2010-09-08,NAGPUR,1733.0
2010-09-09,MUMBAI,1863.0
2010-09-09,NAGPUR,1733.0
2010-09-10,MUMBAI,1863.0
2010-09-10,NAGPUR,1733.0
2010-09-13,MUMBAI,1863.0
2010-09-13,NAGPUR,1733.0
2010-09-14,MUMBAI,2000.0
2010-09-14,NAGPUR,1733.0
2010-09-15,MUMBAI,2000.0
2010-09-16,MUMBAI,2000.0
2010-09-16,NAGPUR,1733.0
2010-09-17,MUMBAI,1850.0
2010-09-17,NAGPUR,1733.0
2010-09-20,MUMBAI,1850.0
2010-09-20,NAGPUR,1733.0
2010-09-21,MUMBAI,1750.0
2010-09-21,NAGPUR,1733.0
2010-09-22,MUMBAI,1850.0
2010-09-22,NAGPUR,1733.0
2010-09-23,MUMBAI,1850.0
2010-09-23,NAGPUR,1733.0
2010-09-24,MUMBAI,1850.0
2010-09-24,NAGPUR,1700.0
2010-09-27,MUMBAI,1850.0
2010-09-27,NAGPUR,1700.0
2010-09-28,MUMBAI,1850.0
2010-09-28,NAGPUR,1700.0
2010-09-29,MUMBAI,1850.0
2010-09-29,NAGPUR,1700.0
2010-09-30,MUMBAI,1850.0
2010-09-30,NAGPUR,1700.0
2010-10-01,MUMBAI,1875.0
2010-10-01,NAGPUR,1700.0
2010-10-04,MUMBAI,1875.0
2010-10-04,NAGPUR,1700.0
2010-10-05,MUMBAI,1875.0
2010-10-05,NAGPUR,1700.0
2010-10-06,MUMBAI,1875.0
2010-10-06,NAGPUR,1700.0
2010-10-07,MUMBAI,1875.0
2010-10-07,NAGPUR,1700.0
2010-10-08,MUMBAI,1875.0
2010-10-08,NAGPUR,1700.0
2010-10-11,MUMBAI,1875.0
2010-10-11,NAGPUR,1700.0
2010-10-12,MUMBAI,1875.0
2010-10-12,NAGPUR,1700.0
2010-10-13,MUMBAI,1875.0
2010-10-13,NAGPUR,1700.0
2010-10-15,MUMBAI,1875.0
2010-10-15,NAGPUR,1700.0
2010-10-18,MUMBAI,1863.0
2010-10-18,NAGPUR,1700.0
2010-10-19,MUMBAI,1863.0
2010-10-19,NAGPUR,1700.0
2010-10-20,MUMBAI,1863.0
2010-10-20,NAGPUR,1700.0
2010-10-21,MUMBAI,1863.0
2010-10-21,NAGPUR,1700.0
2010-10-22,MUMBAI,1863.0
2010-10-22,NAGPUR,1700.0
2010-10-25,MUMBAI,1863.0
2010-10-25,NAGPUR,1700.0
2010-10-26,MUMBAI,1850.0
2010-10-26,NAGPUR,1850.0
2010-10-27,MUMBAI,1863.0
2010-10-27,NAGPUR,1850.0
2010-10-28,MUMBAI,1863.0
2010-10-28,NAGPUR,1850.0
2010-10-29,MUMBAI,1863.0
2010-10-29,NAGPUR,1850.0
2010-11-01,MUMBAI,1863.0
2010-11-01,NAGPUR,1750.0
2010-11-02,MUMBAI,1850.0
2010-11-02,NAGPUR,1750.0
2010-11-03,MUMBAI,1850.0
2010-11-03,NAGPUR,1750.0
2010-11-04,MUMBAI,1850.0
2010-11-04,NAGPUR,1750.0
2010-11-08,MUMBAI,1850.0
2010-11-08,NAGPUR,1750.0
2010-11-09,MUMBAI,1850.0
2010-11-09,NAGPUR,1750.0
2010-11-10,MUMBAI,1850.0
2010-11-10,NAGPUR,1750.0
2010-11-11,MUMBAI,1850.0
2010-11-11,NAGPUR,1750.0
2010-11-12,MUMBAI,1850.0
2010-11-12,NAGPUR,1750.0
2010-11-15,MUMBAI,1850.0
2010-11-15,NAGPUR,1750.0
2010-11-16,MUMBAI,1863.0
2010-11-16,NAGPUR,1750.0
2010-11-18,MUMBAI,1863.0
2010-11-18,NAGPUR,1750.0
2010-11-19,MUMBAI,1863.0
2010-11-19,NAGPUR,1750.0
2010-11-22,MUMBAI,1900.0
2010-11-22,NAGPUR,1725.0
2010-11-23,MUMBAI,1900.0
2010-11-23,NAGPUR,1750.0
2010-11-24,MUMBAI,1900.0
2010-11-24,NAGPUR,1750.0
2010-11-25,MUMBAI,1860.0
2010-11-25,NAGPUR,1750.0
2010-11-26,MUMBAI,1860.0
2010-11-26,NAGPUR,1750.0
2010-11-29,MUMBAI,1863.0
2010-11-29,NAGPUR,1750.0
2010-11-30,MUMBAI,1863.0
2010-11-30,NAGPUR,1475.0
2010-12-01,MUMBAI,1863.0
2010-12-01,NAGPUR,1475.0
2010-12-02,MUMBAI,1863.0
2010-12-02,NAGPUR,1550.0
2010-12-03,MUMBAI,1863.0
2010-12-03,NAGPUR,1550.0
2010-12-06,MUMBAI,1863.0
2010-12-06,NAGPUR,1550.0
2010-12-07,MUMBAI,1863.0
2010-12-07,NAGPUR,1650.0
2010-12-08,MUMBAI,1863.0
2010-12-08,NAGPUR,1650.0
2010-12-09,MUMBAI,1850.0
2010-12-09,NAGPUR,1650.0
2010-12-10,MUMBAI,1850.0
2010-12-10,NAGPUR,1650.0
2010-12-13,MUMBAI,1850.0
2010-12-13,NAGPUR,1650.0
2010-12-14,MUMBAI,1850.0
2010-12-14,NAGPUR,1750.0
2010-12-15,MUMBAI,1850.0
2010-12-15,NAGPUR,1750.0
2010-12-16,MUMBAI,1850.0
2010-12-16,NAGPUR,1750.0
2010-12-20,MUMBAI,1850.0
2010-12-20,NAGPUR,1750.0
2010-12-21,MUMBAI,1850.0
2010-12-21,NAGPUR,1750.0
2010-12-22,MUMBAI,1850.0
2010-12-22,NAGPUR,1750.0
2010-12-23,MUMBAI,1850.0
2010-12-23,NAGPUR,1750.0
2010-12-24,MUMBAI,1850.0
2010-12-24,NAGPUR,1750.0
2010-12-27,MUMBAI,1850.0
2010-12-27,NAGPUR,1750.0
2010-12-28,MUMBAI,1850.0
2010-12-28,NAGPUR,1750.0
2010-12-29,MUMBAI,1850.0
2010-12-29,NAGPUR,1750.0
2010-12-30,MUMBAI,1850.0
2010-12-30,NAGPUR,1750.0
2010-12-31,MUMBAI,1850.0
2010-12-31,NAGPUR,1750.0
2011-01-03,MUMBAI,1850.0
2011-01-03,NAGPUR,1750.0
2011-01-04,MUMBAI,1850.0
2011-01-04,NAGPUR,1750.0
2011-01-05,MUMBAI,1850.0
2011-01-05,NAGPUR,1750.0
2011-01-06,MUMBAI,1850.0
2011-01-06,NAGPUR,1750.0
2011-01-07,MUMBAI,1850.0
2011-01-07,NAGPUR,1600.0
2011-01-10,MUMBAI,1850.0
2011-01-10,NAGPUR,1600.0
2011-01-11,MUMBAI,1850.0
2011-01-11,NAGPUR,1550.0
2011-01-12,MUMBAI,1850.0
2011-01-12,NAGPUR,1550.0
2011-01-13,MUMBAI,1850.0
2011-01-13,NAGPUR,1550.0
2011-01-14,MUMBAI,1850.0
2011-01-14,NAGPUR,1550.0
2011-01-17,MUMBAI,1850.0
2011-01-17,NAGPUR,1650.0
2011-01-18,MUMBAI,1850.0
2011-01-18,NAGPUR,1650.0
2011-01-19,MUMBAI,1850.0
2011-01-19,NAGPUR,1650.0
2011-01-20,MUMBAI,1850.0
2011-01-20,NAGPUR,1650.0
2011-01-21,MUMBAI,1850.0
2011-01-21,NAGPUR,1650.0
2011-01-24,MUMBAI,1850.0
2011-01-24,NAGPUR,1575.0
2011-01-25,MUMBAI,1850.0
2011-01-25,NAGPUR,1575.0
2011-01-27,MUMBAI,1850.0
2011-01-27,NAGPUR,1575.0
2011-01-28,MUMBAI,1850.0
2011-01-28,NAGPUR,1550.0
2011-01-31,MUMBAI,1850.0
2011-01-31,NAGPUR,1575.0
2011-02-01,MUMBAI,1850.0
2011-02-01,NAGPUR,1575.0
2011-02-02,MUMBAI,1850.0
2011-02-02,NAGPUR,1575.0
2011-02-03,MUMBAI,1850.0
2011-02-03,NAGPUR,1575.0
2011-02-04,MUMBAI,1850.0
2011-02-04,NAGPUR,1575.0
2011-02-07,MUMBAI,1850.0
2011-02-07,NAGPUR,1575.0
2011-02-08,MUMBAI,1850.0
2011-02-08,NAGPUR,1800.0
2011-02-09,MUMBAI,1850.0
2011-02-09,NAGPUR,1800.0
2011-02-10,MUMBAI,1850.0
2011-02-10,NAGPUR,1800.0
2011-02-11,MUMBAI,1850.0
2011-02-11,NAGPUR,1800.0
2011-02-14,MUMBAI,1850.0
2011-02-14,NAGPUR,1750.0
2011-02-15,MUMBAI,1850.0
2011-02-15,NAGPUR,1550.0
2011-02-17,MUMBAI,1850.0
2011-02-17,NAGPUR,1650.0
2011-02-18,MUMBAI,1850.0
2011-02-18,NAGPUR,1650.0
2011-02-21,MUMBAI,1850.0
2011-02-21,NAGPUR,1650.0
2011-02-22,MUMBAI,1850.0
2011-02-22,NAGPUR,1575.0
2011-02-23,MUMBAI,1850.0
2011-02-23,NAGPUR,1575.0
2011-02-24,MUMBAI,1850.0
2011-02-24,NAGPUR,1575.0
2011-02-25,MUMBAI,1850.0
2011-02-25,NAGPUR,1650.0
2011-02-28,MUMBAI,1850.0
2011-02-28,NAGPUR,1650.0
2011-03-01,MUMBAI,1850.0
2011-03-01,NAGPUR,1675.0
2011-03-03,MUMBAI,1850.0
2011-03-03,NAGPUR,1675.0
2011-03-04,MUMBAI,1850.0
2011-03-04,NAGPUR,1675.0
2011-03-07,MUMBAI,1850.0
2011-03-07,NAGPUR,1650.0
2011-03-08,MUMBAI,1850.0
2011-03-08,NAGPUR,1650.0
2011-03-09,MUMBAI,1850.0
2011-03-09,NAGPUR,1650.0
2011-03-10,MUMBAI,1850.0
2011-03-10,NAGPUR,1650.0
2011-03-11,MUMBAI,1850.0
2011-03-11,NAGPUR,1650.0
2011-03-14,MUMBAI,1850.0
2011-03-14,NAGPUR,1667.0
2011-03-15,MUMBAI,1850.0
2011-03-15,NAGPUR,1650.0
2011-03-16,MUMBAI,1850.0
2011-03-16,NAGPUR,1650.0
2011-03-17,MUMBAI,1850.0
2011-03-17,NAGPUR,1650.0
2011-03-18,MUMBAI,1850.0
2011-03-18,NAGPUR,1650.0
2011-03-21,MUMBAI,1850.0
2011-03-21,NAGPUR,1650.0
2011-03-22,MUMBAI,1850.0
2011-03-22,NAGPUR,1650.0
2011-03-23,MUMBAI,1850.0
2011-03-23,NAGPUR,1650.0
2011-03-24,MUMBAI,1850.0
2011-03-24,NAGPUR,1650.0
2011-03-25,MUMBAI,1850.0
2011-03-25,NAGPUR,1650.0
2011-03-28,MUMBAI,1850.0
2011-03-28,NAGPUR,1650.0
2011-03-29,MUMBAI,1850.0
2011-03-29,NAGPUR,1550.0
2011-03-30,MUMBAI,1850.0
2011-03-30,NAGPUR,1550.0
2011-03-31,MUMBAI,1850.0
2011-03-31,NAGPUR,1550.0
2011-04-01,MUMBAI,1850.0
2011-04-01,NAGPUR,1550.0
2011-04-04,MUMBAI,1850.0
2011-04-04,NAGPUR,1550.0
2011-04-05,MUMBAI,1850.0
2011-04-05,NAGPUR,1550.0
2011-04-06,MUMBAI,1850.0
2011-04-06,NAGPUR,1550.0
2011-04-07,MUMBAI,1850.0
2011-04-07,NAGPUR,1550.0
2011-04-08,MUMBAI,1850.0
2011-04-08,NAGPUR,1550.0
2011-04-11,MUMBAI,1850.0
2011-04-11,NAGPUR,1550.0
2011-04-13,MUMBAI,1850.0
2011-04-13,NAGPUR,1550.0
2011-04-15,MUMBAI,1850.0
2011-04-15,NAGPUR,1550.0
2011-04-18,MUMBAI,1850.0
2011-04-18,NAGPUR,1550.0
2011-04-19,MUMBAI,1900.0
2011-04-19,NAGPUR,1500.0
2011-04-20,MUMBAI,1900.0
2011-04-20,NAGPUR,1500.0
2011-04-21,MUMBAI,1900.0
2011-04-21,NAGPUR,1500.0
2011-04-25,MUMBAI,1900.0
2011-04-25,NAGPUR,1583.0
2011-04-26,MUMBAI,1850.0
2011-04-26,NAGPUR,1600.0
2011-04-27,MUMBAI,1850.0
2011-04-27,NAGPUR,1567.0
2011-04-28,MUMBAI,1850.0
2011-04-28,NAGPUR,1567.0
2011-04-29,MUMBAI,1850.0
2011-04-29,NAGPUR,1575.0
2011-05-02,MUMBAI,1850.0
2011-05-02,NAGPUR,1575.0
2011-05-03,MUMBAI,1850.0
2011-05-03,NAGPUR,1575.0
2011-05-04,MUMBAI,1850.0
2011-05-04,NAGPUR,1575.0
2011-05-05,MUMBAI,1850.0
2011-05-05,NAGPUR,1567.0
2011-05-06,MUMBAI,1850.0
2011-05-06,NAGPUR,1567.0
2011-05-09,MUMBAI,1850.0
2011-05-09,NAGPUR,1600.0
2011-05-10,MUMBAI,1850.0
2011-05-10,NAGPUR,1600.0
2011-05-11,MUMBAI,1850.0
2011-05-11,NAGPUR,1500.0
2011-05-12,MUMBAI,1850.0
2011-05-12,NAGPUR,1500.0
2011-05-13,MUMBAI,1850.0
2011-05-13,NAGPUR,1500.0
2011-05-16,MUMBAI,1850.0
2011-05-16,NAGPUR,1500.0
2011-05-18,MUMBAI,1850.0
2011-05-18,NAGPUR,1550.0
2011-05-19,MUMBAI,1850.0
2011-05-19,NAGPUR,1550.0
2011-05-20,MUMBAI,1850.0
2011-05-20,NAGPUR,1550.0
2011-05-23,MUMBAI,1950.0
2011-05-23,NAGPUR,1700.0
2011-05-24,MUMBAI,1950.0
2011-05-24,NAGPUR,1500.0
2011-05-25,MUMBAI,1950.0
2011-05-25,NAGPUR,1500.0
2011-05-26,MUMBAI,1950.0
2011-05-26,NAGPUR,1500.0
2011-05-27,MUMBAI,1950.0
2011-05-27,NAGPUR,1500.0
2011-05-30,MUMBAI,1950.0
2011-05-30,NAGPUR,1500.0
2011-05-31,MUMBAI,1850.0
2011-05-31,NAGPUR,1500.0
2011-06-01,MUMBAI,1850.0
2011-06-01,NAGPUR,1550.0
2011-06-02,MUMBAI,1850.0
2011-06-02,NAGPUR,1550.0
2011-06-03,MUMBAI,1850.0
2011-06-03,NAGPUR,1550.0
2011-06-06,MUMBAI,1775.0
2011-06-06,NAGPUR,1550.0
2011-06-07,MUMBAI,1775.0
2011-06-07,NAGPUR,1500.0
2011-06-08,MUMBAI,1775.0
2011-06-08,NAGPUR,1550.0
2011-06-09,MUMBAI,1775.0
2011-06-09,NAGPUR,1550.0
2011-06-10,MUMBAI,1775.0
2011-06-10,NAGPUR,1550.0
2011-06-13,MUMBAI,1775.0
2011-06-13,NAGPUR,1550.0
2011-06-14,MUMBAI,1800.0
2011-06-14,NAGPUR,1550.0
2011-06-15,MUMBAI,1800.0
2011-06-15,NAGPUR,1550.0
2011-06-16,MUMBAI,1800.0
2011-06-16,NAGPUR,1550.0
2011-06-17,MUMBAI,1800.0
2011-06-17,NAGPUR,1550.0
2011-06-20,MUMBAI,1800.0
2011-06-20,NAGPUR,1550.0
2011-06-21,MUMBAI,1800.0
2011-06-21,NAGPUR,1550.0
2011-06-22,MUMBAI,1800.0
2011-06-22,NAGPUR,1550.0
2011-06-23,MUMBAI,1750.0
2011-06-23,NAGPUR,1550.0
2011-06-24,MUMBAI,1750.0
2011-06-24,NAGPUR,1550.0
2011-06-27,MUMBAI,1750.0
2011-06-27,NAGPUR,1550.0
2011-06-28,MUMBAI,1750.0
2011-06-28,NAGPUR,1700.0
2011-06-29,MUMBAI,1825.0
2011-06-29,NAGPUR,1700.0
2011-06-30,MUMBAI,1825.0
2011-06-30,NAGPUR,1650.0
2011-07-01,MUMBAI,1825.0
2011-07-01,NAGPUR,1650.0
2011-07-04,MUMBAI,1825.0
2011-07-04,NAGPUR,1650.0
2011-07-05,MUMBAI,1850.0
2011-07-05,NAGPUR,1700.0
2011-07-06,MUMBAI,1710.0
2011-07-06,NAGPUR,1700.0
2011-07-07,MUMBAI,1750.0
2011-07-07,NAGPUR,1700.0
2011-07-08,MUMBAI,1750.0
2011-07-08,NAGPUR,1700.0
2011-07-11,MUMBAI,1750.0
2011-07-11,NAGPUR,1700.0
2011-07-12,MUMBAI,1750.0
2011-07-12,NAGPUR,1700.0
2011-07-13,MUMBAI,1750.0
2011-07-13,NAGPUR,1700.0
2011-07-14,MUMBAI,1750.0
2011-07-14,NAGPUR,1700.0
2011-07-15,MUMBAI,1750.0
2011-07-15,NAGPUR,1700.0
2011-07-18,MUMBAI,1788.0
2011-07-18,NAGPUR,1750.0
2011-07-19,MUMBAI,1788.0
2011-07-19,NAGPUR,1650.0
2011-07-20,MUMBAI,1900.0
2011-07-20,NAGPUR,1650.0
2011-07-21,MUMBAI,1900.0
2011-07-21,NAGPUR,1675.0
2011-07-22,MUMBAI,1900.0
2011-07-22,NAGPUR,1650.0
2011-07-25,MUMBAI,1850.0
2011-07-25,NAGPUR,1600.0
2011-07-26,MUMBAI,1850.0
2011-07-26,NAGPUR,1600.0
2011-07-27,MUMBAI,1850.0
2011-07-27,NAGPUR,1650.0
2011-07-28,MUMBAI,1775.0
2011-07-28,NAGPUR,1650.0
2011-07-29,MUMBAI,1775.0
2011-07-29,NAGPUR,1650.0
2011-08-01,MUMBAI,1775.0
2011-08-01,NAGPUR,1750.0
2011-08-02,MUMBAI,1775.0
2011-08-02,NAGPUR,1750.0
2011-08-03,MUMBAI,1775.0
2011-08-03,NAGPUR,1750.0
2011-08-04,MUMBAI,1775.0
2011-08-04,NAGPUR,1750.0
2011-08-05,MUMBAI,1775.0
2011-08-05,NAGPUR,1750.0
2011-08-08,MUMBAI,1775.0
2011-08-08,NAGPUR,1900.0
2011-08-09,MUMBAI,1775.0
2011-08-09,NAGPUR,1900.0
2011-08-10,MUMBAI,1775.0
2011-08-10,NAGPUR,1850.0
2011-08-11,MUMBAI,1725.0
2011-08-11,NAGPUR,1867.0
2011-08-12,MUMBAI,1725.0
2011-08-12,NAGPUR,1867.0
2011-08-16,MUMBAI,1725.0
2011-08-16,NAGPUR,1700.0
2011-08-17,MUMBAI,1725.0
2011-08-17,NAGPUR,1700.0
2011-08-18,MUMBAI,1725.0
2011-08-18,NAGPUR,1700.0
2011-08-19,MUMBAI,1725.0
2011-08-19,NAGPUR,1700.0
2011-08-23,MUMBAI,1850.0
2011-08-23,NAGPUR,1700.0
2011-08-24,MUMBAI,1850.0
2011-08-24,NAGPUR,1700.0
2011-08-25,MUMBAI,1850.0
2011-08-25,NAGPUR,1700.0
2011-08-26,MUMBAI,1850.0
2011-08-26,NAGPUR,1717.0
2011-08-29,MUMBAI,1850.0
2011-08-29,NAGPUR,1717.0
2011-08-30,MUMBAI,1850.0
2011-08-30,NAGPUR,1700.0
2011-09-01,MUMBAI,1850.0
2011-09-01,NAGPUR,1700.0
2011-09-02,MUMBAI,1850.0
2011-09-02,NAGPUR,1700.0
2011-09-05,MUMBAI,1850.0
2011-09-05,NAGPUR,1700.0
2011-09-06,MUMBAI,1850.0
2011-09-06,NAGPUR,1700.0
2011-09-07,MUMBAI,1825.0
2011-09-07,NAGPUR,1700.0
2011-09-08,MUMBAI,1825.0
2011-09-08,NAGPUR,1700.0
2011-09-09,MUMBAI,1800.0
2011-09-09,NAGPUR,1700.0
2011-09-12,MUMBAI,1800.0
2011-09-12,NAGPUR,1700.0
2011-09-13,MUMBAI,1850.0
2011-09-13,NAGPUR,1900.0
2011-09-14,MUMBAI,1825.0
2011-09-14,NAGPUR,1900.0
2011-09-15,MUMBAI,1825.0
2011-09-15,NAGPUR,1900.0
2011-09-16,MUMBAI,1800.0
2011-09-16,NAGPUR,1900.0
2011-09-19,MUMBAI,1725.0
2011-09-19,NAGPUR,1900.0
2011-09-20,MUMBAI,1725.0
2011-09-20,NAGPUR,1850.0
2011-09-21,MUMBAI,1725.0
2011-09-21,NAGPUR,1850.0
2011-09-22,MUMBAI,1725.0
2011-09-22,NAGPUR,1850.0
2011-09-23,MUMBAI,1825.0
2011-09-23,NAGPUR,1850.0
2011-09-26,MUMBAI,1925.0
2011-09-26,NAGPUR,1850.0
2011-09-27,MUMBAI,1775.0
2011-09-27,NAGPUR,1850.0
2011-09-28,MUMBAI,1775.0
2011-09-28,NAGPUR,1650.0
2011-09-29,MUMBAI,1775.0
2011-09-29,NAGPUR,1650.0
2011-09-30,MUMBAI,1775.0
2011-09-30,NAGPUR,1650.0
2011-10-03,MUMBAI,1775.0
2011-10-03,NAGPUR,1650.0
2011-10-04,MUMBAI,1775.0
2011-10-04,NAGPUR,1700.0
2011-10-05,MUMBAI,1775.0
2011-10-05,NAGPUR,1700.0
2011-10-07,MUMBAI,1775.0
2011-10-07,NAGPUR,1700.0
2011-10-10,MUMBAI,1775.0
2011-10-10,NAGPUR,1750.0
2011-10-11,MUMBAI,1775.0
2011-10-11,NAGPUR,1700.0
2011-10-12,MUMBAI,1775.0
2011-10-12,NAGPUR,1700.0
2011-10-13,MUMBAI,1775.0
2011-10-13,NAGPUR,1700.0
2011-10-14,MUMBAI,1775.0
2011-10-14,NAGPUR,1700.0
2011-10-17,MUMBAI,1775.0
2011-10-17,NAGPUR,1725.0
2011-10-18,MUMBAI,1775.0
2011-10-18,NAGPUR,1675.0
2011-10-19,MUMBAI,1775.0
2011-10-19,NAGPUR,1675.0
2011-10-20,MUMBAI,1875.0
2011-10-20,NAGPUR,1650.0
2011-10-21,MUMBAI,1875.0
2011-10-21,NAGPUR,1650.0
2011-10-24,MUMBAI,1875.0
2011-10-24,NAGPUR,1650.0
2011-10-25,MUMBAI,1875.0
2011-10-25,NAGPUR,1700.0
2011-10-27,MUMBAI,1700.0
2011-10-27,NAGPUR,1700.0
2011-10-28,MUMBAI,1700.0
2011-10-28,NAGPUR,1700.0
2011-10-31,MUMBAI,1875.0
2011-10-31,NAGPUR,1700.0
2011-11-01,MUMBAI,1875.0
2011-11-01,NAGPUR,1650.0
2011-11-02,MUMBAI,1875.0
2011-11-02,NAGPUR,1650.0
2011-11-03,MUMBAI,1875.0
2011-11-03,NAGPUR,1650.0
2011-11-04,MUMBAI,1975.0
2011-11-04,NAGPUR,1650.0
2011-11-08,MUMBAI,1975.0
2011-11-08,NAGPUR,1675.0
2011-11-09,MUMBAI,1975.0
2011-11-09,NAGPUR,1675.0
2011-11-11,MUMBAI,1975.0
2011-11-11,NAGPUR,1675.0
2011-11-14,MUMBAI,1875.0
2011-11-14,NAGPUR,1700.0
2011-11-15,MUMBAI,1700.0
2011-11-15,NAGPUR,1700.0
2011-11-16,MUMBAI,1875.0
2011-11-16,NAGPUR,1750.0
2011-11-17,MUMBAI,1750.0
2011-11-17,NAGPUR,1750.0
2011-11-18,MUMBAI,1875.0
2011-11-18,NAGPUR,1750.0
2011-11-21,MUMBAI,1875.0
2011-11-21,NAGPUR,1783.0
2011-11-22,MUMBAI,1875.0
2011-11-22,NAGPUR,1792.0
2011-11-23,MUMBAI,1900.0
2011-11-23,NAGPUR,1800.0
2011-11-24,MUMBAI,1900.0
2011-11-24,NAGPUR,1700.0
2011-11-25,MUMBAI,1900.0
2011-11-25,NAGPUR,1700.0
2011-11-28,MUMBAI,1900.0
2011-11-28,NAGPUR,1700.0
2011-11-29,MUMBAI,1950.0
2011-11-29,NAGPUR,1700.0
2011-11-30,MUMBAI,1950.0
2011-11-30,NAGPUR,1700.0
2011-12-01,MUMBAI,1950.0
2011-12-01,NAGPUR,1700.0
2011-12-02,MUMBAI,1950.0
2011-12-02,NAGPUR,1700.0
2011-12-05,MUMBAI,1900.0
2011-12-05,NAGPUR,1700.0
2011-12-07,MUMBAI,1900.0
2011-12-07,NAGPUR,1700.0
2011-12-08,MUMBAI,1900.0
2011-12-08,NAGPUR,1700.0
2011-12-09,MUMBAI,1900.0
2011-12-09,NAGPUR,1700.0
2011-12-12,MUMBAI,1850.0
2011-12-12,NAGPUR,1700.0
2011-12-13,MUMBAI,1850.0
2011-12-13,NAGPUR,1625.0
2011-12-14,MUMBAI,1860.0
2011-12-14,NAGPUR,1625.0
2011-12-15,MUMBAI,1860.0
2011-12-15,NAGPUR,1650.0
2011-12-16,MUMBAI,1900.0
2011-12-16,NAGPUR,1650.0
2011-12-19,MUMBAI,1925.0
2011-12-19,NAGPUR,1650.0
2011-12-20,MUMBAI,1925.0
2011-12-20,NAGPUR,1658.0
2011-12-21,MUMBAI,1925.0
2011-12-21,NAGPUR,1658.0
2011-12-22,MUMBAI,1925.0
2011-12-22,NAGPUR,1658.0
2011-12-23,MUMBAI,1925.0
2011-12-23,NAGPUR,1658.0
2011-12-26,MUMBAI,1925.0
2011-12-26,NAGPUR,1658.0
2011-12-27,MUMBAI,1925.0
2011-12-27,NAGPUR,1658.0
2011-12-28,MUMBAI,1925.0
2011-12-28,NAGPUR,1667.0
2011-12-29,MUMBAI,1925.0
2011-12-29,NAGPUR,1667.0
2011-12-30,MUMBAI,1925.0
2011-12-30,NAGPUR,1667.0
2012-01-02,MUMBAI,1925.0
2012-01-02,NAGPUR,1667.0
2012-01-03,MUMBAI,1925.0
2012-01-03,NAGPUR,1667.0
2012-01-04,MUMBAI,1925.0
2012-01-04,NAGPUR,1667.0
2012-01-05,MUMBAI,1925.0
2012-01-05,NAGPUR,1667.0
2012-01-06,MUMBAI,1925.0
2012-01-06,NAGPUR,1683.0
2012-01-09,MUMBAI,1925.0
2012-01-09,NAGPUR,1700.0
2012-01-10,MUMBAI,1925.0
2012-01-10,NAGPUR,1700.0
2012-01-11,MUMBAI,1925.0
2012-01-11,NAGPUR,1717.0
2012-01-12,MUMBAI,1925.0
2012-01-12,NAGPUR,1717.0
2012-01-13,MUMBAI,1925.0
2012-01-13,NAGPUR,1717.0
2012-01-16,MUMBAI,1925.0
2012-01-16,NAGPUR,1717.0
2012-01-17,MUMBAI,1925.0
2012-01-17,NAGPUR,1717.0
2012-01-18,MUMBAI,1925.0
2012-01-18,NAGPUR,1717.0
2012-01-19,MUMBAI,1925.0
2012-01-19,NAGPUR,1717.0
2012-01-20,MUMBAI,1925.0
2012-01-20,NAGPUR,1725.0
2012-01-23,MUMBAI,1925.0
2012-01-23,NAGPUR,1733.0
2012-01-24,MUMBAI,1925.0
2012-01-24,NAGPUR,1733.0
2012-01-25,MUMBAI,1925.0
2012-01-25,NAGPUR,1733.0
2012-01-27,MUMBAI,1925.0
2012-01-27,NAGPUR,1750.0
2012-01-30,MUMBAI,1925.0
2012-01-30,NAGPUR,1750.0
2012-01-31,MUMBAI,1925.0
2012-01-31,NAGPUR,1750.0
2012-02-01,MUMBAI,1925.0
2012-02-01,NAGPUR,1833.0
2012-02-02,MUMBAI,1925.0
2012-02-02,NAGPUR,1833.0
2012-02-03,MUMBAI,1925.0
2012-02-03,NAGPUR,1833.0
2012-02-06,MUMBAI,1925.0
2012-02-06,NAGPUR,1833.0
2012-02-07,MUMBAI,1925.0
2012-02-07,NAGPUR,1833.0
2012-02-08,MUMBAI,1925.0
2012-02-08,NAGPUR,1833.0
2012-02-09,MUMBAI,1925.0
2012-02-09,NAGPUR,1833.0
2012-02-10,MUMBAI,1925.0
2012-02-10,NAGPUR,1883.0
2012-02-13,MUMBAI,1925.0
2012-02-13,NAGPUR,1883.0
2012-02-14,MUMBAI,1925.0
2012-02-14,NAGPUR,1883.0
2012-02-15,MUMBAI,1925.0
2012-02-15,NAGPUR,1950.0
2012-02-16,MUMBAI,1950.0
2012-02-16,NAGPUR,1950.0
2012-02-17,MUMBAI,1925.0
2012-02-17,NAGPUR,1950.0
2012-02-21,MUMBAI,1925.0
2012-02-21,NAGPUR,1950.0
2012-02-22,MUMBAI,1925.0
2012-02-22,NAGPUR,1950.0
2012-02-23,MUMBAI,1925.0
2012-02-23,NAGPUR,1950.0
2012-02-24,MUMBAI,1925.0
2012-02-24,NAGPUR,2017.0
2012-02-27,MUMBAI,1925.0
2012-02-27,NAGPUR,2017.0
2012-02-28,MUMBAI,1925.0
2012-02-28,NAGPUR,2017.0
2012-02-29,MUMBAI,1925.0
2012-02-29,NAGPUR,2017.0
2012-03-01,MUMBAI,1925.0
2012-03-01,NAGPUR,2017.0
2012-03-02,MUMBAI,1925.0
2012-03-02,NAGPUR,2017.0
2012-03-05,MUMBAI,1925.0
2012-03-05,NAGPUR,2017.0
2012-03-06,MUMBAI,1925.0
2012-03-06,NAGPUR,2017.0
2012-03-07,MUMBAI,1925.0
2012-03-07,NAGPUR,2017.0
2012-03-09,MUMBAI,1925.0
2012-03-09,NAGPUR,2017.0
2012-03-12,MUMBAI,1925.0
2012-03-12,NAGPUR,2017.0
2012-03-13,MUMBAI,1925.0
2012-03-13,NAGPUR,2017.0
2012-03-14,MUMBAI,1925.0
2012-03-14,NAGPUR,2017.0
2012-03-15,MUMBAI,1925.0
2012-03-15,NAGPUR,2017.0
2012-03-16,MUMBAI,1925.0
2012-03-16,NAGPUR,2017.0
2012-03-19,MUMBAI,1925.0
2012-03-19,NAGPUR,2017.0
2012-03-20,MUMBAI,1925.0
2012-03-20,NAGPUR,2017.0
2012-03-21,MUMBAI,1925.0
2012-03-21,NAGPUR,2017.0
2012-03-22,MUMBAI,1925.0
2012-03-22,NAGPUR,2017.0
2012-03-23,MUMBAI,2017.0
2012-03-23,NAGPUR,2017.0
2012-03-26,MUMBAI,1925.0
2012-03-26,NAGPUR,2017.0
2012-03-27,MUMBAI,1925.0
2012-03-27,NAGPUR,2017.0
2012-03-28,MUMBAI,1925.0
2012-03-28,NAGPUR,2050.0
2012-03-29,MUMBAI,1925.0
2012-03-29,NAGPUR,2050.0
2012-03-30,MUMBAI,1925.0
2012-03-30,NAGPUR,2050.0
2012-04-02,MUMBAI,1925.0
2012-04-02,NAGPUR,2050.0
2012-04-03,MUMBAI,1925.0
2012-04-03,NAGPUR,2050.0
2012-04-04,MUMBAI,1925.0
2012-04-04,NAGPUR,2050.0
2012-04-09,MUMBAI,1925.0
2012-04-09,NAGPUR,2050.0
2012-04-10,MUMBAI,1925.0
2012-04-10,NAGPUR,2050.0
2012-04-11,MUMBAI,1925.0
2012-04-11,NAGPUR,2050.0
2012-04-12,MUMBAI,1925.0
2012-04-12,NAGPUR,2050.0
2012-04-13,MUMBAI,1925.0
2012-04-13,NAGPUR,2050.0
2012-04-16,MUMBAI,1925.0
2012-04-16,NAGPUR,2050.0
2012-04-17,MUMBAI,1925.0
2012-04-17,NAGPUR,2050.0
2012-04-18,MUMBAI,1925.0
2012-04-18,NAGPUR,2050.0
2012-04-19,MUMBAI,1925.0
2012-04-19,NAGPUR,2050.0
2012-04-20,MUMBAI,1925.0
2012-04-20,NAGPUR,2070.0
2012-04-23,MUMBAI,1925.0
2012-04-23,NAGPUR,2070.0
2012-04-24,MUMBAI,1925.0
2012-04-24,NAGPUR,2070.0
2012-04-25,MUMBAI,1925.0
2012-04-25,NAGPUR,2070.0
2012-04-26,MUMBAI,1925.0
2012-04-26,NAGPUR,2070.0
2012-04-27,MUMBAI,1925.0
2012-04-27,NAGPUR,2070.0
2012-04-30,MUMBAI,1925.0
2012-04-30,NAGPUR,2070.0
2012-05-01,MUMBAI,2070.0
2012-05-01,NAGPUR,2070.0
2012-05-02,MUMBAI,1925.0
2012-05-02,NAGPUR,2070.0
2012-05-03,MUMBAI,1950.0
2012-05-03,NAGPUR,2070.0
2012-05-04,MUMBAI,1950.0
2012-05-04,NAGPUR,2070.0
2012-05-07,MUMBAI,2000.0
2012-05-07,NAGPUR,2070.0
2012-05-08,MUMBAI,2000.0
2012-05-08,NAGPUR,2070.0
2012-05-09,MUMBAI,2000.0
2012-05-09,NAGPUR,2072.0
2012-05-10,MUMBAI,2000.0
2012-05-10,NAGPUR,2072.0
2012-05-11,MUMBAI,2000.0
2012-05-11,NAGPUR,2072.0
2012-05-14,MUMBAI,2000.0
2012-05-14,NAGPUR,2072.0
2012-05-15,MUMBAI,2000.0
2012-05-15,NAGPUR,2072.0
2012-05-16,MUMBAI,2000.0
2012-05-16,NAGPUR,2065.0
2012-05-17,MUMBAI,2850.0
2012-05-17,NAGPUR,2065.0
2012-05-18,MUMBAI,2850.0
2012-05-18,NAGPUR,2065.0
2012-05-21,MUMBAI,2850.0
2012-05-21,NAGPUR,2065.0
2012-05-22,MUMBAI,2850.0
2012-05-22,NAGPUR,2065.0
2012-05-23,MUMBAI,2850.0
2012-05-23,NAGPUR,2065.0
2012-05-24,MUMBAI,2850.0
2012-05-24,NAGPUR,2065.0
2012-05-25,MUMBAI,2850.0
2012-05-25,NAGPUR,2065.0
2012-05-28,MUMBAI,2400.0
2012-05-28,NAGPUR,2065.0
2012-05-29,MUMBAI,2400.0
2012-05-29,NAGPUR,2065.0
2012-05-30,MUMBAI,2400.0
2012-05-30,NAGPUR,2065.0
2012-05-31,MUMBAI,2400.0
2012-05-31,NAGPUR,2065.0
2012-06-01,MUMBAI,2400.0
2012-06-01,NAGPUR,2065.0
2012-06-04,MUMBAI,2400.0
2012-06-04,NAGPUR,2065.0
2012-06-05,MUMBAI,2400.0
2012-06-05,NAGPUR,2065.0
2012-06-06,MUMBAI,2400.0
2012-06-06,NAGPUR,2065.0
2012-06-07,MUMBAI,2400.0
2012-06-07,NAGPUR,2065.0
2012-06-08,MUMBAI,2400.0
2012-06-08,NAGPUR,2065.0
2012-06-11,MUMBAI,2400.0
2012-06-11,NAGPUR,2065.0
2012-06-12,MUMBAI,2400.0
2012-06-12,NAGPUR,2065.0
2012-06-13,MUMBAI,2400.0
2012-06-13,NAGPUR,2065.0
2012-06-14,MUMBAI,2400.0
2012-06-14,NAGPUR,2065.0
2012-06-15,MUMBAI,2400.0
2012-06-15,NAGPUR,2065.0
2012-06-18,MUMBAI,2400.0
2012-06-18,NAGPUR,2065.0
2012-06-19,MUMBAI,2400.0
2012-06-19,NAGPUR,2067.0
2012-06-20,MUMBAI,2400.0
2012-06-20,NAGPUR,2067.0
2012-06-21,MUMBAI,2400.0
2012-06-21,NAGPUR,2043.0
2012-06-22,MUMBAI,2043.0
2012-06-22,NAGPUR,2043.0
2012-06-25,MUMBAI,2043.0
2012-06-25,NAGPUR,2043.0
2012-06-26,MUMBAI,2043.0
2012-06-26,NAGPUR,2043.0
2012-06-27,MUMBAI,2400.0
2012-06-27,NAGPUR,2043.0
2012-06-28,MUMBAI,2043.0
2012-06-28,NAGPUR,2043.0
2012-06-29,MUMBAI,2400.0
2012-06-29,NAGPUR,2043.0
2012-07-02,MUMBAI,2400.0
2012-07-02,NAGPUR,2043.0
2012-07-03,MUMBAI,2400.0
2012-07-03,NAGPUR,2043.0
2012-07-04,MUMBAI,2400.0
2012-07-04,NAGPUR,2043.0
2012-07-05,MUMBAI,2400.0
2012-07-05,NAGPUR,2043.0
2012-07-06,MUMBAI,2400.0
2012-07-06,NAGPUR,2043.0
2012-07-09,MUMBAI,2400.0
2012-07-09,NAGPUR,2037.0
2012-07-10,MUMBAI,2400.0
2012-07-10,NAGPUR,2033.0
2012-07-11,MUMBAI,2400.0
2012-07-11,NAGPUR,2033.0
2012-07-12,MUMBAI,2400.0
2012-07-12,NAGPUR,2033.0
2012-07-13,MUMBAI,2400.0
2012-07-13,NAGPUR,2033.0
2012-07-16,MUMBAI,2400.0
2012-07-16,NAGPUR,2033.0
2012-07-17,MUMBAI,2400.0
2012-07-17,NAGPUR,2033.0
2012-07-18,MUMBAI,2400.0
2012-07-18,NAGPUR,2033.0
2012-07-19,MUMBAI,2400.0
2012-07-19,NAGPUR,2033.0
2012-07-20,MUMBAI,2400.0
2012-07-20,NAGPUR,2067.0
2012-07-23,MUMBAI,2400.0
2012-07-23,NAGPUR,2400.0
2012-07-24,MUMBAI,2400.0
2012-07-24,NAGPUR,2067.0
2012-07-25,MUMBAI,2400.0
2012-07-25,NAGPUR,2067.0
2012-07-26,MUMBAI,2400.0
2012-07-26,NAGPUR,2067.0
2012-07-27,MUMBAI,2400.0
2012-07-27,NAGPUR,2067.0
2012-07-30,MUMBAI,2400.0
2012-07-30,NAGPUR,2067.0
2012-07-31,MUMBAI,2500.0
2012-07-31,NAGPUR,2067.0
2012-08-01,MUMBAI,2500.0
2012-08-01,NAGPUR,2067.0
2012-08-02,MUMBAI,2500.0
2012-08-02,NAGPUR,2067.0
2012-08-03,MUMBAI,2500.0
2012-08-03,NAGPUR,2067.0
2012-08-06,MUMBAI,2500.0
2012-08-06,NAGPUR,2067.0
2012-08-07,MUMBAI,2500.0
2012-08-07,NAGPUR,2067.0
2012-08-08,MUMBAI,2500.0
2012-08-08,NAGPUR,2067.0
2012-08-09,MUMBAI,2500.0
2012-08-09,NAGPUR,2067.0
2012-08-13,MUMBAI,2500.0
2012-08-13,NAGPUR,2030.0
2012-08-14,MUMBAI,2500.0
2012-08-14,NAGPUR,2030.0
2012-08-16,MUMBAI,2500.0
2012-08-16,NAGPUR,2030.0
2012-08-17,MUMBAI,2500.0
2012-08-17,NAGPUR,2030.0
2012-08-21,MUMBAI,2500.0
2012-08-21,NAGPUR,2030.0
2012-08-22,MUMBAI,2500.0
2012-08-22,NAGPUR,2030.0
2012-08-23,MUMBAI,2500.0
2012-08-23,NAGPUR,2030.0
2012-08-24,MUMBAI,2500.0
2012-08-24,NAGPUR,2030.0
2012-08-27,MUMBAI,2500.0
2012-08-27,NAGPUR,2038.0
2012-08-28,MUMBAI,2500.0
2012-08-28,NAGPUR,2032.0
2012-08-29,MUMBAI,2500.0
2012-08-29,NAGPUR,2032.0
2012-08-30,MUMBAI,2500.0
2012-08-30,NAGPUR,2032.0
2012-08-31,MUMBAI,2350.0
2012-08-31,NAGPUR,2023.0
2012-09-03,MUMBAI,2250.0
2012-09-03,NAGPUR,2023.0
2012-09-04,MUMBAI,2150.0
2012-09-04,NAGPUR,2023.0
2012-09-05,MUMBAI,2150.0
2012-09-05,NAGPUR,2023.0
2012-09-06,MUMBAI,2150.0
2012-09-06,NAGPUR,2032.0
2012-09-07,MUMBAI,2150.0
2012-09-07,NAGPUR,2032.0
2012-09-10,MUMBAI,2150.0
2012-09-10,NAGPUR,2038.0
2012-09-11,MUMBAI,2150.0
2012-09-11,NAGPUR,2038.0
2012-09-12,MUMBAI,2150.0
2012-09-12,NAGPUR,2038.0
2012-09-13,MUMBAI,2150.0
2012-09-13,NAGPUR,2038.0
2012-09-14,MUMBAI,2150.0
2012-09-14,NAGPUR,2038.0
2012-09-17,MUMBAI,2150.0
2012-09-17,NAGPUR,2068.0
2012-09-18,MUMBAI,2150.0
2012-09-18,NAGPUR,2068.0
2012-09-19,MUMBAI,2068.0
2012-09-19,NAGPUR,2068.0
2012-09-20,MUMBAI,2150.0
2012-09-20,NAGPUR,2068.0
2012-09-21,MUMBAI,2150.0
2012-09-21,NAGPUR,2068.0
2012-09-24,MUMBAI,2150.0
2012-09-24,NAGPUR,2068.0
2012-09-25,MUMBAI,2150.0
2012-09-25,NAGPUR,2068.0
2012-09-26,MUMBAI,2150.0
2012-09-26,NAGPUR,2068.0
2012-09-27,MUMBAI,2150.0
2012-09-27,NAGPUR,2108.0
2012-09-28,MUMBAI,2150.0
2012-09-28,NAGPUR,2108.0
2012-10-01,MUMBAI,2250.0
2012-10-01,NAGPUR,2108.0
2012-10-03,MUMBAI,2150.0
2012-10-03,NAGPUR,2108.0
2012-10-04,MUMBAI,2150.0
2012-10-04,NAGPUR,2108.0
2012-10-05,MUMBAI,2150.0
2012-10-05,NAGPUR,2153.0
2012-10-08,MUMBAI,2150.0
2012-10-08,NAGPUR,2153.0
2012-10-09,MUMBAI,2150.0
2012-10-09,NAGPUR,2153.0
2012-10-10,MUMBAI,2150.0
2012-10-10,NAGPUR,2153.0
2012-10-11,MUMBAI,2150.0
2012-10-11,NAGPUR,2153.0
2012-10-12,MUMBAI,2150.0
2012-10-12,NAGPUR,2153.0
2012-10-15,MUMBAI,2150.0
2012-10-15,NAGPUR,2153.0
2012-10-16,MUMBAI,2150.0
2012-10-16,NAGPUR,2153.0
2012-10-17,MUMBAI,2150.0
2012-10-17,NAGPUR,2153.0
2012-10-18,MUMBAI,2150.0
2012-10-18,NAGPUR,2153.0
2012-10-19,MUMBAI,2150.0
2012-10-19,NAGPUR,2153.0
2012-10-22,MUMBAI,2150.0
2012-10-22,NAGPUR,2153.0
2012-10-23,MUMBAI,2150.0
2012-10-23,NAGPUR,2153.0
2012-10-25,MUMBAI,2150.0
2012-10-25,NAGPUR,2153.0
2012-10-26,MUMBAI,2153.0
2012-10-26,NAGPUR,2153.0
2012-10-29,MUMBAI,2150.0
2012-10-29,NAGPUR,2260.0
2012-10-30,MUMBAI,2150.0
2012-10-30,NAGPUR,2260.0
2012-10-31,MUMBAI,2150.0
2012-10-31,NAGPUR,2260.0
2012-11-01,MUMBAI,2150.0
2012-11-01,NAGPUR,2260.0
2012-11-02,MUMBAI,2150.0
2012-11-02,NAGPUR,2260.0
2012-11-05,MUMBAI,2150.0
2012-11-05,NAGPUR,2260.0
2012-11-06,MUMBAI,2150.0
2012-11-06,NAGPUR,2260.0
2012-11-07,MUMBAI,2150.0
2012-11-07,NAGPUR,2260.0
2012-11-08,MUMBAI,2150.0
2012-11-08,NAGPUR,2260.0
2012-11-09,MUMBAI,2150.0
2012-11-09,NAGPUR,2260.0
2012-11-12,MUMBAI,2150.0
2012-11-12,NAGPUR,2260.0
2012-11-14,MUMBAI,2260.0
2012-11-14,NAGPUR,2260.0
2012-11-15,MUMBAI,2260.0
2012-11-15,NAGPUR,2260.0
2012-11-16,MUMBAI,2150.0
2012-11-16,NAGPUR,2260.0
2012-11-19,MUMBAI,2150.0
2012-11-19,NAGPUR,2260.0
2012-11-20,MUMBAI,2150.0
2012-11-20,NAGPUR,2260.0
2012-11-21,MUMBAI,2150.0
2012-11-21,NAGPUR,2260.0
2012-11-22,MUMBAI,2150.0
2012-11-22,NAGPUR,2260.0
2012-11-23,MUMBAI,2250.0
2012-11-23,NAGPUR,2260.0
2012-11-26,MUMBAI,2250.0
2012-11-26,NAGPUR,2260.0
2012-11-27,MUMBAI,2250.0
2012-11-27,NAGPUR,2260.0
2012-11-29,MUMBAI,2250.0
2012-11-29,NAGPUR,2260.0
2012-11-30,MUMBAI,2250.0
2012-11-30,NAGPUR,2260.0
2012-12-03,MUMBAI,2260.0
2012-12-03,NAGPUR,2240.0
2012-12-04,MUMBAI,2250.0
2012-12-04,NAGPUR,2240.0
2012-12-05,MUMBAI,2250.0
2012-12-05,NAGPUR,2240.0
2012-12-06,MUMBAI,2250.0
2012-12-06,NAGPUR,2240.0
2012-12-07,MUMBAI,2250.0
2012-12-07,NAGPUR,2240.0
2012-12-10,MUMBAI,2250.0
2012-12-10,NAGPUR,2240.0
2012-12-11,MUMBAI,2250.0
2012-12-11,NAGPUR,2240.0
2012-12-12,MUMBAI,2100.0
2012-12-12,NAGPUR,2243.0
2012-12-13,MUMBAI,2100.0
2012-12-13,NAGPUR,2243.0
2012-12-14,MUMBAI,2100.0
2012-12-14,NAGPUR,2230.0
2012-12-17,MUMBAI,2100.0
2012-12-17,NAGPUR,2230.0
2012-12-18,MUMBAI,2100.0
2012-12-18,NAGPUR,2230.0
2012-12-19,MUMBAI,2100.0
2012-12-19,NAGPUR,2170.0
2012-12-20,MUMBAI,2100.0
2012-12-20,NAGPUR,2170.0
2012-12-21,MUMBAI,2100.0
2012-12-21,NAGPUR,2170.0
2012-12-24,MUMBAI,2100.0
2012-12-24,NAGPUR,2167.0
2012-12-26,MUMBAI,2100.0
2012-12-26,NAGPUR,2167.0
2012-12-27,MUMBAI,2100.0
2012-12-27,NAGPUR,2113.0
2012-12-28,MUMBAI,2100.0
2012-12-28,NAGPUR,2113.0
2012-12-31,MUMBAI,2100.0
2012-12-31,NAGPUR,2113.0
2013-01-01,MUMBAI,2100.0
2013-01-01,NAGPUR,2100.0
2013-01-02,MUMBAI,2100.0
2013-01-02,NAGPUR,2100.0
2013-01-03,MUMBAI,2100.0
2013-01-03,NAGPUR,2100.0
2013-01-04,MUMBAI,2100.0
2013-01-04,NAGPUR,2100.0
2013-01-07,MUMBAI,2100.0
2013-01-07,NAGPUR,2200.0
2013-01-08,MUMBAI,2100.0
2013-01-08,NAGPUR,2200.0
2013-01-09,MUMBAI,2100.0
2013-01-09,NAGPUR,2200.0
2013-01-10,MUMBAI,2100.0
2013-01-10,NAGPUR,2200.0
2013-01-11,MUMBAI,2100.0
2013-01-11,NAGPUR,2200.0
2013-01-14,MUMBAI,2100.0
2013-01-14,NAGPUR,2200.0
2013-01-15,MUMBAI,2100.0
2013-01-15,NAGPUR,2200.0
2013-01-16,MUMBAI,2100.0
2013-01-16,NAGPUR,2200.0
2013-01-17,MUMBAI,2100.0
2013-01-17,NAGPUR,2200.0
2013-01-18,MUMBAI,2100.0
2013-01-18,NAGPUR,2200.0
2013-01-21,MUMBAI,2100.0
2013-01-21,NAGPUR,2300.0
2013-01-22,MUMBAI,2100.0
2013-01-22,NAGPUR,2300.0
2013-01-23,MUMBAI,2100.0
2013-01-23,NAGPUR,2300.0
2013-01-24,MUMBAI,2100.0
2013-01-24,NAGPUR,2300.0
2013-01-28,MUMBAI,2100.0
2013-01-28,NAGPUR,2300.0
2013-01-30,MUMBAI,2100.0
2013-01-30,NAGPUR,2300.0
2013-01-31,MUMBAI,2100.0
2013-01-31,NAGPUR,2300.0
2013-02-01,MUMBAI,2100.0
2013-02-01,NAGPUR,2300.0
2013-02-04,MUMBAI,2100.0
2013-02-04,NAGPUR,2300.0
2013-02-05,MUMBAI,2100.0
2013-02-05,NAGPUR,2300.0
2013-02-06,MUMBAI,2125.0
2013-02-06,NAGPUR,2300.0
2013-02-07,MUMBAI,2125.0
2013-02-07,NAGPUR,2300.0
2013-02-08,MUMBAI,2125.0
2013-02-08,NAGPUR,2300.0
2013-02-11,MUMBAI,2125.0
2013-02-11,NAGPUR,2300.0
2013-02-12,MUMBAI,2125.0
2013-02-12,NAGPUR,2300.0
2013-02-13,MUMBAI,2125.0
2013-02-13,NAGPUR,2300.0
2013-02-14,MUMBAI,2125.0
2013-02-14,NAGPUR,2300.0
2013-02-15,MUMBAI,2125.0
2013-02-15,NAGPUR,2300.0
2013-02-18,MUMBAI,2125.0
2013-02-18,NAGPUR,2300.0
2013-02-19,MUMBAI,2300.0
2013-02-19,NAGPUR,2300.0
2013-02-20,MUMBAI,2125.0
2013-02-20,NAGPUR,2300.0
2013-02-21,MUMBAI,2125.0
2013-02-21,NAGPUR,2300.0
2013-02-22,MUMBAI,2125.0
2013-02-22,NAGPUR,2300.0
2013-02-25,MUMBAI,2125.0
2013-02-25,NAGPUR,2300.0
2013-02-26,MUMBAI,2125.0
2013-02-26,NAGPUR,2300.0
2013-02-27,MUMBAI,2125.0
2013-02-27,NAGPUR,2300.0
2013-02-28,MUMBAI,2125.0
2013-02-28,NAGPUR,2300.0
2013-03-01,MUMBAI,2125.0
2013-03-01,NAGPUR,2300.0
2013-03-04,MUMBAI,2125.0
2013-03-04,NAGPUR,2300.0
2013-03-05,MUMBAI,2125.0
2013-03-05,NAGPUR,2300.0
2013-03-06,MUMBAI,2125.0
2013-03-06,NAGPUR,2300.0
2013-03-07,MUMBAI,2125.0
2013-03-07,NAGPUR,2300.0
2013-03-08,MUMBAI,2125.0
2013-03-08,NAGPUR,2300.0
2013-03-11,MUMBAI,2125.0
2013-03-11,NAGPUR,2300.0
2013-03-12,MUMBAI,2125.0
2013-03-12,NAGPUR,2300.0
2013-03-13,MUMBAI,2125.0
2013-03-13,NAGPUR,2300.0
2013-03-14,MUMBAI,2125.0
2013-03-14,NAGPUR,2300.0
2013-03-15,MUMBAI,2125.0
2013-03-15,NAGPUR,2300.0
2013-03-18,MUMBAI,2125.0
2013-03-18,NAGPUR,2300.0
2013-03-19,MUMBAI,2125.0
2013-03-19,NAGPUR,2300.0
2013-03-20,MUMBAI,2125.0
2013-03-20,NAGPUR,2300.0
2013-03-21,MUMBAI,2125.0
2013-03-21,NAGPUR,2300.0
2013-03-22,MUMBAI,2125.0
2013-03-22,NAGPUR,2300.0
2013-03-25,MUMBAI,2125.0
2013-03-25,NAGPUR,2300.0
2013-03-26,MUMBAI,2125.0
2013-03-26,NAGPUR,2300.0
2013-03-28,MUMBAI,2125.0
2013-03-28,NAGPUR,2300.0
2013-04-01,MUMBAI,2125.0
2013-04-01,NAGPUR,2300.0
2013-04-02,MUMBAI,2125.0
2013-04-02,NAGPUR,2300.0
2013-04-03,MUMBAI,2125.0
2013-04-03,NAGPUR,2257.0
2013-04-04,MUMBAI,2125.0
2013-04-04,NAGPUR,2257.0
2013-04-05,MUMBAI,2125.0
2013-04-05,NAGPUR,2257.0
2013-04-08,MUMBAI,2125.0
2013-04-08,NAGPUR,2257.0
2013-04-09,MUMBAI,2125.0
2013-04-09,NAGPUR,2257.0
2013-04-10,MUMBAI,2125.0
2013-04-10,NAGPUR,2257.0
2013-04-11,MUMBAI,2257.0
2013-04-11,NAGPUR,2257.0
2013-04-12,MUMBAI,2125.0
2013-04-12,NAGPUR,2257.0
2013-04-15,MUMBAI,2125.0
2013-04-15,NAGPUR,2257.0
2013-04-16,MUMBAI,2125.0
2013-04-16,NAGPUR,2257.0
2013-04-17,MUMBAI,2125.0
2013-04-17,NAGPUR,2257.0
2013-04-18,MUMBAI,2175.0
2013-04-18,NAGPUR,2257.0
2013-04-22,MUMBAI,2175.0
2013-04-22,NAGPUR,2257.0
2013-04-23,MUMBAI,2175.0
2013-04-23,NAGPUR,2257.0
2013-04-25,MUMBAI,2175.0
2013-04-25,NAGPUR,2257.0
2013-04-26,MUMBAI,2175.0
2013-04-26,NAGPUR,2257.0
2013-04-29,MUMBAI,2175.0
2013-04-29,NAGPUR,2257.0
2013-04-30,MUMBAI,2175.0
2013-04-30,NAGPUR,2257.0
2013-05-01,MUMBAI,2257.0
2013-05-01,NAGPUR,2257.0
2013-05-02,MUMBAI,2175.0
2013-05-02,NAGPUR,2257.0
2013-05-03,MUMBAI,2175.0
2013-05-03,NAGPUR,2257.0
2013-05-06,MUMBAI,2175.0
2013-05-06,NAGPUR,2257.0
2013-05-07,MUMBAI,2175.0
2013-05-07,NAGPUR,2257.0
2013-05-08,MUMBAI,2175.0
2013-05-08,NAGPUR,2257.0
2013-05-09,MUMBAI,2175.0
2013-05-09,NAGPUR,2257.0
2013-05-10,MUMBAI,2175.0
2013-05-10,NAGPUR,2257.0
2013-05-13,MUMBAI,2175.0
2013-05-13,NAGPUR,2257.0
2013-05-14,MUMBAI,2175.0
2013-05-14,NAGPUR,2257.0
2013-05-15,MUMBAI,2175.0
2013-05-15,NAGPUR,2257.0
2013-05-16,MUMBAI,2175.0
2013-05-16,NAGPUR,2257.0
2013-05-17,MUMBAI,2175.0
2013-05-17,NAGPUR,2257.0
2013-05-20,MUMBAI,2250.0
2013-05-20,NAGPUR,2272.0
2013-05-21,MUMBAI,2250.0
2013-05-21,NAGPUR,2272.0
2013-05-22,MUMBAI,2250.0
2013-05-22,NAGPUR,2272.0
2013-05-23,MUMBAI,2250.0
2013-05-23,NAGPUR,2272.0
2013-05-24,MUMBAI,2250.0
2013-05-24,NAGPUR,2272.0
2013-05-27,MUMBAI,2250.0
2013-05-27,NAGPUR,2272.0
2013-05-28,MUMBAI,2250.0
2013-05-28,NAGPUR,2272.0
2013-05-29,MUMBAI,2250.0
2013-05-29,NAGPUR,2272.0
2013-05-30,MUMBAI,2250.0
2013-05-30,NAGPUR,2283.0
2013-05-31,MUMBAI,2250.0
2013-05-31,NAGPUR,2283.0
2013-06-03,MUMBAI,2250.0
2013-06-03,NAGPUR,2283.0
2013-06-04,MUMBAI,2250.0
2013-06-04,NAGPUR,2283.0
2013-06-05,MUMBAI,2250.0
2013-06-05,NAGPUR,2283.0
2013-06-06,MUMBAI,2250.0
2013-06-06,NAGPUR,2283.0
2013-06-07,MUMBAI,2250.0
2013-06-07,NAGPUR,2283.0
2013-06-10,MUMBAI,2250.0
2013-06-10,NAGPUR,2283.0
2013-06-11,MUMBAI,2250.0
2013-06-11,NAGPUR,2283.0
2013-06-12,MUMBAI,2250.0
2013-06-12,NAGPUR,2283.0
2013-06-13,MUMBAI,2250.0
2013-06-13,NAGPUR,2283.0
2013-06-14,MUMBAI,2250.0
2013-06-14,NAGPUR,2283.0
2013-06-17,MUMBAI,2450.0
2013-06-17,NAGPUR,2283.0
2013-06-18,MUMBAI,2450.0
2013-06-18,NAGPUR,2283.0
2013-06-19,MUMBAI,2450.0
2013-06-19,NAGPUR,2283.0
2013-06-20,MUMBAI,2450.0
2013-06-20,NAGPUR,2283.0
2013-06-21,MUMBAI,2450.0
2013-06-21,NAGPUR,2283.0
2013-06-24,MUMBAI,2450.0
2013-06-24,NAGPUR,2283.0
2013-06-25,MUMBAI,2450.0
2013-06-25,NAGPUR,2283.0
2013-06-26,MUMBAI,2450.0
2013-06-26,NAGPUR,2283.0
2013-06-27,MUMBAI,2450.0
2013-06-27,NAGPUR,2283.0
2013-06-28,MUMBAI,2450.0
2013-06-28,NAGPUR,2283.0
2013-07-01,MUMBAI,2450.0
2013-07-01,NAGPUR,2283.0
2013-07-02,MUMBAI,2450.0
2013-07-02,NAGPUR,2283.0
2013-07-03,MUMBAI,2450.0
2013-07-03,NAGPUR,2283.0
2013-07-04,MUMBAI,2450.0
2013-07-04,NAGPUR,2283.0
2013-07-05,MUMBAI,2450.0
2013-07-05,NAGPUR,2283.0
2013-07-08,MUMBAI,2450.0
2013-07-08,NAGPUR,2283.0
2013-07-09,MUMBAI,2450.0
2013-07-09,NAGPUR,2283.0
2013-07-10,MUMBAI,2450.0
2013-07-10,NAGPUR,2283.0
2013-07-11,MUMBAI,2450.0
2013-07-11,NAGPUR,2283.0
2013-07-12,MUMBAI,2450.0
2013-07-12,NAGPUR,2283.0
2013-07-15,MUMBAI,2450.0
2013-07-15,NAGPUR,2283.0
2013-07-16,MUMBAI,2450.0
2013-07-16,NAGPUR,2283.0
2013-07-17,MUMBAI,2450.0
2013-07-17,NAGPUR,2283.0
2013-07-18,MUMBAI,2450.0
2013-07-18,NAGPUR,2283.0
2013-07-19,MUMBAI,2450.0
2013-07-19,NAGPUR,2283.0
2013-07-22,MUMBAI,2450.0
2013-07-22,NAGPUR,2283.0
2013-07-23,MUMBAI,2450.0
2013-07-23,NAGPUR,2283.0
2013-07-24,MUMBAI,2450.0
2013-07-24,NAGPUR,2283.0
2013-07-25,MUMBAI,2450.0
2013-07-25,NAGPUR,2283.0
2013-07-26,MUMBAI,2450.0
2013-07-26,NAGPUR,2283.0
2013-07-29,MUMBAI,2450.0
2013-07-29,NAGPUR,2283.0
2013-07-30,MUMBAI,2450.0
2013-07-30,NAGPUR,2283.0
2013-07-31,MUMBAI,2450.0
2013-07-31,NAGPUR,2283.0
2013-08-01,MUMBAI,2450.0
2013-08-01,NAGPUR,2283.0
2013-08-02,MUMBAI,2450.0
2013-08-02,NAGPUR,2283.0
2013-08-05,MUMBAI,2450.0
2013-08-05,NAGPUR,2283.0
2013-08-06,MUMBAI,2250.0
2013-08-06,NAGPUR,2283.0
2013-08-07,MUMBAI,2250.0
2013-08-07,NAGPUR,2283.0
2013-08-08,MUMBAI,2250.0
2013-08-08,NAGPUR,2283.0
2013-08-12,MUMBAI,2250.0
2013-08-12,NAGPUR,2283.0
2013-08-13,MUMBAI,2300.0
2013-08-13,NAGPUR,2283.0
2013-08-14,MUMBAI,2300.0
2013-08-14,NAGPUR,2283.0
2013-08-16,MUMBAI,2300.0
2013-08-16,NAGPUR,2283.0
2013-08-19,MUMBAI,2300.0
2013-08-19,NAGPUR,2273.0
2013-08-20,MUMBAI,2300.0
2013-08-20,NAGPUR,2273.0
2013-08-21,MUMBAI,2300.0
2013-08-21,NAGPUR,2275.0
2013-08-22,MUMBAI,2300.0
2013-08-22,NAGPUR,2275.0
2013-08-23,MUMBAI,2300.0
2013-08-23,NAGPUR,2275.0
2013-08-26,MUMBAI,2300.0
2013-08-26,NAGPUR,2368.0
2013-08-27,MUMBAI,2300.0
2013-08-27,NAGPUR,2368.0
2013-08-29,MUMBAI,2368.0
2013-08-29,NAGPUR,2368.0
2013-08-30,MUMBAI,2300.0
2013-08-30,NAGPUR,2368.0
2013-09-02,MUMBAI,2300.0
2013-09-02,NAGPUR,2368.0
2013-09-03,MUMBAI,2300.0
2013-09-03,NAGPUR,2368.0
2013-09-04,MUMBAI,2300.0
2013-09-04,NAGPUR,2335.0
2013-09-05,MUMBAI,2300.0
2013-09-05,NAGPUR,2335.0
2013-09-06,MUMBAI,2300.0
2013-09-06,NAGPUR,2335.0
2013-09-09,MUMBAI,2335.0
2013-09-09,NAGPUR,2335.0
2013-09-10,MUMBAI,2335.0
2013-09-10,NAGPUR,2335.0
2013-09-11,MUMBAI,2300.0
2013-09-11,NAGPUR,2335.0
2013-09-12,MUMBAI,2300.0
2013-09-12,NAGPUR,2335.0
2013-09-13,MUMBAI,2300.0
2013-09-13,NAGPUR,2335.0
2013-09-16,MUMBAI,2300.0
2013-09-16,NAGPUR,2335.0
2013-09-17,MUMBAI,2300.0
2013-09-17,NAGPUR,2335.0
2013-09-18,MUMBAI,2335.0
2013-09-18,NAGPUR,2335.0
2013-09-19,MUMBAI,2300.0
2013-09-19,NAGPUR,2335.0
2013-09-20,MUMBAI,2300.0
2013-09-20,NAGPUR,2335.0
2013-09-23,MUMBAI,2300.0
2013-09-23,NAGPUR,2335.0
2013-09-24,MUMBAI,2300.0
2013-09-24,NAGPUR,2335.0
2013-09-25,MUMBAI,2300.0
2013-09-25,NAGPUR,2335.0
2013-09-26,MUMBAI,2300.0
2013-09-26,NAGPUR,2335.0
2013-09-27,MUMBAI,2300.0
2013-09-27,NAGPUR,2335.0
2013-09-30,MUMBAI,2300.0
2013-09-30,NAGPUR,2350.0
2013-10-01,MUMBAI,2300.0
2013-10-01,NAGPUR,2350.0
2013-10-03,MUMBAI,2300.0
2013-10-03,NAGPUR,2350.0
2013-10-04,MUMBAI,2300.0
2013-10-04,NAGPUR,2350.0
2013-10-07,MUMBAI,2300.0
2013-10-07,NAGPUR,2372.0
2013-10-08,MUMBAI,2300.0
2013-10-08,NAGPUR,2372.0
2013-10-09,MUMBAI,2300.0
2013-10-09,NAGPUR,2372.0
2013-10-10,MUMBAI,2300.0
2013-10-10,NAGPUR,2372.0
2013-10-11,MUMBAI,2300.0
2013-10-11,NAGPUR,2372.0
2013-10-14,MUMBAI,2200.0
2013-10-14,NAGPUR,2372.0
2013-10-15,MUMBAI,2200.0
2013-10-15,NAGPUR,2380.0
2013-10-17,MUMBAI,2200.0
2013-10-17,NAGPUR,2380.0
2013-10-18,MUMBAI,2200.0
2013-10-18,NAGPUR,2380.0
2013-10-21,MUMBAI,2200.0
2013-10-21,NAGPUR,2380.0
2013-10-22,MUMBAI,2200.0
2013-10-22,NAGPUR,2380.0
2013-10-23,MUMBAI,2200.0
2013-10-23,NAGPUR,2380.0
2013-10-24,MUMBAI,2200.0
2013-10-24,NAGPUR,2380.0
2013-10-25,MUMBAI,2200.0
2013-10-25,NAGPUR,2380.0
2013-10-28,MUMBAI,2200.0
2013-10-28,NAGPUR,2380.0
2013-10-29,MUMBAI,2200.0
2013-10-29,NAGPUR,2380.0
2013-10-30,MUMBAI,2200.0
2013-10-30,NAGPUR,2380.0
2013-10-31,MUMBAI,2200.0
2013-10-31,NAGPUR,2380.0
2013-11-01,MUMBAI,2200.0
2013-11-01,NAGPUR,2380.0
2013-11-04,MUMBAI,2380.0
2013-11-04,NAGPUR,2380.0
2013-11-05,MUMBAI,2380.0
2013-11-05,NAGPUR,2380.0
2013-11-06,MUMBAI,2200.0
2013-11-06,NAGPUR,2380.0
2013-11-07,MUMBAI,2200.0
2013-11-07,NAGPUR,2380.0
2013-11-08,MUMBAI,2200.0
2013-11-08,NAGPUR,2380.0
2013-11-11,MUMBAI,2200.0
2013-11-11,NAGPUR,2440.0
2013-11-12,MUMBAI,2200.0
2013-11-12,NAGPUR,2440.0
2013-11-13,MUMBAI,2200.0
2013-11-13,NAGPUR,2440.0
2013-11-14,MUMBAI,2200.0
2013-11-14,NAGPUR,2440.0
2013-11-18,MUMBAI,2200.0
2013-11-18,NAGPUR,2440.0
2013-11-19,MUMBAI,2200.0
2013-11-19,NAGPUR,2440.0
2013-11-20,MUMBAI,2200.0
2013-11-20,NAGPUR,2440.0
2013-11-21,MUMBAI,2200.0
2013-11-21,NAGPUR,2440.0
2013-11-22,MUMBAI,2200.0
2013-11-22,NAGPUR,2440.0
2013-11-25,MUMBAI,2200.0
2013-11-25,NAGPUR,2445.0
2013-11-26,MUMBAI,2200.0
2013-11-26,NAGPUR,2445.0
2013-11-27,MUMBAI,2200.0
2013-11-27,NAGPUR,2445.0
2013-11-28,MUMBAI,2200.0
2013-11-28,NAGPUR,2437.0
2013-11-29,MUMBAI,2200.0
2013-11-29,NAGPUR,2437.0
2013-12-02,MUMBAI,2437.0
2013-12-02,NAGPUR,2437.0
2013-12-03,MUMBAI,2200.0
2013-12-03,NAGPUR,2437.0
2013-12-05,MUMBAI,2350.0
2013-12-05,NAGPUR,2350.0
2013-12-06,MUMBAI,2350.0
2013-12-06,NAGPUR,2437.0
2013-12-09,MUMBAI,2350.0
2013-12-09,NAGPUR,2437.0
2013-12-10,MUMBAI,2350.0
2013-12-10,NAGPUR,2437.0
2013-12-11,MUMBAI,2350.0
2013-12-11,NAGPUR,2437.0
2013-12-12,MUMBAI,2350.0
2013-12-12,NAGPUR,2437.0
2013-12-13,MUMBAI,2350.0
2013-12-13,NAGPUR,2437.0
2013-12-16,MUMBAI,2350.0
2013-12-16,NAGPUR,2437.0
2013-12-17,MUMBAI,2350.0
2013-12-17,NAGPUR,2437.0
2013-12-18,MUMBAI,2350.0
2013-12-18,NAGPUR,2437.0
2013-12-19,MUMBAI,2350.0
2013-12-19,NAGPUR,2437.0
2013-12-20,MUMBAI,2350.0
2013-12-20,NAGPUR,2437.0
2013-12-23,MUMBAI,2350.0
2013-12-23,NAGPUR,2450.0
2013-12-24,MUMBAI,2350.0
2013-12-24,NAGPUR,2450.0
2013-12-26,MUMBAI,2350.0
2013-12-26,NAGPUR,2450.0
2013-12-27,MUMBAI,2350.0
2013-12-27,NAGPUR,2450.0
2013-12-30,MUMBAI,2350.0
2013-12-30,NAGPUR,2450.0
2013-12-31,MUMBAI,2350.0
2013-12-31,NAGPUR,2450.0
2014-01-01,MUMBAI,2350.0
2014-01-01,NAGPUR,2450.0
2014-01-02,MUMBAI,2350.0
2014-01-02,NAGPUR,2450.0
2014-01-03,MUMBAI,2350.0
2014-01-03,NAGPUR,2450.0
2014-01-06,MUMBAI,2450.0
2014-01-06,NAGPUR,2450.0
2014-01-07,MUMBAI,2300.0
2014-01-07,NAGPUR,2450.0
2014-01-08,MUMBAI,2350.0
2014-01-08,NAGPUR,2450.0
2014-01-09,MUMBAI,2350.0
2014-01-09,NAGPUR,2450.0
2014-01-10,MUMBAI,2350.0
2014-01-10,NAGPUR,2450.0
2014-01-13,MUMBAI,2350.0
2014-01-13,NAGPUR,2450.0
2014-01-15,MUMBAI,2350.0
2014-01-15,NAGPUR,2450.0
2014-01-16,MUMBAI,2350.0
2014-01-16,NAGPUR,2450.0
2014-01-17,MUMBAI,2350.0
2014-01-17,NAGPUR,2450.0
2014-01-20,MUMBAI,2350.0
2014-01-20,NAGPUR,2450.0
2014-01-21,MUMBAI,2350.0
2014-01-21,NAGPUR,2450.0
2014-01-22,MUMBAI,2350.0
2014-01-22,NAGPUR,2450.0
2014-01-23,MUMBAI,2450.0
2014-01-23,NAGPUR,2450.0
2014-01-24,MUMBAI,2350.0
2014-01-24,NAGPUR,2450.0
2014-01-27,MUMBAI,2350.0
2014-01-27,NAGPUR,2450.0
2014-01-28,MUMBAI,2350.0
2014-01-28,NAGPUR,2450.0
2014-01-30,MUMBAI,2350.0
2014-01-30,NAGPUR,2450.0
2014-01-31,MUMBAI,2350.0
2014-01-31,NAGPUR,2450.0
2014-02-03,MUMBAI,2350.0
2014-02-03,NAGPUR,2450.0
2014-02-04,MUMBAI,2350.0
2014-02-04,NAGPUR,2450.0
2014-02-05,MUMBAI,2350.0
2014-02-05,NAGPUR,2450.0
2014-02-06,MUMBAI,2350.0
2014-02-06,NAGPUR,2450.0
2014-02-07,MUMBAI,2350.0
2014-02-07,NAGPUR,2450.0
2014-02-10,MUMBAI,2350.0
2014-02-10,NAGPUR,2450.0
2014-02-11,MUMBAI,2350.0
2014-02-11,NAGPUR,2450.0
2014-02-12,MUMBAI,2350.0
2014-02-12,NAGPUR,2487.0
2014-02-13,MUMBAI,2350.0
2014-02-13,NAGPUR,2487.0
2014-02-14,MUMBAI,2475.0
2014-02-14,NAGPUR,2487.0
2014-02-17,MUMBAI,2475.0
2014-02-17,NAGPUR,2457.0
2014-02-18,MUMBAI,2457.0
2014-02-18,NAGPUR,2457.0
2014-02-19,MUMBAI,2457.0
2014-02-19,NAGPUR,2457.0
2014-02-20,MUMBAI,2475.0
2014-02-20,NAGPUR,2457.0
2014-02-21,MUMBAI,2475.0
2014-02-21,NAGPUR,2457.0
2014-02-24,MUMBAI,2475.0
2014-02-24,NAGPUR,2428.0
2014-02-25,MUMBAI,2475.0
2014-02-25,NAGPUR,2428.0
2014-02-26,MUMBAI,2475.0
2014-02-26,NAGPUR,2428.0
2014-02-27,MUMBAI,2428.0
2014-02-27,NAGPUR,2428.0
2014-02-28,MUMBAI,2475.0
2014-02-28,NAGPUR,2468.0
2014-03-03,MUMBAI,2475.0
2014-03-03,NAGPUR,2445.0
2014-03-04,MUMBAI,2475.0
2014-03-04,NAGPUR,2445.0
2014-03-05,MUMBAI,2475.0
2014-03-05,NAGPUR,2445.0
2014-03-06,MUMBAI,2350.0
2014-03-06,NAGPUR,2445.0
2014-03-07,MUMBAI,2350.0
2014-03-07,NAGPUR,2445.0
2014-03-10,MUMBAI,2445.0
2014-03-10,NAGPUR,2445.0
2014-03-11,MUMBAI,2350.0
2014-03-11,NAGPUR,2453.0
2014-03-12,MUMBAI,2350.0
2014-03-12,NAGPUR,2457.0
2014-03-13,MUMBAI,2350.0
2014-03-13,NAGPUR,2457.0
2014-03-14,MUMBAI,2350.0
2014-03-14,NAGPUR,2457.0
2014-03-18,MUMBAI,2350.0
2014-03-18,NAGPUR,2457.0
2014-03-19,MUMBAI,2350.0
2014-03-19,NAGPUR,2457.0
2014-03-20,MUMBAI,2350.0
2014-03-20,NAGPUR,2457.0
2014-03-21,MUMBAI,2350.0
2014-03-21,NAGPUR,2457.0
2014-03-24,MUMBAI,2350.0
2014-03-24,NAGPUR,2477.0
2014-03-25,MUMBAI,2350.0
2014-03-25,NAGPUR,2477.0
2014-03-26,MUMBAI,2350.0
2014-03-26,NAGPUR,2485.0
2014-03-27,MUMBAI,2350.0
2014-03-27,NAGPUR,2485.0
2014-03-28,MUMBAI,2350.0
2014-03-28,NAGPUR,2485.0
2014-03-31,MUMBAI,2485.0
2014-03-31,NAGPUR,2485.0
2014-04-01,MUMBAI,2350.0
2014-04-01,NAGPUR,2350.0
2014-04-02,MUMBAI,2350.0
2014-04-02,NAGPUR,2492.0
2014-04-03,MUMBAI,2350.0
2014-04-03,NAGPUR,2492.0
2014-04-04,MUMBAI,2350.0
2014-04-04,NAGPUR,2492.0
2014-04-07,MUMBAI,2350.0
2014-04-07,NAGPUR,2525.0
2014-04-09,MUMBAI,2525.0
2014-04-09,NAGPUR,2525.0
2014-04-11,MUMBAI,2350.0
2014-04-11,NAGPUR,2525.0
2014-04-15,MUMBAI,2350.0
2014-04-15,NAGPUR,2525.0
2014-04-16,MUMBAI,2525.0
2014-04-16,NAGPUR,2525.0
2014-04-17,MUMBAI,2350.0
2014-04-17,NAGPUR,2525.0
2014-04-21,MUMBAI,2350.0
2014-04-21,NAGPUR,2527.0
2014-04-22,MUMBAI,2350.0
2014-04-22,NAGPUR,2527.0
2014-04-23,MUMBAI,2527.0
2014-04-23,NAGPUR,2527.0
2014-04-24,MUMBAI,2527.0
2014-04-24,NAGPUR,2527.0
2014-04-25,MUMBAI,2350.0
2014-04-25,NAGPUR,2350.0
2014-04-28,MUMBAI,2350.0
2014-04-28,NAGPUR,2350.0
2014-04-29,MUMBAI,2350.0
2014-04-29,NAGPUR,2527.0
2014-04-30,MUMBAI,2350.0
2014-04-30,NAGPUR,2527.0
2014-05-01,MUMBAI,2527.0
2014-05-01,NAGPUR,2527.0
2014-05-02,MUMBAI,2350.0
2014-05-02,NAGPUR,2350.0
2014-05-05,MUMBAI,2350.0
2014-05-05,NAGPUR,2350.0
2014-05-06,MUMBAI,2350.0
2014-05-06,NAGPUR,2350.0
2014-05-07,MUMBAI,2350.0
2014-05-07,NAGPUR,2350.0
2014-05-08,MUMBAI,2350.0
2014-05-08,NAGPUR,2350.0
2014-05-09,MUMBAI,2350.0
2014-05-09,NAGPUR,2467.0
2014-05-12,MUMBAI,2350.0
2014-05-12,NAGPUR,2350.0
2014-05-13,MUMBAI,2350.0
2014-05-13,NAGPUR,2473.0
2014-05-15,MUMBAI,2350.0
2014-05-15,NAGPUR,2473.0
2014-05-16,MUMBAI,2350.0
2014-05-16,NAGPUR,2473.0
2014-05-19,MUMBAI,2350.0
2014-05-19,NAGPUR,2473.0
2014-05-20,MUMBAI,2350.0
2014-05-20,NAGPUR,2473.0
2014-05-21,MUMBAI,2350.0
2014-05-21,NAGPUR,2473.0
2014-05-22,MUMBAI,2350.0
2014-05-22,NAGPUR,2473.0
2014-05-23,MUMBAI,2350.0
2014-05-23,NAGPUR,2492.0
2014-05-26,MUMBAI,2350.0
2014-05-26,NAGPUR,2530.0
2014-05-27,MUMBAI,2350.0
2014-05-27,NAGPUR,2530.0
2014-05-28,MUMBAI,2350.0
2014-05-28,NAGPUR,2530.0
2014-05-29,MUMBAI,2350.0
2014-05-29,NAGPUR,2530.0
2014-05-30,MUMBAI,2350.0
2014-05-30,NAGPUR,2530.0
2014-06-02,MUMBAI,2350.0
2014-06-02,NAGPUR,2465.0
2014-06-03,MUMBAI,2350.0
2014-06-03,NAGPUR,2465.0
2014-06-04,MUMBAI,2350.0
2014-06-04,NAGPUR,2465.0
2014-06-05,MUMBAI,2350.0
2014-06-05,NAGPUR,2465.0
2014-06-06,MUMBAI,2350.0
2014-06-06,NAGPUR,2465.0
2014-06-09,MUMBAI,2350.0
2014-06-09,NAGPUR,2465.0
2014-06-10,MUMBAI,2350.0
2014-06-10,NAGPUR,2465.0
2014-06-11,MUMBAI,2350.0
2014-06-11,NAGPUR,2465.0
2014-06-12,MUMBAI,2350.0
2014-06-12,NAGPUR,2465.0
2014-06-13,MUMBAI,2350.0
2014-06-13,NAGPUR,2465.0
2014-06-16,MUMBAI,2350.0
2014-06-16,NAGPUR,2505.0
2014-06-17,MUMBAI,2350.0
2014-06-17,NAGPUR,2505.0
2014-06-18,MUMBAI,2350.0
2014-06-18,NAGPUR,2505.0
2014-06-19,MUMBAI,2350.0
2014-06-19,NAGPUR,2505.0
2014-06-20,MUMBAI,2350.0
2014-06-20,NAGPUR,2505.0
2014-06-23,MUMBAI,2350.0
2014-06-23,NAGPUR,2505.0
2014-06-24,MUMBAI,2350.0
2014-06-24,NAGPUR,2505.0
2014-06-25,MUMBAI,2350.0
2014-06-25,NAGPUR,2505.0
2014-06-26,MUMBAI,2350.0
2014-06-26,NAGPUR,2505.0
2014-06-27,MUMBAI,2350.0
2014-06-27,NAGPUR,2505.0
2014-06-30,MUMBAI,2505.0
2014-06-30,NAGPUR,2505.0
2014-07-01,MUMBAI,2350.0
2014-07-01,NAGPUR,2517.0
2014-07-02,MUMBAI,2350.0
2014-07-02,NAGPUR,2517.0
2014-07-03,MUMBAI,2350.0
2014-07-03,NAGPUR,2518.0
2014-07-04,MUMBAI,2400.0
2014-07-04,NAGPUR,2518.0
2014-07-07,MUMBAI,2400.0
2014-07-07,NAGPUR,2542.0
2014-07-08,MUMBAI,2400.0
2014-07-08,NAGPUR,2542.0
2014-07-09,MUMBAI,2400.0
2014-07-09,NAGPUR,2542.0
2014-07-10,MUMBAI,2400.0
2014-07-10,NAGPUR,2542.0
2014-07-11,MUMBAI,2400.0
2014-07-11,NAGPUR,2542.0
2014-07-14,MUMBAI,2400.0
2014-07-14,NAGPUR,2543.0
2014-07-15,MUMBAI,2300.0
2014-07-15,NAGPUR,2543.0
2014-07-16,MUMBAI,2300.0
2014-07-16,NAGPUR,2543.0
2014-07-17,MUMBAI,2300.0
2014-07-17,NAGPUR,2532.0
2014-07-18,MUMBAI,2300.0
2014-07-18,NAGPUR,2532.0
2014-07-21,MUMBAI,2300.0
2014-07-21,NAGPUR,2532.0
2014-07-22,MUMBAI,2300.0
2014-07-22,NAGPUR,2532.0
2014-07-23,MUMBAI,2300.0
2014-07-23,NAGPUR,2532.0
2014-07-24,MUMBAI,2300.0
2014-07-24,NAGPUR,2532.0
2014-07-25,MUMBAI,2300.0
2014-07-25,NAGPUR,2532.0
2014-07-28,MUMBAI,2300.0
2014-07-28,NAGPUR,2535.0
2014-07-30,MUMBAI,2300.0
2014-07-30,NAGPUR,2535.0
2014-07-31,MUMBAI,2300.0
2014-07-31,NAGPUR,2535.0
2014-08-01,MUMBAI,2300.0
2014-08-01,NAGPUR,2535.0
2014-08-04,MUMBAI,2300.0
2014-08-04,NAGPUR,2535.0
2014-08-05,MUMBAI,2300.0
2014-08-05,NAGPUR,2535.0
2014-08-06,MUMBAI,2300.0
2014-08-06,NAGPUR,2543.0
2014-08-07,MUMBAI,2300.0
2014-08-07,NAGPUR,2543.0
2014-08-08,MUMBAI,2300.0
2014-08-08,NAGPUR,2543.0
2014-08-11,MUMBAI,2300.0
2014-08-11,NAGPUR,2543.0
2014-08-12,MUMBAI,2300.0
2014-08-12,NAGPUR,2543.0
2014-08-13,MUMBAI,2300.0
2014-08-13,NAGPUR,2543.0
2014-08-14,MUMBAI,2300.0
2014-08-14,NAGPUR,2543.0
2014-08-19,MUMBAI,2300.0
2014-08-19,NAGPUR,2543.0
2014-08-20,MUMBAI,2300.0
2014-08-20,NAGPUR,2543.0
2014-08-21,MUMBAI,2300.0
2014-08-21,NAGPUR,2543.0
2014-08-22,MUMBAI,2300.0
2014-08-22,NAGPUR,2543.0
2014-08-25,MUMBAI,2300.0
2014-08-25,NAGPUR,2543.0
2014-08-26,MUMBAI,2370.0
2014-08-26,NAGPUR,2370.0
2014-08-27,MUMBAI,2300.0
2014-08-27,NAGPUR,2543.0
2014-08-28,MUMBAI,2300.0
2014-08-28,NAGPUR,2543.0
2014-08-29,MUMBAI,2543.0
2014-08-29,NAGPUR,2543.0
2014-09-01,MUMBAI,2300.0
2014-09-01,NAGPUR,2300.0
2014-09-02,MUMBAI,2300.0
2014-09-02,NAGPUR,2577.0
2014-09-03,MUMBAI,2300.0
2014-09-03,NAGPUR,2577.0
2014-09-04,MUMBAI,2300.0
2014-09-04,NAGPUR,2577.0
2014-09-05,MUMBAI,2300.0
2014-09-05,NAGPUR,2577.0
2014-09-08,MUMBAI,2577.0
2014-09-08,NAGPUR,2577.0
2014-09-09,MUMBAI,2300.0
2014-09-09,NAGPUR,2300.0
2014-09-10,MUMBAI,2300.0
2014-09-10,NAGPUR,2588.0
2014-09-11,MUMBAI,2400.0
2014-09-11,NAGPUR,2583.0
2014-09-12,MUMBAI,2400.0
2014-09-12,NAGPUR,2583.0
2014-09-15,MUMBAI,2400.0
2014-09-15,NAGPUR,2608.0
2014-09-16,MUMBAI,2400.0
2014-09-16,NAGPUR,2608.0
2014-09-17,MUMBAI,2400.0
2014-09-17,NAGPUR,2608.0
2014-09-18,MUMBAI,2400.0
2014-09-18,NAGPUR,2608.0
2014-09-19,MUMBAI,2350.0
2014-09-19,NAGPUR,2608.0
2014-09-22,MUMBAI,2350.0
2014-09-22,NAGPUR,2608.0
2014-09-23,MUMBAI,2350.0
2014-09-23,NAGPUR,2608.0
2014-09-24,MUMBAI,2350.0
2014-09-24,NAGPUR,2622.0
2014-09-25,MUMBAI,2350.0
2014-09-25,NAGPUR,2622.0
2014-09-26,MUMBAI,2350.0
2014-09-26,NAGPUR,2622.0
2014-09-29,MUMBAI,2350.0
2014-09-29,NAGPUR,2622.0
2014-09-30,MUMBAI,2350.0
2014-09-30,NAGPUR,2630.0
2014-10-07,MUMBAI,2350.0
2014-10-07,NAGPUR,2672.0
2014-10-08,MUMBAI,2350.0
2014-10-08,NAGPUR,2672.0
2014-10-09,MUMBAI,2350.0
2014-10-09,NAGPUR,2672.0
2014-10-10,MUMBAI,2350.0
2014-10-10,NAGPUR,2632.0
2014-10-13,MUMBAI,2350.0
2014-10-13,NAGPUR,2667.0
2014-10-14,MUMBAI,2350.0
2014-10-14,NAGPUR,2667.0
2014-10-15,MUMBAI,2667.0
2014-10-15,NAGPUR,2667.0
2014-10-16,MUMBAI,2350.0
2014-10-16,NAGPUR,2667.0
2014-10-17,MUMBAI,2350.0
2014-10-17,NAGPUR,2667.0
2014-10-20,MUMBAI,2350.0
2014-10-20,NAGPUR,2670.0
2014-10-21,MUMBAI,2350.0
2014-10-21,NAGPUR,2670.0
2014-10-22,MUMBAI,2350.0
2014-10-22,NAGPUR,2670.0
2014-10-24,MUMBAI,2670.0
2014-10-24,NAGPUR,2670.0
2014-10-27,MUMBAI,2350.0
2014-10-27,NAGPUR,2676.0
2014-10-28,MUMBAI,2350.0
2014-10-28,NAGPUR,2665.0
2014-10-29,MUMBAI,2350.0
2014-10-29,NAGPUR,2665.0
2014-10-31,MUMBAI,2350.0
2014-10-31,NAGPUR,2650.0
2014-11-03,MUMBAI,2350.0
2014-11-03,NAGPUR,2650.0
2014-11-05,MUMBAI,2350.0
2014-11-05,NAGPUR,2650.0
2014-11-07,MUMBAI,2300.0
2014-11-07,NAGPUR,2650.0
2014-11-10,MUMBAI,2300.0
2014-11-10,NAGPUR,2610.0
2014-11-11,MUMBAI,2300.0
2014-11-11,NAGPUR,2610.0
2014-11-12,MUMBAI,2300.0
2014-11-12,NAGPUR,2610.0
2014-11-13,MUMBAI,2300.0
2014-11-13,NAGPUR,2610.0
2014-11-14,MUMBAI,2300.0
2014-11-14,NAGPUR,2610.0
2014-11-17,MUMBAI,2300.0
2014-11-17,NAGPUR,2610.0
2014-11-18,MUMBAI,2300.0
2014-11-18,NAGPUR,2610.0
2014-11-19,MUMBAI,2300.0
2014-11-19,NAGPUR,2592.0
2014-11-20,MUMBAI,2300.0
2014-11-20,NAGPUR,2592.0
2014-11-21,MUMBAI,2300.0
2014-11-21,NAGPUR,2592.0
2014-11-24,MUMBAI,2300.0
2014-11-24,NAGPUR,2527.0
2014-11-25,MUMBAI,2350.0
2014-11-25,NAGPUR,2527.0
2014-11-26,MUMBAI,2300.0
2014-11-26,NAGPUR,2527.0
2014-11-27,MUMBAI,2300.0
2014-11-27,NAGPUR,2527.0
2014-11-28,MUMBAI,2300.0
2014-11-28,NAGPUR,2527.0
2014-12-01,MUMBAI,2300.0
2014-12-01,NAGPUR,2527.0
2014-12-02,MUMBAI,2300.0
2014-12-02,NAGPUR,2527.0
2014-12-03,MUMBAI,2300.0
2014-12-03,NAGPUR,2540.0
2014-12-04,MUMBAI,2300.0
2014-12-04,NAGPUR,2540.0
2014-12-05,MUMBAI,2300.0
2014-12-05,NAGPUR,2540.0
2014-12-08,MUMBAI,2300.0
2014-12-08,NAGPUR,2570.0
2014-12-09,MUMBAI,2300.0
2014-12-09,NAGPUR,2570.0
2014-12-10,MUMBAI,2300.0
2014-12-10,NAGPUR,2570.0
2014-12-11,MUMBAI,2300.0
2014-12-11,NAGPUR,2570.0
2014-12-12,MUMBAI,2300.0
2014-12-12,NAGPUR,2570.0
2014-12-15,MUMBAI,2300.0
2014-12-15,NAGPUR,2597.0
2014-12-16,MUMBAI,2300.0
2014-12-16,NAGPUR,2620.0
2014-12-17,MUMBAI,2300.0
2014-12-17,NAGPUR,2620.0
2014-12-18,MUMBAI,2300.0
2014-12-18,NAGPUR,2620.0
2014-12-19,MUMBAI,2300.0
2014-12-19,NAGPUR,2300.0
2014-12-22,MUMBAI,2300.0
2014-12-22,NAGPUR,2670.0
2014-12-23,MUMBAI,2300.0
2014-12-23,NAGPUR,2670.0
2014-12-24,MUMBAI,2300.0
2014-12-24,NAGPUR,2670.0
2014-12-26,MUMBAI,2300.0
2014-12-26,NAGPUR,2670.0
2014-12-29,MUMBAI,2300.0
2014-12-29,NAGPUR,2300.0
2014-12-30,MUMBAI,2300.0
2014-12-30,NAGPUR,2620.0
2014-12-31,MUMBAI,2300.0
2014-12-31,NAGPUR,2620.0
2015-01-01,MUMBAI,2300.0
2015-01-01,NAGPUR,2620.0
2015-01-02,MUMBAI,2300.0
2015-01-02,NAGPUR,2593.0
2015-01-05,MUMBAI,2300.0
2015-01-05,NAGPUR,2520.0
2015-01-06,MUMBAI,2300.0
2015-01-06,NAGPUR,2520.0
2015-01-07,MUMBAI,2300.0
2015-01-07,NAGPUR,2520.0
2015-01-08,MUMBAI,2300.0
2015-01-08,NAGPUR,2470.0
2015-01-09,MUMBAI,2300.0
2015-01-09,NAGPUR,2470.0
2015-01-12,MUMBAI,2250.0
2015-01-12,NAGPUR,2250.0
2015-01-13,MUMBAI,2250.0
2015-01-13,NAGPUR,2470.0
2015-01-14,MUMBAI,2250.0
2015-01-14,NAGPUR,2420.0
2015-01-15,MUMBAI,2250.0
2015-01-15,NAGPUR,2420.0
2015-01-16,MUMBAI,2250.0
2015-01-16,NAGPUR,2420.0
2015-01-19,MUMBAI,2250.0
2015-01-19,NAGPUR,2390.0
2015-01-20,MUMBAI,2250.0
2015-01-20,NAGPUR,2390.0
2015-01-21,MUMBAI,2250.0
2015-01-21,NAGPUR,2390.0
2015-01-22,MUMBAI,2250.0
2015-01-22,NAGPUR,2250.0
2015-01-23,MUMBAI,2200.0
2015-01-23,NAGPUR,2200.0
2015-01-27,MUMBAI,2200.0
2015-01-27,NAGPUR,2200.0
2015-01-28,MUMBAI,2200.0
2015-01-28,NAGPUR,2200.0
2015-01-30,MUMBAI,2200.0
2015-01-30,NAGPUR,2410.0
2015-02-02,MUMBAI,2200.0
2015-02-02,NAGPUR,2460.0
2015-02-03,MUMBAI,2200.0
2015-02-03,NAGPUR,2460.0
2015-02-04,MUMBAI,2200.0
2015-02-04,NAGPUR,2200.0
2015-02-05,MUMBAI,2200.0
2015-02-05,NAGPUR,2200.0
2015-02-06,MUMBAI,2200.0
2015-02-06,NAGPUR,2200.0
2015-02-09,MUMBAI,2200.0
2015-02-09,NAGPUR,2200.0
2015-02-10,MUMBAI,2200.0
2015-02-10,NAGPUR,2167.0
2015-02-11,MUMBAI,2200.0
2015-02-11,NAGPUR,2167.0
2015-02-12,MUMBAI,2200.0
2015-02-12,NAGPUR,2167.0
2015-02-13,MUMBAI,2200.0
2015-02-13,NAGPUR,2167.0
2015-02-16,MUMBAI,2200.0
2015-02-16,NAGPUR,2167.0
2015-02-17,MUMBAI,2167.0
2015-02-17,NAGPUR,2167.0
2015-02-18,MUMBAI,2200.0
2015-02-18,NAGPUR,2217.0
2015-02-19,MUMBAI,2217.0
2015-02-19,NAGPUR,2217.0
2015-02-20,MUMBAI,2200.0
2015-02-20,NAGPUR,2217.0
2015-02-23,MUMBAI,2250.0
2015-02-23,NAGPUR,2217.0
2015-02-24,MUMBAI,2250.0
2015-02-24,NAGPUR,2217.0
2015-02-25,MUMBAI,2250.0
2015-02-25,NAGPUR,2217.0
2015-02-26,MUMBAI,2250.0
2015-02-26,NAGPUR,2217.0
2015-02-27,MUMBAI,2250.0
2015-02-27,NAGPUR,2217.0
2015-03-02,MUMBAI,2250.0
2015-03-02,NAGPUR,2217.0
2015-03-03,MUMBAI,2250.0
2015-03-03,NAGPUR,2217.0
2015-03-04,MUMBAI,2250.0
2015-03-04,NAGPUR,2217.0
2015-03-05,MUMBAI,2250.0
2015-03-05,NAGPUR,2217.0
2015-03-09,MUMBAI,2250.0
2015-03-09,NAGPUR,2217.0
2015-03-10,MUMBAI,2250.0
2015-03-10,NAGPUR,2217.0
2015-03-11,MUMBAI,2250.0
2015-03-11,NAGPUR,2217.0
2015-03-12,MUMBAI,2250.0
2015-03-12,NAGPUR,2217.0
2015-03-13,MUMBAI,2250.0
2015-03-13,NAGPUR,2217.0
2015-03-16,MUMBAI,2250.0
2015-03-16,NAGPUR,2217.0
2015-03-17,MUMBAI,2250.0
2015-03-17,NAGPUR,2217.0
2015-03-18,MUMBAI,2250.0
2015-03-18,NAGPUR,2217.0
2015-03-19,MUMBAI,2250.0
2015-03-19,NAGPUR,2217.0
2015-03-20,MUMBAI,2250.0
2015-03-20,NAGPUR,2217.0
2015-03-23,MUMBAI,2250.0
2015-03-23,NAGPUR,2217.0
2015-03-24,MUMBAI,2250.0
2015-03-24,NAGPUR,2217.0
2015-03-25,MUMBAI,2250.0
2015-03-25,NAGPUR,2217.0
2015-03-26,MUMBAI,2250.0
2015-03-26,NAGPUR,2217.0
2015-03-27,MUMBAI,2250.0
2015-03-27,NAGPUR,2217.0
2015-03-30,MUMBAI,2250.0
2015-03-30,NAGPUR,2217.0
2015-03-31,MUMBAI,2250.0
2015-03-31,NAGPUR,2217.0
2015-04-01,MUMBAI,2250.0
2015-04-01,NAGPUR,2217.0
2015-04-06,MUMBAI,2250.0
2015-04-06,NAGPUR,2217.0
2015-04-07,MUMBAI,2250.0
2015-04-07,NAGPUR,2217.0
2015-04-08,MUMBAI,2250.0
2015-04-08,NAGPUR,2217.0
2015-04-09,MUMBAI,2250.0
2015-04-09,NAGPUR,2217.0
2015-04-10,MUMBAI,2250.0
2015-04-10,NAGPUR,2217.0
2015-04-13,MUMBAI,2250.0
2015-04-13,NAGPUR,2217.0
2015-04-15,MUMBAI,2250.0
2015-04-15,NAGPUR,2217.0
2015-04-16,MUMBAI,2250.0
2015-04-16,NAGPUR,2217.0
2015-04-17,MUMBAI,2250.0
2015-04-17,NAGPUR,2217.0
2015-04-20,MUMBAI,2250.0
2015-04-20,NAGPUR,2217.0
2015-04-21,MUMBAI,2250.0
2015-04-21,NAGPUR,2217.0
2015-04-22,MUMBAI,2250.0
2015-04-22,NAGPUR,2217.0
2015-04-23,MUMBAI,2250.0
2015-04-23,NAGPUR,2217.0
2015-04-24,MUMBAI,2250.0
2015-04-24,NAGPUR,2217.0
2015-04-27,MUMBAI,2250.0
2015-04-27,NAGPUR,2217.0
2015-04-28,MUMBAI,2250.0
2015-04-28,NAGPUR,2267.0
