Min Price (Rs./Quintal),Max Price (Rs./Quintal),Modal Price (Rs./Quintal),Price Date
2860,4790,3850,22 Feb 2024
2960,4790,3450,21 Feb 2024
2980,4650,3425,19 Feb 2024
2980,4850,3860,16 Feb 2024
3350,4950,3790,14 Feb 2024
3150,4850,3540,13 Feb 2024
3250,4650,3760,12 Feb 2024
3250,4860,3950,11 Feb 2024
3150,4790,3850,10 Feb 2024
3150,4850,3860,09 Feb 2024
2980,4850,3860,07 Feb 2024
3150,4760,3860,06 Feb 2024
3350,4850,3965,05 Feb 2024
3250,4850,3860,01 Feb 2024
2950,4100,3860,30 Jan 2024
3350,4760,3860,29 Jan 2024
2950,4850,3860,24 Jan 2024
3150,4850,3460,23 Jan 2024
2950,4100,3460,20 Jan 2024
2860,4850,3860,17 Jan 2024
3150,4850,3860,16 Jan 2024
2980,4850,3860,15 Jan 2024
3250,4850,3860,14 Jan 2024
2980,4960,3860,12 Jan 2024
3150,4100,3460,11 Jan 2024
3250,4850,3860,10 Jan 2024
3150,4100,3460,08 Jan 2024
2795,3960,3350,04 Jan 2024
3150,4850,3790,03 Jan 2024
3150,4850,3860,01 Jan 2024
3260,4750,3990,30 Dec 2023
3050,4750,3590,28 Dec 2023
3220,4960,3850,27 Dec 2023
3250,4920,3860,25 Dec 2023
3160,4950,3990,22 Dec 2023
3050,4870,3460,21 Dec 2023
3250,4850,3860,20 Dec 2023
2980,4960,3860,19 Dec 2023
3220,4960,3860,18 Dec 2023
2980,4920,3860,16 Dec 2023
3160,4950,3590,14 Dec 2023
3150,4920,3860,13 Dec 2023
2980,4920,3860,12 Dec 2023
2860,4850,3790,11 Dec 2023
3150,4850,3425,08 Dec 2023
3250,4850,3790,06 Dec 2023
3260,4650,3860,04 Dec 2023
3260,4870,3850,02 Dec 2023
3050,4750,3460,30 Nov 2023
3220,4650,3850,29 Nov 2023
3250,4850,3860,28 Nov 2023
3160,4870,3990,24 Nov 2023
3260,4960,3590,23 Nov 2023
3160,4870,3990,21 Nov 2023
2790,4950,3460,20 Nov 2023
3260,4750,3990,18 Nov 2023
3220,4650,3850,17 Nov 2023
3250,4850,3860,16 Nov 2023
3250,4850,3790,13 Nov 2023
2795,3890,3350,10 Nov 2023
3250,4920,3790,09 Nov 2023
2860,4850,3790,08 Nov 2023
3150,4760,3860,07 Nov 2023
3250,4850,3790,06 Nov 2023
3260,4870,3590,04 Nov 2023
2980,4920,3860,02 Nov 2023
3260,4960,3850,01 Nov 2023
2860,4850,3790,31 Oct 2023
3220,4650,3990,30 Oct 2023
2980,4920,3860,27 Oct 2023
3250,4850,3790,26 Oct 2023
2790,4950,3460,25 Oct 2023
2795,4920,3860,22 Oct 2023
3260,4870,3460,21 Oct 2023
3160,4960,3590,19 Oct 2023
2860,4850,3790,18 Oct 2023
3590,4750,3850,17 Oct 2023
3260,4650,3590,13 Oct 2023
2860,4850,3790,11 Oct 2023
3250,4850,3790,09 Oct 2023
2860,4920,3860,06 Oct 2023
3160,4950,3590,05 Oct 2023
3250,4850,3790,03 Oct 2023
2860,4960,3790,29 Sep 2023
3260,4960,3990,26 Sep 2023
2950,4690,3560,25 Sep 2023
3250,4850,3790,22 Sep 2023
3150,4850,3860,21 Sep 2023
2860,4850,3790,20 Sep 2023
3220,4870,3990,18 Sep 2023
3150,4920,3790,16 Sep 2023
3220,4950,3990,15 Sep 2023
3250,4850,3860,13 Sep 2023
3220,4650,3990,12 Sep 2023
3050,4650,3460,08 Sep 2023
2860,4850,3790,06 Sep 2023
3250,4850,3790,05 Sep 2023
3250,4850,3860,04 Sep 2023
2860,4850,3790,01 Sep 2023
3220,4870,3590,31 Aug 2023
3220,4750,3590,29 Aug 2023
3260,4750,3990,27 Aug 2023
3260,4870,3990,25 Aug 2023
3150,4960,3860,24 Aug 2023
3250,4850,3790,22 Aug 2023
3050,4960,3590,21 Aug 2023
3220,4950,3590,19 Aug 2023
3260,4950,3590,17 Aug 2023
3160,4960,3590,16 Aug 2023
2950,4955,3650,14 Aug 2023
3250,4850,3860,13 Aug 2023
3250,4850,3790,09 Aug 2023
3220,4870,3460,07 Aug 2023
3450,4850,3860,03 Aug 2023
3150,4850,3860,01 Aug 2023
2960,4650,3850,31 Jul 2023
3220,4950,3990,26 Jul 2023
2990,4760,3460,25 Jul 2023
3220,4750,3590,21 Jul 2023
2950,4690,3560,18 Jul 2023
2870,4690,3560,15 Jul 2023
2990,4780,3560,11 Jul 2023
2990,4850,3865,10 Jul 2023
2850,4850,3865,09 Jul 2023
2790,4960,3590,07 Jul 2023
3650,4950,4010,05 Jul 2023
2990,4210,3460,03 Jul 2023
3190,4850,3865,30 Jun 2023
2990,4950,4010,27 Jun 2023
3220,4950,3590,26 Jun 2023
3050,4850,3865,22 Jun 2023
2850,4760,3560,20 Jun 2023
3220,4750,3590,19 Jun 2023
2990,4860,4010,16 Jun 2023
3220,4950,3990,15 Jun 2023
3220,4870,3590,14 Jun 2023
3220,4960,3590,13 Jun 2023
2990,4760,3460,12 Jun 2023
3190,4850,3865,09 Jun 2023
3050,4850,3560,08 Jun 2023
3250,4860,3560,07 Jun 2023
2990,4850,4010,06 Jun 2023
2990,4760,4010,05 Jun 2023
3050,4850,3690,02 Jun 2023
3250,4950,4010,01 Jun 2023
3260,4870,3990,30 May 2023
3250,4950,3690,29 May 2023
3190,4850,3560,27 May 2023
3160,4750,3460,26 May 2023
2850,4860,3900,25 May 2023
3250,4780,3865,24 May 2023
2850,4210,3560,23 May 2023
3050,4850,3865,21 May 2023
3160,4960,3990,18 May 2023
3190,4850,3560,16 May 2023
3190,4850,3900,15 May 2023
3050,4850,3560,12 May 2023
3160,4950,3850,11 May 2023
3250,4850,3865,10 May 2023
3050,4870,3590,09 May 2023
3290,4950,3865,08 May 2023
3050,4750,3850,06 May 2023
3050,4850,3865,02 May 2023
2950,4780,3560,29 Apr 2023
2850,4850,3865,28 Apr 2023
2990,4780,3560,27 Apr 2023
3190,4850,3865,25 Apr 2023
3190,4850,3900,22 Apr 2023
2850,4760,3460,21 Apr 2023
2850,4210,3560,20 Apr 2023
3050,4850,3865,19 Apr 2023
3050,4850,3865,18 Apr 2023
3250,4850,3560,14 Apr 2023
3050,4850,3865,11 Apr 2023
3650,4760,4010,10 Apr 2023
2850,4780,3560,06 Apr 2023
3050,4850,3865,04 Apr 2023
3250,4950,3560,02 Apr 2023
2990,4950,3900,30 Mar 2023
3050,4850,3865,29 Mar 2023
3190,4850,3460,28 Mar 2023
3250,4860,3690,25 Mar 2023
2850,4950,3460,23 Mar 2023
2990,4780,3560,21 Mar 2023
3250,4850,3865,20 Mar 2023
3190,4850,3865,18 Mar 2023
3190,4850,3865,17 Mar 2023
3190,4850,3865,16 Mar 2023
3250,4950,3865,14 Mar 2023
3050,4850,3865,12 Mar 2023
3250,4860,4010,09 Mar 2023
3250,4760,3690,08 Mar 2023
3260,4960,3850,06 Mar 2023
3050,4950,3850,04 Mar 2023
3050,4750,3850,02 Mar 2023
3250,4850,3560,01 Mar 2023
3190,4850,4010,28 Feb 2023
3050,4850,3865,26 Feb 2023
3050,4850,4010,24 Feb 2023
3250,4760,3860,23 Feb 2023
3050,4950,3850,22 Feb 2023
3260,4950,3990,20 Feb 2023
3160,4870,3590,19 Feb 2023
3260,4960,3850,15 Feb 2023
3050,4850,3865,14 Feb 2023
3050,4850,3900,13 Feb 2023
3050,4850,3900,11 Feb 2023
3050,4750,3990,09 Feb 2023
3160,4870,3990,08 Feb 2023
3160,4960,3850,07 Feb 2023
3050,4870,3990,06 Feb 2023
3160,4870,3850,04 Feb 2023
3050,4850,3865,03 Feb 2023
3160,4870,3590,01 Feb 2023
2950,4690,3480,31 Jan 2023
3160,4960,3850,30 Jan 2023
3160,4750,3990,28 Jan 2023
3250,4950,3865,27 Jan 2023
3190,4780,3900,25 Jan 2023
3190,4850,3865,24 Jan 2023
3260,4650,3850,23 Jan 2023
2990,4780,3460,21 Jan 2023
3050,4650,3850,19 Jan 2023
3260,4950,3990,06 Jan 2023
3190,4850,3865,04 Jan 2023
3050,4650,3850,02 Jan 2023
3590,4750,3990,31 Dec 2022
3050,4850,3900,30 Dec 2022
3050,4760,3460,29 Dec 2022
3190,4850,3900,28 Dec 2022
3250,4850,3865,26 Dec 2022
3050,4870,3590,23 Dec 2022
2850,4780,3900,22 Dec 2022
2990,4950,3865,21 Dec 2022
3050,4650,3850,20 Dec 2022
3260,4950,3990,19 Dec 2022
3160,4650,3850,17 Dec 2022
3250,4860,3900,15 Dec 2022
3190,4850,3900,13 Dec 2022
3190,4760,3460,12 Dec 2022
3190,4850,3900,11 Dec 2022
3250,4860,3860,09 Dec 2022
3190,4850,3865,08 Dec 2022
3050,4850,4010,06 Dec 2022
2990,4950,3460,05 Dec 2022
2990,4860,3560,02 Dec 2022
3190,4950,3865,24 Nov 2022
3050,4850,3900,22 Nov 2022
3650,4850,4010,21 Nov 2022
3190,4210,3460,19 Nov 2022
3190,4760,3900,17 Nov 2022
3190,4860,4010,16 Nov 2022
3050,4850,3865,14 Nov 2022
3190,4850,3900,11 Nov 2022
3260,4960,3590,10 Nov 2022
3160,4750,3850,08 Nov 2022
3260,4950,3460,07 Nov 2022
3590,4950,3990,04 Nov 2022
3050,4650,3990,02 Nov 2022
2790,4650,3850,01 Nov 2022
3050,4850,3865,27 Oct 2022
3050,4850,3865,21 Oct 2022
3050,4870,3850,19 Oct 2022
3250,4950,3690,18 Oct 2022
3190,4850,3865,17 Oct 2022
3250,4850,4010,15 Oct 2022
3260,4950,3990,14 Oct 2022
2990,4950,3690,13 Oct 2022
3260,4960,3850,12 Oct 2022
3160,4650,3850,10 Oct 2022
3260,4960,3590,08 Oct 2022
3190,4850,4010,07 Oct 2022
3250,4850,4010,06 Oct 2022
3160,4750,3460,03 Oct 2022
3050,4760,3460,23 Sep 2022
3250,4860,3865,22 Sep 2022
3190,4780,3450,15 Sep 2022
3190,4760,3460,13 Sep 2022
3150,4780,3560,22 Aug 2022
2950,4950,3650,20 Aug 2022
3150,4780,3460,18 Aug 2022
2960,4950,3450,16 Aug 2022
2960,4950,3650,13 Aug 2022
2950,4950,3560,11 Aug 2022
3580,4650,3850,10 Aug 2022
3150,4650,3450,08 Aug 2022
2960,4950,3560,06 Aug 2022
3580,4850,3980,04 Aug 2022
3150,4750,3460,03 Aug 2022
2960,4650,3560,01 Aug 2022
3150,4750,3560,29 Jul 2022
3150,4950,3650,28 Jul 2022
2950,4850,3450,26 Jul 2022
3150,4780,3450,25 Jul 2022
3580,4780,4150,23 Jul 2022
2960,4850,3490,21 Jul 2022
3150,4750,3450,20 Jul 2022
3580,4950,3960,19 Jul 2022
3150,4950,3650,18 Jul 2022
3150,4950,3560,16 Jul 2022
2950,4650,3490,14 Jul 2022
3150,4950,3560,13 Jul 2022
2950,4950,3650,12 Jul 2022
2960,4750,3450,11 Jul 2022
3580,4950,3850,08 Jul 2022
2950,4950,3650,06 Jul 2022
3580,4850,3950,05 Jul 2022
2960,4950,3650,04 Jul 2022
3150,4650,3560,02 Jul 2022
3150,4850,3460,30 Jun 2022
3150,4780,3650,29 Jun 2022
3150,4950,3650,28 Jun 2022
3150,4750,3490,27 Jun 2022
3150,4850,3560,25 Jun 2022
3150,4650,3560,23 Jun 2022
3150,4850,3650,22 Jun 2022
2960,4780,3560,21 Jun 2022
2790,3850,3490,20 Jun 2022
2960,4650,3560,18 Jun 2022
3580,4850,4150,15 Jun 2022
2960,4750,3450,13 Jun 2022
2950,4750,3460,11 Jun 2022
3150,4750,3460,10 Jun 2022
3150,4750,3490,09 Jun 2022
2960,4850,3450,08 Jun 2022
2960,4780,3490,07 Jun 2022
2960,4750,3460,30 May 2022
2960,4950,3650,28 May 2022
2960,4890,3950,26 May 2022
3150,4850,3460,25 May 2022
2960,4750,3490,24 May 2022
2960,4750,3460,23 May 2022
2960,4750,3490,21 May 2022
2960,4750,3450,20 May 2022
2960,4950,3650,19 May 2022
3290,4740,3840,18 May 2022
3190,4810,3890,16 May 2022
2950,4860,3650,13 May 2022
2950,4750,3560,12 May 2022
3150,4750,3460,11 May 2022
3150,4750,3490,10 May 2022
2960,4950,3490,09 May 2022
2960,4650,3650,07 May 2022
2960,4950,3650,05 May 2022
2960,4780,3850,04 May 2022
3150,4950,3560,02 May 2022
3150,4850,3450,29 Apr 2022
2960,4750,3460,28 Apr 2022
3250,4860,3890,27 Apr 2022
3250,4960,4490,26 Apr 2022
3450,4650,3850,25 Apr 2022
3320,4810,3550,23 Apr 2022
2960,4950,3560,22 Apr 2022
2960,4750,3460,21 Apr 2022
2960,4780,3850,19 Apr 2022
2790,4850,3650,18 Apr 2022
2960,4950,3650,16 Apr 2022
3150,4650,3650,13 Apr 2022
2960,4950,3650,12 Apr 2022
3150,4780,3460,11 Apr 2022
2950,4950,3450,09 Apr 2022
3150,4950,3650,08 Apr 2022
3150,4950,3850,07 Apr 2022
2960,4850,3560,06 Apr 2022
2950,4780,3450,05 Apr 2022
2960,4950,3650,04 Apr 2022
2960,4750,3460,01 Apr 2022
2790,4850,3450,30 Mar 2022
3450,4960,3950,28 Mar 2022
3450,4650,3950,26 Mar 2022
2950,4950,3650,25 Mar 2022
2960,4650,3352,24 Mar 2022
2950,4950,3850,23 Mar 2022
3150,4780,3450,22 Mar 2022
2960,4850,3490,21 Mar 2022
3150,4780,3490,17 Mar 2022
3150,4850,3460,16 Mar 2022
3150,4650,3650,15 Mar 2022
2790,4780,3460,14 Mar 2022
3580,4950,4150,12 Mar 2022
2960,4950,3560,11 Mar 2022
3150,4780,3460,09 Mar 2022
3150,4950,3650,08 Mar 2022
3580,4950,3850,07 Mar 2022
3150,4850,3490,05 Mar 2022
3190,4935,3950,04 Mar 2022
2960,4650,3650,03 Mar 2022
2950,4780,3850,02 Mar 2022
3480,4960,3850,26 Feb 2022
3150,4950,3490,23 Feb 2022
2960,4780,3490,22 Feb 2022
2950,4780,3850,21 Feb 2022
2960,4650,3650,19 Feb 2022
2950,4950,3650,18 Feb 2022
3150,4850,3560,17 Feb 2022
2950,4850,3560,15 Feb 2022
3150,4750,3490,14 Feb 2022
3580,4950,4210,12 Feb 2022
3150,4950,3850,10 Feb 2022
2960,4920,3560,09 Feb 2022
3150,4950,3560,08 Feb 2022
3150,4950,3650,07 Feb 2022
3150,4750,3460,05 Feb 2022
2690,4950,3650,04 Feb 2022
2960,3850,3560,03 Feb 2022
3150,4750,3460,02 Feb 2022
3150,4950,3450,01 Feb 2022
2950,4650,3650,29 Jan 2022
2960,4780,3560,28 Jan 2022
2790,4650,3360,27 Jan 2022
3580,4950,3950,25 Jan 2022
2950,4410,3950,24 Jan 2022
2790,4950,3850,22 Jan 2022
2960,3850,3490,21 Jan 2022
2950,4650,3450,20 Jan 2022
2790,4950,3850,19 Jan 2022
2950,4650,3460,18 Jan 2022
2960,4750,3650,17 Jan 2022
2950,4780,3560,14 Jan 2022
3560,4960,3960,12 Jan 2022
3580,4860,4150,11 Jan 2022
2960,4850,3650,10 Jan 2022
2950,4850,3450,08 Jan 2022
2790,4780,3850,07 Jan 2022
2950,4950,3490,05 Jan 2022
3050,4780,3850,04 Jan 2022
2950,4850,3860,03 Jan 2022
2950,4650,3360,01 Jan 2022
2590,4750,3850,31 Dec 2021
2960,4650,3650,30 Dec 2021
3190,4680,3890,29 Dec 2021
2960,4650,3850,28 Dec 2021
3160,4850,3860,27 Dec 2021
3150,4890,3680,24 Dec 2021
3260,4890,3860,23 Dec 2021
2960,4650,3450,21 Dec 2021
2950,4650,3950,20 Dec 2021
3050,4950,3650,17 Dec 2021
2850,3860,3650,16 Dec 2021
3580,4950,4050,15 Dec 2021
2960,3950,3650,14 Dec 2021
2950,4780,3460,13 Dec 2021
2690,4520,3490,11 Dec 2021
2950,4690,3450,10 Dec 2021
3150,4850,3650,09 Dec 2021
2790,4650,3340,07 Dec 2021
2960,4610,3850,06 Dec 2021
3150,4850,3860,04 Dec 2021
2980,4650,3410,03 Dec 2021
2950,4650,3490,02 Dec 2021
3150,4650,3460,01 Dec 2021
2760,4690,3450,29 Nov 2021
2950,4525,3450,28 Nov 2021
2890,4720,3520,24 Nov 2021
2790,4650,3450,23 Nov 2021
2950,4540,3540,22 Nov 2021
2950,4850,3560,19 Nov 2021
2960,4750,3590,17 Nov 2021
2790,4650,3460,13 Nov 2021
3450,4850,3950,12 Nov 2021
2650,4690,3560,10 Nov 2021
2790,4650,3490,09 Nov 2021
3450,4960,4010,08 Nov 2021
2780,4610,3650,02 Nov 2021
2790,4650,3450,01 Nov 2021
3050,4980,3650,30 Oct 2021
2960,4680,3450,29 Oct 2021
3105,4680,3850,28 Oct 2021
3050,4650,3650,27 Oct 2021
2940,4850,3650,26 Oct 2021
2790,4610,3560,25 Oct 2021
2940,4160,3320,23 Oct 2021
3150,4950,3490,22 Oct 2021
2790,4610,3410,21 Oct 2021
2760,4610,3510,20 Oct 2021
2940,4610,3640,19 Oct 2021
2980,4610,3610,18 Oct 2021
3180,4710,3860,16 Oct 2021
3160,4610,3590,12 Oct 2021
2780,4650,3560,11 Oct 2021
2790,4690,3450,09 Oct 2021
2960,4610,3450,08 Oct 2021
2650,4950,3590,07 Oct 2021
2950,4610,3840,05 Oct 2021
2790,4610,3410,04 Oct 2021
3190,4710,3640,29 Sep 2021
2960,4350,3450,28 Sep 2021
2790,4610,3450,27 Sep 2021
2790,4610,3410,24 Sep 2021
2780,4650,3410,23 Sep 2021
3150,4610,3850,22 Sep 2021
2950,4740,3650,20 Sep 2021
2790,4610,3450,18 Sep 2021
2390,4750,3460,17 Sep 2021
3180,4920,3840,16 Sep 2021
2980,4710,3460,15 Sep 2021
2960,4610,3460,13 Sep 2021
3160,4710,3950,11 Sep 2021
2950,4950,3260,08 Sep 2021
2890,4850,3690,07 Sep 2021
3150,4950,4310,06 Sep 2021
2690,4710,3490,03 Sep 2021
2740,4710,3810,01 Sep 2021
2790,4690,3460,30 Aug 2021
2980,4610,3750,25 Aug 2021
2790,4680,3490,24 Aug 2021
2690,4710,3460,23 Aug 2021
2780,4510,3460,22 Aug 2021
2690,4680,3490,20 Aug 2021
3560,3560,3560,19 Aug 2021
2790,4900,3460,18 Aug 2021
2640,4980,3780,17 Aug 2021
2790,4610,3460,16 Aug 2021
3150,3150,3150,14 Aug 2021
3650,3650,3650,13 Aug 2021
3190,4960,3410,12 Aug 2021
2890,4910,3460,11 Aug 2021
2940,4650,3950,10 Aug 2021
3650,4900,4100,09 Aug 2021
3010,4860,3810,07 Aug 2021
2690,4610,3500,06 Aug 2021
3460,3460,3460,05 Aug 2021
2790,4680,3460,04 Aug 2021
3050,4960,3460,03 Aug 2021
2790,4760,3460,02 Aug 2021
2780,4610,3610,01 Aug 2021
2980,4930,3920,31 Jul 2021
2760,4650,3610,30 Jul 2021
2960,4650,3490,29 Jul 2021
3015,4690,3610,28 Jul 2021
3260,3260,3260,27 Jul 2021
2980,4690,3450,26 Jul 2021
3900,3900,3900,24 Jul 2021
2750,4320,3460,23 Jul 2021
2960,4820,3590,21 Jul 2021
2760,4510,3450,20 Jul 2021
2980,4850,3620,19 Jul 2021
2980,4690,3590,18 Jul 2021
2780,4390,3455,17 Jul 2021
2790,4610,3640,16 Jul 2021
3490,3490,3490,15 Jul 2021
2960,4945,3510,14 Jul 2021
2690,4680,3480,13 Jul 2021
2650,4980,3460,12 Jul 2021
3560,3560,3560,10 Jul 2021
2690,4960,3460,09 Jul 2021
2650,4950,3610,08 Jul 2021
2690,4750,3460,07 Jul 2021
2650,4760,3290,06 Jul 2021
2790,4690,3460,03 Jul 2021
2690,4950,3580,02 Jul 2021
2650,4690,3260,01 Jul 2021
2690,4750,3350,30 Jun 2021
2690,4955,3460,29 Jun 2021
2980,4690,3460,28 Jun 2021
3190,4790,3860,27 Jun 2021
3150,4980,3860,26 Jun 2021
2390,4950,3690,25 Jun 2021
3690,3690,3690,23 Jun 2021
2490,4130,3290,22 Jun 2021
2690,4360,3210,21 Jun 2021
3490,3490,3490,19 Jun 2021
2690,4185,3260,17 Jun 2021
2490,4190,3280,16 Jun 2021
2650,4790,3640,15 Jun 2021
2960,4760,3590,14 Jun 2021
2960,4680,3490,13 Jun 2021
2750,4610,3650,12 Jun 2021
3560,3560,3560,11 Jun 2021
3350,3350,3350,10 Jun 2021
3650,3650,3650,09 Jun 2021
2950,4360,3450,08 Jun 2021
3360,3360,3360,07 Jun 2021
2790,4610,3460,06 Jun 2021
2790,4690,3460,05 Jun 2021
3560,3560,3560,04 Jun 2021
2680,4680,3460,03 Jun 2021
2890,4820,3650,02 Jun 2021
2940,2940,2940,01 Jun 2021
2490,4160,3350,31 May 2021
3490,3490,3490,29 May 2021
2950,4760,3650,28 May 2021
3480,3480,3480,27 May 2021
3190,3190,3190,26 May 2021
3480,3480,3480,25 May 2021
2770,4690,3450,24 May 2021
3190,3190,3190,23 May 2021
3190,3190,3190,22 May 2021
3190,3190,3190,21 May 2021
3190,4750,3850,20 May 2021
2950,4680,3490,19 May 2021
2950,4750,3450,17 May 2021
2690,4690,3480,15 May 2021
3190,3190,3190,14 May 2021
3190,3190,3190,13 May 2021
2690,4690,3450,12 May 2021
2770,4750,3480,11 May 2021
2690,4680,3190,10 May 2021
2770,4690,3260,09 May 2021
2950,4750,3450,08 May 2021
3190,4680,3850,07 May 2021
3190,4750,3490,06 May 2021
2950,4750,3490,05 May 2021
2770,4680,3450,04 May 2021
3150,3150,3150,03 May 2021
2770,4680,3450,02 May 2021
2950,4790,3650,01 May 2021
2690,4610,3490,26 Apr 2021
2690,4610,3360,25 Apr 2021
2650,4680,3255,24 Apr 2021
2690,4120,3260,23 Apr 2021
2690,4710,3460,22 Apr 2021
2790,4690,3310,20 Apr 2021
2450,4630,3160,19 Apr 2021
2530,4650,3260,17 Apr 2021
2650,3940,3105,16 Apr 2021
2950,2950,2950,15 Jul 2020
2690,4350,3520,14 Jul 2020
2650,4150,3450,11 Jul 2020
2750,4100,3360,09 Jul 2020
2750,4150,3360,08 Jul 2020
2560,4150,2960,06 Jul 2020
2890,2890,2890,03 Jul 2020
3150,3150,3150,02 Jul 2020
2850,2850,2850,01 Jul 2020
2950,4610,3650,30 Jun 2020
2750,4350,3650,29 Jun 2020
2765,4350,3350,28 Jun 2020
2680,4150,3290,26 Jun 2020
2760,4360,3350,25 Jun 2020
2960,4450,3480,24 Jun 2020
2850,2850,2850,23 Jun 2020
2650,4050,3350,22 Jun 2020
2750,3850,3160,21 Jun 2020
2680,2680,2680,20 Jun 2020
2390,4050,2950,19 Jun 2020
2390,4370,3165,18 Jun 2020
2750,4155,3165,17 Jun 2020
2750,4370,3265,15 Jun 2020
3250,3250,3250,14 Jun 2020
2990,4370,3250,13 Jun 2020
2650,4155,3240,12 Jun 2020
2990,2990,2990,11 Jun 2020
2750,4370,3365,10 Jun 2020
2650,4050,3265,09 Jun 2020
2680,4150,3160,08 Jun 2020
3250,3250,3250,07 Jun 2020
2750,4370,3265,06 Jun 2020
2950,2950,2950,05 Jun 2020
2750,4370,3265,04 Jun 2020
3250,3250,3250,02 Jun 2020
3250,3250,3250,01 Jun 2020
2650,4155,3240,31 May 2020
2430,4050,3240,30 May 2020
2390,4155,3165,29 May 2020
2760,4150,3350,28 May 2020
2350,4160,3160,27 May 2020
2780,4150,3350,26 May 2020
2760,4160,3150,25 May 2020
2850,2850,2850,23 May 2020
2750,4150,3260,22 May 2020
2450,4130,3105,21 May 2020
2650,4160,3250,20 May 2020
2650,4050,3225,19 May 2020
2650,4150,3260,18 May 2020
2640,4050,3150,17 May 2020
2750,4060,3250,16 May 2020
2640,3940,3120,15 May 2020
2680,4050,3350,14 May 2020
2780,4150,3250,13 May 2020
2680,2680,2680,11 May 2020
2350,4310,3120,10 May 2020
2540,4130,3250,09 May 2020
2350,3950,3185,08 May 2020
2650,3840,3150,07 May 2020
2650,4050,3260,06 May 2020
2560,4020,3160,07 Apr 2020
2750,4510,3410,06 Apr 2020
2560,4760,3410,05 Apr 2020
2840,4610,3450,04 Apr 2020
2450,4010,3040,03 Apr 2020
2640,4090,3210,02 Apr 2020
2780,4310,3410,01 Apr 2020
2950,4610,3410,31 Mar 2020
2750,4310,3410,30 Mar 2020
2910,2910,2910,27 Mar 2020
2950,2950,2950,26 Mar 2020
2890,2890,2890,24 Mar 2020
2750,4610,3410,23 Mar 2020
2760,4120,3450,21 Mar 2020
2760,4610,3420,20 Mar 2020
2840,4610,3320,18 Mar 2020
2560,4780,3360,17 Mar 2020
2550,4710,3320,16 Mar 2020
2360,4120,3120,14 Mar 2020
2650,4130,3260,13 Mar 2020
2650,4320,3310,12 Mar 2020
2760,4310,3420,11 Mar 2020
2740,4910,3460,09 Mar 2020
2840,4610,3460,07 Mar 2020
2760,4605,3250,06 Mar 2020
2840,4610,3440,05 Mar 2020
2760,4610,3360,04 Mar 2020
2680,4350,3420,03 Mar 2020
2760,4120,3410,02 Mar 2020
2640,4150,3425,29 Feb 2020
2840,4610,3510,28 Feb 2020
2650,4255,3385,27 Feb 2020
2850,4620,3390,26 Feb 2020
2690,4280,3450,25 Feb 2020
2750,4360,3440,24 Feb 2020
2740,4310,3415,22 Feb 2020
2845,4460,3350,20 Feb 2020
2670,4590,3480,18 Feb 2020
2350,4160,3360,17 Feb 2020
2850,4710,3420,15 Feb 2020
2790,4615,3450,13 Feb 2020
2760,4610,3360,12 Feb 2020
2950,4720,3460,11 Feb 2020
2550,4210,3410,10 Feb 2020
2650,4310,3350,08 Feb 2020
2480,4710,3415,07 Feb 2020
2780,4510,3450,06 Feb 2020
2540,4210,3350,04 Feb 2020
2640,4710,3410,03 Feb 2020
2915,4310,3615,01 Feb 2020
2840,4615,3410,30 Jan 2020
2760,4610,3410,29 Jan 2020
2850,4350,3450,28 Jan 2020
2450,4760,3310,27 Jan 2020
2760,4610,3420,25 Jan 2020
2740,4615,3450,23 Jan 2020
2850,4710,3420,22 Jan 2020
2790,4610,3440,21 Jan 2020
2900,4770,3490,20 Jan 2020
2840,4610,3410,18 Jan 2020
2790,4610,3440,16 Jan 2020
2950,4710,3460,15 Jan 2020
2510,4310,3460,14 Jan 2020
2840,4720,3450,13 Jan 2020
2510,4610,3410,11 Jan 2020
2760,4610,3460,10 Jan 2020
2935,4710,3580,09 Jan 2020
2850,4690,3460,07 Jan 2020
2450,4730,3410,06 Jan 2020
2860,4610,3410,03 Jan 2020
2750,4920,3460,02 Jan 2020
2690,4410,3420,01 Jan 2020
2750,4320,3480,31 Dec 2019
2690,4310,3420,30 Dec 2019
2640,4130,3325,28 Dec 2019
2900,4310,3490,27 Dec 2019
2740,4160,3360,25 Dec 2019
2760,4655,3495,24 Dec 2019
2740,4120,3360,23 Dec 2019
2955,4760,3415,21 Dec 2019
2860,4610,3425,20 Dec 2019
2680,4360,2985,19 Dec 2019
2560,4120,3360,18 Dec 2019
2840,4350,3610,17 Dec 2019
2815,4350,3360,16 Dec 2019
2740,4610,3410,14 Dec 2019
2810,4925,3540,12 Dec 2019
2890,4710,3365,10 Dec 2019
2940,4310,3415,09 Dec 2019
2860,4310,3430,07 Dec 2019
2390,4145,3050,06 Dec 2019
2580,4190,3415,05 Dec 2019
3140,4690,3480,04 Dec 2019
2955,4210,3255,03 Dec 2019
2755,4180,3260,02 Dec 2019
2795,4210,3425,29 Nov 2019
2740,4635,3410,28 Nov 2019
2955,4620,3420,27 Nov 2019
2910,4190,3520,26 Nov 2019
2870,4490,3385,25 Nov 2019
2790,4460,3410,23 Nov 2019
2960,4910,3590,22 Nov 2019
2890,4310,3490,21 Nov 2019
2765,4190,3385,20 Nov 2019
2760,4610,3410,19 Nov 2019
2915,4485,3390,18 Nov 2019
2915,4410,3490,16 Nov 2019
2785,4310,3410,15 Nov 2019
2790,4710,3450,14 Nov 2019
2690,4710,3425,13 Nov 2019
2765,4210,3430,11 Nov 2019
2940,4760,3415,09 Nov 2019
2915,4310,3465,08 Nov 2019
2835,4310,3485,06 Nov 2019
2910,4480,3310,05 Nov 2019
2790,4255,3410,04 Nov 2019
2895,4310,3485,02 Nov 2019
2965,4810,3420,01 Nov 2019
2845,4310,3485,31 Oct 2019
2955,4710,3415,30 Oct 2019
2750,4310,3480,26 Oct 2019
2955,4615,3420,25 Oct 2019
2860,4705,3410,24 Oct 2019
2685,4295,3255,23 Oct 2019
2895,4810,3455,22 Oct 2019
2865,4755,3460,19 Oct 2019
2985,4580,3465,18 Oct 2019
2985,4620,3455,17 Oct 2019
2695,4215,3245,15 Oct 2019
2575,4350,3390,14 Oct 2019
2950,4110,3455,12 Oct 2019
2895,4610,3520,11 Oct 2019
2840,4610,3425,10 Oct 2019
2840,4310,3455,09 Oct 2019
2850,4620,3410,07 Oct 2019
2795,4860,3410,05 Oct 2019
2765,4310,3265,04 Oct 2019
2955,4310,3480,03 Oct 2019
2865,4410,3495,30 Sep 2019
2845,4360,3410,27 Sep 2019
2795,4125,3280,25 Sep 2019
2955,4260,3455,24 Sep 2019
2740,4610,3455,23 Sep 2019
2745,4155,3410,21 Sep 2019
2795,4135,3365,20 Sep 2019
2950,4135,3455,19 Sep 2019
2785,4230,3410,18 Sep 2019
2750,4830,3350,17 Sep 2019
2840,4510,3410,14 Sep 2019
2795,4410,3345,13 Sep 2019
2945,4610,3710,11 Sep 2019
2940,4610,3455,09 Sep 2019
2790,4310,3425,07 Sep 2019
2790,4810,3415,06 Sep 2019
2790,4810,3410,05 Sep 2019
2855,4510,3510,03 Sep 2019
2895,4720,3610,31 Aug 2019
3145,4680,3625,30 Aug 2019
2955,4710,3540,29 Aug 2019
3145,4735,3680,27 Aug 2019
2755,4760,3470,26 Aug 2019
2650,4900,3455,25 Aug 2019
3295,4865,3685,22 Aug 2019
2795,4710,3375,21 Aug 2019
2950,4850,3625,20 Aug 2019
3110,4915,3640,19 Aug 2019
2750,4310,3490,16 Aug 2019
2950,4710,3465,14 Aug 2019
2795,4510,3510,31 Jul 2019
2795,4510,3410,30 Jul 2019
2840,4655,3510,29 Jul 2019
2755,4965,3280,27 Jul 2019
2385,4520,3455,26 Jul 2019
2755,4820,3650,24 Jul 2019
2650,4780,3440,23 Jul 2019
2865,4750,3465,22 Jul 2019
2965,4655,3485,20 Jul 2019
2790,4465,3320,19 Jul 2019
2485,3965,3155,18 Jul 2019
2750,4920,3420,17 Jul 2019
2685,4620,3480,16 Jul 2019
2350,4900,3560,15 Jul 2019
2450,4760,3255,13 Jul 2019
2850,4860,3620,11 Jul 2019
2760,4850,3410,10 Jul 2019
2790,4620,3455,08 Jul 2019
2860,4730,3450,06 Jul 2019
2930,4830,3455,05 Jul 2019
2695,4730,3640,04 Jul 2019
2850,4730,3465,03 Jul 2019
2850,4720,3615,01 Jul 2019
2785,4365,3155,28 Jun 2019
2745,4620,3315,27 Jun 2019
2765,4350,3420,26 Jun 2019
2960,4720,3655,25 Jun 2019
2865,4920,3685,24 Jun 2019
2685,4715,3320,22 Jun 2019
2965,4820,3725,21 Jun 2019
2890,4285,3320,20 Jun 2019
2790,4635,3455,19 Jun 2019
2765,4955,3620,18 Jun 2019
2755,4930,3455,17 Jun 2019
2790,4620,3325,15 Jun 2019
2465,4860,3380,14 Jun 2019
2765,4855,3425,13 Jun 2019
2465,4900,3355,12 Jun 2019
2950,4750,3650,11 Jun 2019
2355,4965,3450,10 Jun 2019
2345,4635,3350,08 Jun 2019
2350,4820,2965,07 Jun 2019
2755,3965,3150,06 Jun 2019
2745,4650,3345,04 Jun 2019
2950,4350,3520,03 Jun 2019
2590,4780,3465,01 Jun 2019
2650,4750,3455,29 May 2019
2460,4955,3310,28 May 2019
2450,4950,3250,23 May 2019
2495,3850,3150,22 May 2019
2350,4950,3465,21 May 2019
2850,4690,3350,20 May 2019
2650,4495,3460,19 May 2019
2465,4700,3650,18 May 2019
2950,4895,3465,17 May 2019
2750,4955,3650,10 May 2019
2485,4750,3150,09 May 2019
2730,4655,3350,08 May 2019
2765,4950,3465,07 May 2019
2765,4920,3455,06 May 2019
2550,4960,3285,04 May 2019
2830,4950,3465,03 May 2019
2685,4760,3450,02 May 2019
2620,4965,3440,30 Apr 2019
2790,4580,3360,26 Apr 2019
2570,4865,3460,25 Apr 2019
2910,4505,3450,24 Apr 2019
2955,4865,3560,23 Apr 2019
2785,4960,3480,22 Apr 2019
2765,4900,3465,20 Apr 2019
2760,4900,3650,18 Apr 2019
2780,4955,3465,16 Apr 2019
2765,4850,3360,15 Apr 2019
2760,4920,3450,12 Apr 2019
2675,4185,3155,11 Apr 2019
3155,4950,3620,10 Apr 2019
2760,4830,3260,09 Apr 2019
2750,4900,3820,08 Apr 2019
2865,4450,3365,05 Apr 2019
2480,4550,3260,04 Apr 2019
2580,4720,3165,03 Apr 2019
2655,4820,3465,02 Apr 2019
2865,4950,3365,01 Apr 2019
3120,4935,3690,30 Mar 2019
2785,4460,3345,29 Mar 2019
2675,4185,3155,28 Mar 2019
2765,4630,3100,27 Mar 2019
2490,4580,3165,26 Mar 2019
2720,4820,3460,25 Mar 2019
2765,4900,3455,23 Mar 2019
2760,4650,3360,22 Mar 2019
2650,4965,3385,20 Mar 2019
2755,4690,3460,19 Mar 2019
2945,4850,3450,18 Mar 2019
2840,4630,3455,16 Mar 2019
2650,4930,3380,15 Mar 2019
2855,4630,3475,14 Mar 2019
2855,4865,3560,13 Mar 2019
2865,4725,3455,12 Mar 2019
2685,4715,3560,11 Mar 2019
2625,4765,3255,09 Mar 2019
2680,4755,3460,08 Mar 2019
2650,4910,3310,07 Mar 2019
2755,4830,3460,06 Mar 2019
2725,4900,3260,05 Mar 2019
2855,4695,3320,02 Mar 2019
2650,4825,3340,01 Mar 2019
2850,4765,3410,27 Feb 2019
2745,4865,3395,26 Feb 2019
2785,4900,3455,25 Feb 2019
2590,4635,2965,23 Feb 2019
2680,4710,3340,22 Feb 2019
2750,4815,3350,21 Feb 2019
2780,4620,3610,20 Feb 2019
2490,4865,3165,17 Feb 2019
2490,4720,3125,15 Feb 2019
2565,4900,3350,14 Feb 2019
2755,4920,3410,13 Feb 2019
2785,4935,3420,12 Feb 2019
2565,4720,3410,11 Feb 2019
2440,3920,3155,09 Feb 2019
2680,4865,3455,08 Feb 2019
2755,3920,3310,07 Feb 2019
2650,4785,3255,06 Feb 2019
2490,4700,3265,05 Feb 2019
2580,4755,3155,04 Feb 2019
2650,4750,3365,02 Feb 2019
2550,4700,3365,01 Feb 2019
2765,4650,3420,31 Jan 2019
2850,4630,3420,30 Jan 2019
2655,4585,3450,29 Jan 2019
2765,4485,3355,28 Jan 2019
2765,4495,3525,25 Jan 2019
2465,4955,3365,24 Jan 2019
2795,3955,3195,23 Jan 2019
2650,4765,3265,22 Jan 2019
2790,4520,3450,21 Jan 2019
2465,4760,3160,19 Jan 2019
2850,4890,3450,18 Jan 2019
2780,4900,3450,17 Jan 2019
2450,3950,3165,16 Jan 2019
2760,4955,3465,15 Jan 2019
2765,4495,3485,14 Jan 2019
2960,4755,3450,12 Jan 2019
2950,4750,3450,11 Jan 2019
2765,3955,3165,10 Jan 2019
2350,4900,2950,09 Jan 2019
2490,4950,3360,08 Jan 2019
2350,4900,3180,07 Jan 2019
2450,4360,2965,05 Jan 2019
2395,4410,3265,04 Jan 2019
2470,4860,3310,03 Jan 2019
2695,4580,3385,02 Jan 2019
2760,4480,3320,01 Jan 2019
2760,4825,3360,31 Dec 2018
2860,4750,3550,29 Dec 2018
2780,4950,3540,28 Dec 2018
2950,4860,3580,27 Dec 2018
2790,4680,3625,26 Dec 2018
2550,4730,3320,24 Dec 2018
2680,4950,3560,21 Dec 2018
2790,4630,3280,20 Dec 2018
2850,4580,3460,19 Dec 2018
2490,4925,3360,18 Dec 2018
2580,4955,3250,17 Dec 2018
2655,4750,3420,15 Dec 2018
2860,4700,3260,13 Dec 2018
2780,4955,3460,12 Dec 2018
2670,4530,3450,11 Dec 2018
2750,4680,3350,10 Dec 2018
2790,4650,3450,07 Dec 2018
2680,4750,3250,06 Dec 2018
2380,4850,2860,05 Dec 2018
2680,4915,3360,04 Dec 2018
2750,4900,3560,03 Dec 2018
2460,4820,2960,01 Dec 2018
2550,4730,3160,15 Nov 2018
2680,4900,3350,14 Nov 2018
2760,4830,3250,13 Nov 2018
2680,4865,3490,12 Nov 2018
2490,4620,3100,10 Nov 2018
2560,4900,3250,09 Nov 2018
2720,4900,3450,03 Nov 2018
2650,4760,3150,02 Nov 2018
2570,4580,3490,01 Nov 2018
2650,4935,3545,31 Oct 2018
2490,4350,3240,30 Oct 2018
2950,4750,3480,29 Oct 2018
2550,4350,3380,27 Oct 2018
2580,4965,3250,26 Oct 2018
2650,4835,3160,25 Oct 2018
2720,4630,3455,24 Oct 2018
2650,4900,3260,23 Oct 2018
2450,4900,3250,22 Oct 2018
2850,4900,3560,20 Oct 2018
2850,4725,3620,19 Oct 2018
2680,4960,3365,17 Oct 2018
2680,4900,3540,16 Oct 2018
2650,4680,3450,15 Oct 2018
2580,4900,3450,13 Oct 2018
2850,4650,3520,12 Oct 2018
2560,4900,3250,11 Oct 2018
2550,4850,3250,10 Oct 2018
2720,4900,3650,09 Oct 2018
2630,4850,3260,08 Oct 2018
2670,4950,3450,06 Oct 2018
2650,4900,3550,05 Oct 2018
2550,4600,3420,04 Oct 2018
2850,4600,3350,03 Oct 2018
2650,4750,3350,01 Oct 2018
2850,4900,3650,29 Sep 2018
2730,4960,3640,28 Sep 2018
2690,4720,3650,27 Sep 2018
2650,4900,3450,26 Sep 2018
2650,4850,3210,25 Sep 2018
2550,4700,3150,24 Sep 2018
2750,4900,3300,22 Sep 2018
2650,4900,3400,21 Sep 2018
2650,4900,3400,19 Sep 2018
2650,5100,3620,18 Sep 2018
2650,4900,3500,15 Sep 2018
3250,3250,3250,14 Sep 2018
2560,4900,3200,12 Sep 2018
2650,3900,2950,11 Sep 2018
2650,4700,3650,08 Sep 2018
2560,4900,3500,07 Sep 2018
2650,4900,3600,06 Sep 2018
2650,4800,3560,05 Sep 2018
2650,4950,3450,04 Sep 2018
3450,3450,3450,02 Sep 2018
2650,4650,3500,01 Sep 2018
2650,5100,3550,31 Aug 2018
2650,4900,3450,30 Aug 2018
2450,4900,3650,29 Aug 2018
2750,4900,3400,28 Aug 2018
2600,4950,3450,27 Aug 2018
2560,4700,3100,25 Aug 2018
2750,4900,3400,24 Aug 2018
2700,4900,3450,23 Aug 2018
2650,4850,3300,21 Aug 2018
2350,4700,2900,20 Aug 2018
2700,4950,3450,18 Aug 2018
2560,4900,3350,17 Aug 2018
2650,4900,3200,16 Aug 2018
2550,4650,3200,14 Aug 2018
2550,4700,3200,13 Aug 2018
2650,4950,3420,11 Aug 2018
2560,4900,3450,10 Aug 2018
2650,4800,3420,08 Aug 2018
2560,4900,3250,07 Aug 2018
2250,4900,2900,06 Aug 2018
2650,5100,3650,04 Aug 2018
2400,4950,3150,03 Aug 2018
2500,4950,3250,02 Aug 2018
2650,2650,2650,01 Aug 2018
2300,4950,3200,31 Jul 2018
2300,4900,3200,30 Jul 2018
2250,4700,3100,28 Jul 2018
2600,4800,3250,27 Jul 2018
2850,2850,2850,26 Jul 2018
2650,4900,3350,25 Jul 2018
2650,4700,3250,24 Jul 2018
2450,4820,2900,23 Jul 2018
2550,4850,3500,21 Jul 2018
2500,4900,3400,20 Jul 2018
2600,5150,3450,19 Jul 2018
2350,4900,2850,18 Jul 2018
2450,4900,3150,17 Jul 2018
2560,4850,3150,16 Jul 2018
2400,4700,2900,14 Jul 2018
2240,4850,3210,13 Jul 2018
2450,4900,3150,12 Jul 2018
2650,4800,3050,08 Jul 2018
2650,4520,3150,07 Jul 2018
2650,5100,3300,06 Jul 2018
2530,4950,3250,05 Jul 2018
2650,4900,3250,04 Jul 2018
2450,4850,2900,03 Jul 2018
2520,4900,3150,02 Jul 2018
2650,4900,3320,30 Jun 2018
2650,4800,3320,29 Jun 2018
2550,4700,3150,28 Jun 2018
2350,4750,3350,27 Jun 2018
2550,4950,2900,25 Jun 2018
2550,4700,3150,23 Jun 2018
2650,4900,3150,22 Jun 2018
2550,4900,3200,21 Jun 2018
2450,5100,2950,20 Jun 2018
2650,4900,3200,19 Jun 2018
2600,5420,3250,18 Jun 2018
2400,4850,2900,17 Jun 2018
2450,4900,3150,15 Jun 2018
2550,4900,3300,14 Jun 2018
2650,4800,3350,13 Jun 2018
2540,4850,3250,12 Jun 2018
2450,4700,2900,11 Jun 2018
2450,4900,2900,10 Jun 2018
2650,4850,3050,09 Jun 2018
2750,5100,3650,08 Jun 2018
2450,4750,3050,07 Jun 2018
2560,5320,3250,06 Jun 2018
2450,4800,2900,05 Jun 2018
2550,5055,3250,04 Jun 2018
2350,4750,2700,03 Jun 2018
2250,5450,2950,02 Jun 2018
2850,4850,3250,01 Jun 2018
2650,5150,3150,31 May 2018
2550,4800,2950,30 May 2018
2650,4750,3050,29 May 2018
2650,4900,3250,26 May 2018
2500,4950,2900,25 May 2018
2750,5100,3150,24 May 2018
2560,4900,2950,23 May 2018
2560,4825,2965,22 May 2018
2650,4950,3200,21 May 2018
2450,4900,2980,19 May 2018
2350,4950,2900,18 May 2018
2500,4800,3050,17 May 2018
2600,4850,3250,16 May 2018
2550,4800,3150,14 May 2018
2650,5100,3250,12 May 2018
2500,4950,2950,11 May 2018
2540,4860,3050,10 May 2018
2650,4950,3250,09 May 2018
2550,4750,2900,08 May 2018
2540,4920,3150,07 May 2018
2500,4950,3210,05 May 2018
2560,4820,2900,04 May 2018
2350,4700,2800,03 May 2018
2450,4850,2900,02 May 2018
2350,4700,2960,28 Apr 2018
2560,4700,2900,27 Apr 2018
2650,4900,3150,26 Apr 2018
2450,4800,2850,25 Apr 2018
2550,4900,2960,24 Apr 2018
2450,4800,2950,23 Apr 2018
2650,4950,2800,21 Apr 2018
2350,4800,2900,20 Apr 2018
2500,4850,2960,19 Apr 2018
2250,4650,2800,18 Apr 2018
2500,4950,2950,17 Apr 2018
2280,4500,2850,16 Apr 2018
2540,4950,2950,13 Apr 2018
2300,4700,2800,12 Apr 2018
2350,4700,2800,11 Apr 2018
2450,4900,2950,10 Apr 2018
2410,4750,2950,09 Apr 2018
2400,4850,2950,07 Apr 2018
2250,4700,2800,06 Apr 2018
2350,4700,2950,05 Apr 2018
2640,4700,3050,03 Apr 2018
2560,4700,2850,02 Apr 2018
2550,4700,2900,31 Mar 2018
2650,4750,3050,28 Mar 2018
2560,4950,2960,27 Mar 2018
2560,5120,3150,26 Mar 2018
2350,4700,2960,24 Mar 2018
2450,4750,2960,22 Mar 2018
2520,4950,2960,21 Mar 2018
2510,4850,2940,20 Mar 2018
2550,4750,2960,19 Mar 2018
2450,4950,2920,17 Mar 2018
2540,4750,2960,16 Mar 2018
2640,4920,3010,15 Mar 2018
2650,4850,2800,14 Mar 2018
2410,4750,2940,13 Mar 2018
2750,4950,3210,12 Mar 2018
2530,4700,2860,10 Mar 2018
2560,4750,3050,09 Mar 2018
2450,4800,2920,08 Mar 2018
2550,4750,2900,07 Mar 2018
2410,4950,2980,06 Mar 2018
2450,4770,2920,05 Mar 2018
2450,4860,2900,03 Mar 2018
2450,4720,2960,01 Mar 2018
2450,4910,2860,28 Feb 2018
2250,4820,2760,27 Feb 2018
2365,4700,2840,26 Feb 2018
2440,4820,2830,24 Feb 2018
2560,4620,2960,23 Feb 2018
2560,4720,3050,22 Feb 2018
2300,4750,2850,21 Feb 2018
2350,4800,2960,20 Feb 2018
2410,4760,2960,17 Feb 2018
2250,4720,2750,16 Feb 2018
2560,4900,2950,15 Feb 2018
2340,4950,2850,14 Feb 2018
2150,4650,2800,12 Feb 2018
2380,4950,2850,10 Feb 2018
2150,4500,2650,06 Feb 2018
2250,4750,2850,05 Feb 2018
2180,4620,2850,02 Feb 2018
2460,4950,3150,01 Feb 2018
2450,4700,2960,31 Jan 2018
2560,4950,3150,30 Jan 2018
2690,4960,3250,29 Jan 2018
2350,4760,2950,27 Jan 2018
2450,4750,2960,25 Jan 2018
2450,4950,2950,24 Jan 2018
2450,4650,2950,23 Jan 2018
2650,4850,3150,22 Jan 2018
2550,4960,2960,20 Jan 2018
2150,4650,2840,19 Jan 2018
2650,4880,3250,18 Jan 2018
2350,4780,2960,16 Jan 2018
2350,4950,2850,15 Jan 2018
2550,4750,3200,13 Jan 2018
2250,4700,2850,12 Jan 2018
2350,4800,2950,11 Jan 2018
2250,4750,2850,10 Jan 2018
2750,4250,3200,09 Jan 2018
2260,4750,2840,08 Jan 2018
2300,4750,2950,06 Jan 2018
2150,4680,2845,05 Jan 2018
2540,4750,3050,04 Jan 2018
2450,4650,2900,02 Jan 2018
2280,4720,2840,01 Jan 2018
2150,4950,2850,30 Dec 2017
2450,4850,2800,29 Dec 2017
2300,4850,2900,28 Dec 2017
2280,4700,2750,27 Dec 2017
2500,4950,3050,26 Dec 2017
2750,2750,2750,22 Dec 2017
2250,4850,2840,21 Dec 2017
2340,4850,2900,20 Dec 2017
2550,5120,3050,19 Dec 2017
2260,4900,2940,18 Dec 2017
2450,4750,2900,16 Dec 2017
2250,4950,2910,15 Dec 2017
2520,4950,2980,14 Dec 2017
2240,4790,2850,13 Dec 2017
2500,4750,2950,12 Dec 2017
2510,4750,2960,11 Dec 2017
2250,4160,2830,09 Dec 2017
2150,4800,2850,08 Dec 2017
2400,4850,2900,07 Dec 2017
2510,4750,2960,06 Dec 2017
2850,2850,2850,05 Dec 2017
2250,4920,2840,04 Dec 2017
2350,4700,2860,02 Dec 2017
2180,4650,2765,30 Nov 2017
2520,4680,2850,28 Nov 2017
2250,3950,2750,27 Nov 2017
2250,4700,2780,24 Nov 2017
2450,4700,2900,23 Nov 2017
2410,4750,2940,22 Nov 2017
2300,4750,2920,21 Nov 2017
2450,4900,2950,20 Nov 2017
2450,4700,2850,18 Nov 2017
2500,4850,2750,17 Nov 2017
2300,4750,2840,16 Nov 2017
2200,4850,2740,15 Nov 2017
2350,4700,2840,14 Nov 2017
2480,4650,2840,13 Nov 2017
2280,4850,2750,11 Nov 2017
2250,4750,2750,10 Nov 2017
2400,4700,2950,09 Nov 2017
2060,4400,2840,08 Nov 2017
2250,4650,2700,07 Nov 2017
2450,4700,2900,06 Nov 2017
2150,4710,2840,03 Nov 2017
2450,4700,2800,02 Nov 2017
2350,4850,2800,01 Nov 2017
2350,4800,2900,25 Oct 2017
2200,4900,2850,24 Oct 2017
2150,4700,2850,23 Oct 2017
2100,4600,2850,18 Oct 2017
2450,4900,2960,17 Oct 2017
2250,4700,2800,16 Oct 2017
2300,4800,2950,14 Oct 2017
2450,4800,2950,13 Oct 2017
2400,4750,2850,12 Oct 2017
2400,4900,3200,11 Oct 2017
2100,4900,2850,10 Oct 2017
2650,4700,3200,09 Oct 2017
2350,4700,2900,07 Oct 2017
2250,4700,2800,05 Oct 2017
2150,4520,2860,04 Oct 2017
2300,4700,2950,03 Oct 2017
2350,4700,2950,28 Sep 2017
2250,4700,2850,27 Sep 2017
2100,4400,3250,26 Sep 2017
2650,4500,2950,25 Sep 2017
2300,4800,2850,23 Sep 2017
2350,4700,2800,21 Sep 2017
2250,4800,2950,19 Sep 2017
2350,4700,3250,18 Sep 2017
2250,4750,2950,16 Sep 2017
2200,4800,2790,15 Sep 2017
2500,5400,3200,14 Sep 2017
2300,4900,2950,12 Sep 2017
2270,4850,2850,11 Sep 2017
2310,4960,2950,09 Sep 2017
2300,4900,2950,08 Sep 2017
2350,4700,2900,07 Sep 2017
2650,4700,3400,06 Sep 2017
2410,4700,2850,04 Sep 2017
2450,4800,3150,01 Sep 2017
2400,4600,2950,31 Aug 2017
2650,2650,2650,29 Aug 2017
2150,4600,2900,28 Aug 2017
2400,4700,3200,26 Aug 2017
2150,4800,2840,24 Aug 2017
2400,4750,2850,23 Aug 2017
2700,4700,3500,22 Aug 2017
2150,4950,3250,21 Aug 2017
1950,4650,2800,19 Aug 2017
2300,4900,2950,18 Aug 2017
2500,4800,3200,16 Aug 2017
2100,4700,2950,14 Aug 2017
2100,4500,2700,12 Aug 2017
2050,4350,2800,11 Aug 2017
2350,4800,2850,10 Aug 2017
2350,4600,2850,09 Aug 2017
2450,4800,2900,08 Aug 2017
2450,2450,2450,06 Aug 2017
2500,4750,2960,05 Aug 2017
2150,4900,2800,03 Aug 2017
2500,4800,3250,02 Aug 2017
2150,4700,2850,01 Aug 2017
2150,4650,2800,31 Jul 2017
2350,4600,2950,29 Jul 2017
2200,4600,2800,27 Jul 2017
2450,4750,2800,26 Jul 2017
2250,4350,2800,25 Jul 2017
2300,4500,2950,24 Jul 2017
2650,2650,2650,22 Jul 2017
2300,4900,2850,21 Jul 2017
2450,4700,2900,19 Jul 2017
2100,4600,2950,18 Jul 2017
2350,4700,2950,17 Jul 2017
2350,4600,2860,15 Jul 2017
2160,4350,2860,14 Jul 2017
2300,4950,2850,13 Jul 2017
2300,4800,2860,11 Jul 2017
2300,4700,2910,10 Jul 2017
1960,4500,2800,08 Jul 2017
2350,4800,2900,07 Jul 2017
2100,4600,2850,06 Jul 2017
2130,4300,2890,05 Jul 2017
2150,4350,2800,04 Jul 2017
2300,4800,2860,03 Jul 2017
2280,4650,2810,29 Jun 2017
2100,4800,2910,28 Jun 2017
2350,4450,2750,27 Jun 2017
2300,4700,2900,24 Jun 2017
2300,4850,2900,22 Jun 2017
2060,4810,2950,21 Jun 2017
2150,4650,2810,20 Jun 2017
2150,4700,2900,19 Jun 2017
2160,4410,2830,17 Jun 2017
2500,4600,3100,16 Jun 2017
2300,4800,2900,15 Jun 2017
2100,4700,2900,14 Jun 2017
2150,4310,2950,13 Jun 2017
2360,4800,2900,12 Jun 2017
2300,5100,2960,09 Jun 2017
2300,4800,2950,08 Jun 2017
2100,4650,2850,07 Jun 2017
2200,4550,2960,06 Jun 2017
2350,4500,2960,05 Jun 2017
2300,2300,2300,03 Jun 2017
2650,2650,2650,02 Jun 2017
2150,4500,2800,01 Jun 2017
2400,4700,2860,31 May 2017
2050,4780,2900,30 May 2017
1900,4800,2790,29 May 2017
2300,4400,2900,27 May 2017
2350,4700,2790,26 May 2017
2300,4700,2850,25 May 2017
2200,4600,2950,24 May 2017
2350,4800,2860,23 May 2017
2100,4650,2750,22 May 2017
2350,4700,2890,20 May 2017
1960,4650,2850,19 May 2017
2280,4750,2860,17 May 2017
2300,4710,2850,16 May 2017
2230,4620,2800,15 May 2017
2500,4800,2810,13 May 2017
2300,4800,2850,12 May 2017
2200,4850,2785,11 May 2017
2100,4900,2800,09 May 2017
2300,4800,2980,08 May 2017
3500,3500,3500,06 May 2017
2180,4600,2850,05 May 2017
2250,4700,2850,04 May 2017
2200,4650,2890,03 May 2017
2100,4500,2800,02 May 2017
2150,4700,2800,29 Apr 2017
2050,4500,2750,28 Apr 2017
2050,4600,2800,26 Apr 2017
2150,4650,2800,25 Apr 2017
2100,4700,2850,24 Apr 2017
2200,4800,2900,22 Apr 2017
2050,4450,2940,21 Apr 2017
2300,4860,2940,20 Apr 2017
2160,4410,2750,18 Apr 2017
2160,4650,2890,17 Apr 2017
2200,4860,2960,15 Apr 2017
2150,4500,2860,13 Apr 2017
2150,4400,2800,12 Apr 2017
2300,4800,2950,10 Apr 2017
2160,4810,2790,08 Apr 2017
2180,4750,2860,07 Apr 2017
2080,4620,2860,06 Apr 2017
2210,4680,2850,05 Apr 2017
2150,4550,2850,03 Apr 2017
2050,4180,2900,01 Apr 2017
2100,4700,2840,30 Mar 2017
2200,4850,2960,29 Mar 2017
2100,4870,2720,27 Mar 2017
2200,4850,2860,24 Mar 2017
2210,4810,2965,22 Mar 2017
2150,4865,2950,21 Mar 2017
2450,4720,3120,20 Mar 2017
2250,4800,2900,18 Mar 2017
2150,4625,2900,16 Mar 2017
2380,4590,3050,15 Mar 2017
2450,4680,2980,14 Mar 2017
2480,4750,2950,11 Mar 2017
2160,4510,2865,10 Mar 2017
2150,4460,2850,08 Mar 2017
2215,4150,2815,07 Mar 2017
1985,4710,2840,06 Mar 2017
2060,4180,2840,04 Mar 2017
2310,4450,2940,03 Mar 2017
2210,4735,2860,02 Mar 2017
2210,4610,2750,01 Mar 2017
2190,4450,2840,27 Feb 2017
2250,4380,2865,23 Feb 2017
2260,4765,2940,22 Feb 2017
2030,4510,2745,21 Feb 2017
2210,4610,2835,18 Feb 2017
2160,4350,2780,17 Feb 2017
1960,4250,2735,16 Feb 2017
1965,4725,2680,15 Feb 2017
2150,4710,2680,14 Feb 2017
2190,4680,2940,13 Feb 2017
1980,4150,2680,11 Feb 2017
1935,4710,2825,10 Feb 2017
2090,4460,2785,09 Feb 2017
2050,4410,2840,08 Feb 2017
1960,4625,2740,07 Feb 2017
1980,4670,2680,06 Feb 2017
1940,4620,2760,04 Feb 2017
1990,4625,2860,03 Feb 2017
1980,1980,1980,01 Feb 2017
1970,4490,2780,30 Jan 2017
2260,4710,2910,25 Jan 2017
1960,4410,2680,24 Jan 2017
1835,4105,2765,19 Jan 2017
2090,4410,2740,17 Jan 2017
2160,4725,2810,16 Jan 2017
2155,4710,2715,14 Jan 2017
1950,4510,2810,13 Jan 2017
2150,4410,2840,12 Jan 2017
2105,4680,2740,10 Jan 2017
1885,4550,2760,09 Jan 2017
2205,4610,2890,07 Jan 2017
2100,4150,2710,06 Jan 2017
2190,4160,2705,05 Jan 2017
2160,4610,2920,03 Jan 2017
2160,4475,2730,02 Jan 2017
2130,4610,2870,31 Dec 2016
2110,4620,2710,30 Dec 2016
2080,4515,2840,29 Dec 2016
1870,4510,2840,28 Dec 2016
2080,4410,2830,26 Dec 2016
2105,4710,2890,23 Dec 2016
2150,4610,2810,22 Dec 2016
1980,4150,2840,20 Dec 2016
1940,4670,2680,19 Dec 2016
2040,4310,2780,17 Dec 2016
2050,4710,2690,15 Dec 2016
2050,4680,2840,14 Dec 2016
2040,4650,2480,13 Dec 2016
2760,2760,2760,09 Dec 2016
1940,4410,2810,08 Dec 2016
2105,4410,2780,06 Dec 2016
1970,4150,2680,05 Dec 2016
1980,4150,2710,02 Dec 2016
1970,4480,2690,01 Dec 2016
2140,4670,2770,30 Nov 2016
2040,4410,2810,28 Nov 2016
1950,4150,2740,25 Nov 2016
1930,4580,2740,24 Nov 2016
2105,4725,2820,21 Nov 2016
2040,4525,2840,19 Nov 2016
1990,4510,2810,18 Nov 2016
2040,4470,2680,16 Nov 2016
1840,4650,2870,09 Nov 2016
2900,2900,2900,07 Nov 2016
1940,4100,2720,25 Oct 2016
1940,4640,2840,24 Oct 2016
1940,4550,2740,13 Oct 2016
1940,4100,2670,07 Oct 2016
1900,4100,2780,01 Oct 2016
1940,4650,2780,29 Sep 2016
1850,4610,2740,27 Sep 2016
2810,2810,2810,26 Sep 2016
1900,4100,2840,19 Sep 2016
1940,4700,2680,16 Sep 2016
1860,4500,2700,14 Sep 2016
2105,4650,2740,08 Sep 2016
2100,2100,2100,07 Sep 2016
2270,4050,2940,06 Sep 2016
2140,4700,2840,03 Sep 2016
1750,4623,2680,02 Sep 2016
2540,2540,2540,01 Sep 2016
2050,4700,2810,29 Aug 2016
1820,1820,1820,27 Aug 2016
1800,4400,2680,26 Aug 2016
1850,1850,1850,25 Aug 2016
2600,2600,2600,22 Aug 2016
1940,4360,2940,20 Aug 2016
2520,2520,2520,18 Aug 2016
2100,4700,2800,16 Aug 2016
2105,4410,2900,11 Aug 2016
1900,4600,2580,10 Aug 2016
2560,2560,2560,08 Aug 2016
2200,4350,2940,05 Aug 2016
2840,2840,2840,04 Aug 2016
2730,2730,2730,02 Aug 2016
2100,4650,2790,30 Jul 2016
2150,4750,2850,27 Jul 2016
2100,4510,2700,25 Jul 2016
2200,4380,2780,21 Jul 2016
2730,2730,2730,20 Jul 2016
2100,4500,2840,18 Jul 2016
1920,4705,2840,16 Jul 2016
2050,4400,2810,15 Jul 2016
1900,4250,2800,14 Jul 2016
1940,4100,2780,13 Jul 2016
1940,4500,2780,07 Jul 2016
1910,4310,2700,05 Jul 2016
2150,4400,2780,02 Jul 2016
2150,4410,2840,01 Jul 2016
2100,4380,2650,29 Jun 2016
2360,2360,2360,28 Jun 2016
1980,4150,2810,27 Jun 2016
2040,4610,2910,24 Jun 2016
1950,4210,2710,23 Jun 2016
1890,4100,2850,22 Jun 2016
1940,4610,2800,21 Jun 2016
1860,4510,2660,18 Jun 2016
1890,4740,2680,17 Jun 2016
1870,4410,2850,16 Jun 2016
1780,4650,2790,15 Jun 2016
1790,4650,2710,13 Jun 2016
1800,3600,2700,11 Jun 2016
1940,4510,2740,10 Jun 2016
1960,4360,2840,09 Jun 2016
1990,4870,2940,08 Jun 2016
1980,4160,2740,07 Jun 2016
1970,4460,2860,06 Jun 2016
1870,4380,2800,04 Jun 2016
1890,4650,2760,03 Jun 2016
1860,4380,2780,02 Jun 2016
1890,4700,2840,01 Jun 2016
1825,4450,3137,31 May 2016
1850,4400,3075,30 May 2016
1850,4300,3100,29 May 2016
1800,4350,3075,28 May 2016
1890,4400,2700,27 May 2016
1870,4600,2840,26 May 2016
1870,4580,2940,25 May 2016
1980,5410,2780,24 May 2016
1870,4600,2800,23 May 2016
1840,4680,2790,22 May 2016
2060,4790,2690,21 May 2016
2010,4850,2840,20 May 2016
1840,4680,2790,19 May 2016
1860,4250,2800,16 May 2016
1820,4350,2900,15 May 2016
1890,4350,2740,12 May 2016
1800,4600,2850,07 May 2016
1890,4350,2680,03 May 2016
1870,4150,2760,27 Apr 2016
1860,4602,2940,26 Apr 2016
1780,4310,2680,20 Apr 2016
1890,4105,2900,19 Apr 2016
1870,4300,2750,15 Apr 2016
1790,4100,2720,12 Apr 2016
1820,4160,2735,05 Apr 2016
1790,4350,2790,04 Apr 2016
1800,4100,2380,02 Apr 2016
1741,4320,2840,31 Mar 2016
1840,4350,2700,30 Mar 2016
1725,4360,2740,28 Mar 2016
1920,4360,2735,21 Mar 2016
1890,4320,2710,18 Mar 2016
1805,4110,2740,17 Mar 2016
1860,4305,2700,15 Mar 2016
1870,4350,2680,14 Mar 2016
1790,4320,2840,12 Mar 2016
1870,4360,2818,09 Mar 2016
1928,4350,2750,08 Mar 2016
1790,4210,2700,07 Mar 2016
1950,4350,2810,05 Mar 2016
1870,4310,2810,04 Mar 2016
1870,4320,2760,02 Mar 2016
1790,4400,2680,01 Mar 2016
1870,4310,2680,28 Feb 2016
1850,4350,2680,27 Feb 2016
1860,4100,2680,25 Feb 2016
1790,4510,2780,24 Feb 2016
1890,4100,2780,23 Feb 2016
1870,4290,2730,22 Feb 2016
1860,4050,2850,20 Feb 2016
1750,4400,2780,18 Feb 2016
1790,4150,2870,17 Feb 2016
1820,4400,2500,16 Feb 2016
1840,4410,2690,14 Feb 2016
1850,4310,2710,11 Feb 2016
1790,3980,2680,09 Feb 2016
1870,4100,2740,08 Feb 2016
1870,4350,2740,07 Feb 2016
1745,4410,2810,05 Feb 2016
1870,4060,2760,04 Feb 2016
1810,4310,2700,03 Feb 2016
1870,4410,2840,02 Feb 2016
1780,4110,2870,01 Feb 2016
1870,4210,2740,31 Jan 2016
1830,4610,2860,29 Jan 2016
1790,4050,2780,27 Jan 2016
1900,4400,2840,25 Jan 2016
1810,4180,2865,22 Jan 2016
1890,4510,2940,20 Jan 2016
1870,4230,2840,19 Jan 2016
1870,4010,2640,18 Jan 2016
1840,4050,2750,17 Jan 2016
1820,4410,2760,15 Jan 2016
1890,4100,2730,14 Jan 2016
1890,4250,2850,13 Jan 2016
1820,4260,2690,12 Jan 2016
1870,4010,2670,11 Jan 2016
1870,4030,2670,10 Jan 2016
1750,4310,2640,08 Jan 2016
1870,4120,2870,07 Jan 2016
1860,4150,2680,06 Jan 2016
1890,4100,2750,05 Jan 2016
1870,4210,2790,03 Jan 2016
1870,4100,2840,01 Jan 2016
1870,4210,2840,31 Dec 2015
1940,4100,2760,30 Dec 2015
1890,4250,2630,29 Dec 2015
1850,4150,2840,28 Dec 2015
1840,3980,2670,27 Dec 2015
1880,4320,2670,22 Dec 2015
1870,4100,2650,21 Dec 2015
1840,4100,2831,20 Dec 2015
1970,4050,2810,18 Dec 2015
1790,4050,2840,17 Dec 2015
1840,4115,2740,16 Dec 2015
1840,4110,2710,15 Dec 2015
1960,4230,2780,14 Dec 2015
1880,4090,2720,11 Dec 2015
1790,4400,2840,10 Dec 2015
1980,4150,2450,09 Dec 2015
1890,4100,2640,08 Dec 2015
1920,4010,2810,07 Dec 2015
1870,4150,2680,03 Dec 2015
1900,4310,2640,02 Dec 2015
1890,4105,2640,01 Dec 2015
1900,4400,2600,30 Nov 2015
1970,4310,2810,27 Nov 2015
1980,4100,2840,26 Nov 2015
1790,4510,2720,24 Nov 2015
1890,4100,2700,21 Nov 2015
1980,4310,2710,20 Nov 2015
2050,4310,2780,19 Nov 2015
1940,3940,2650,18 Nov 2015
1960,4210,2820,17 Nov 2015
1900,4340,2810,16 Nov 2015
1900,3950,2650,15 Nov 2015
1800,4110,2740,14 Nov 2015
1900,3900,2650,10 Nov 2015
1850,4200,2840,09 Nov 2015
1950,3840,2640,08 Nov 2015
2100,4350,2900,07 Nov 2015
2050,4320,2650,06 Nov 2015
1940,3850,2700,05 Nov 2015
1900,3950,2610,04 Nov 2015
1800,4150,2840,03 Nov 2015
1900,3850,2800,02 Nov 2015
1940,4100,2750,01 Nov 2015
2050,4300,2700,30 Oct 2015
1940,3850,2650,29 Oct 2015
1900,4200,2850,28 Oct 2015
2050,4400,2750,26 Oct 2015
1970,3850,2650,25 Oct 2015
1940,4400,2550,24 Oct 2015
1890,4050,2750,23 Oct 2015
1870,4070,2550,21 Oct 2015
1890,3850,2640,20 Oct 2015
1950,4100,2650,18 Oct 2015
1950,4300,2650,17 Oct 2015
1980,4100,2600,16 Oct 2015
2100,3950,2650,15 Oct 2015
1870,4100,2800,14 Oct 2015
1950,4100,2700,13 Oct 2015
2100,3900,2650,12 Oct 2015
1890,3850,2660,11 Oct 2015
1900,4200,2700,10 Oct 2015
1920,4100,2650,09 Oct 2015
1890,3850,2650,06 Oct 2015
2100,4010,2860,05 Oct 2015
1820,4050,2800,04 Oct 2015
1850,4150,2700,03 Oct 2015
1850,3950,2700,30 Sep 2015
2150,4310,2800,29 Sep 2015
1890,4100,2850,28 Sep 2015
1850,4150,2680,26 Sep 2015
1900,4200,2800,25 Sep 2015
2200,4050,2940,22 Sep 2015
1850,4200,2850,21 Sep 2015
1940,3890,2760,18 Sep 2015
1980,4420,2840,16 Sep 2015
1950,3840,2750,15 Sep 2015
2100,4400,2800,14 Sep 2015
1980,4250,2750,13 Sep 2015
1950,4200,2800,11 Sep 2015
1950,3850,2660,10 Sep 2015
1950,4220,2850,09 Sep 2015
1900,4200,2800,08 Sep 2015
1900,3850,2750,07 Sep 2015
1980,3840,2770,06 Sep 2015
2200,4100,3200,05 Sep 2015
2100,3800,2810,04 Sep 2015
1900,4100,2800,03 Sep 2015
1950,4150,2800,31 Aug 2015
1940,4210,2700,30 Aug 2015
1940,4050,2810,28 Aug 2015
2100,4100,2800,26 Aug 2015
1970,4200,2800,25 Aug 2015
1890,4100,2600,24 Aug 2015
2000,4500,2900,23 Aug 2015
1950,4210,2800,21 Aug 2015
2100,3800,2610,20 Aug 2015
1920,4400,2650,19 Aug 2015
1950,4210,2800,18 Aug 2015
1940,3850,2700,17 Aug 2015
1850,3900,2600,16 Aug 2015
1910,3850,2910,12 Aug 2015
1910,4120,2850,11 Aug 2015
1850,3900,2700,10 Aug 2015
1800,4100,2850,09 Aug 2015
1820,3850,2650,08 Aug 2015
1850,4150,2850,07 Aug 2015
1800,4200,2800,06 Aug 2015
1800,4200,2600,05 Aug 2015
1800,4000,2800,04 Aug 2015
1800,4100,2650,01 Aug 2015
1800,4200,2850,30 Jul 2015
1750,4210,2750,29 Jul 2015
1750,4200,2650,28 Jul 2015
1850,4050,2650,26 Jul 2015
1810,3850,2650,25 Jul 2015
1820,3850,2630,22 Jul 2015
1600,4200,2600,21 Jul 2015
1750,3850,2600,17 Jul 2015
1800,3800,2600,16 Jul 2015
1850,3900,2650,15 Jul 2015
1800,4200,2800,14 Jul 2015
1800,4200,2600,13 Jul 2015
1700,3800,2750,11 Jul 2015
1800,4200,2700,10 Jul 2015
1800,4200,2800,09 Jul 2015
1600,4100,2550,08 Jul 2015
1600,3900,2600,07 Jul 2015
1600,3850,2450,06 Jul 2015
1800,4200,2600,05 Jul 2015
1800,4000,2800,04 Jul 2015
1800,4200,2800,03 Jul 2015
1600,3800,2400,02 Jul 2015
1500,3800,2600,01 Jul 2015
1400,3800,2400,30 Jun 2015
1600,3800,2600,29 Jun 2015
1600,3800,2600,28 Jun 2015
1600,3800,2400,27 Jun 2015
1600,3800,2600,26 Jun 2015
1500,3900,2400,25 Jun 2015
1400,3800,2500,24 Jun 2015
1500,3800,2400,23 Jun 2015
1850,3800,2400,22 Jun 2015
1500,3800,2200,21 Jun 2015
1800,3800,2600,20 Jun 2015
1800,3950,2600,19 Jun 2015
1800,4050,2800,18 Jun 2015
1800,4100,2800,17 Jun 2015
1850,3850,2650,16 Jun 2015
1855,3865,2751,15 Jun 2015
1850,3950,2600,14 Jun 2015
1850,3850,2500,13 Jun 2015
1820,3950,2620,12 Jun 2015
1850,3850,2600,11 Jun 2015
1400,3600,2500,18 May 2015
1400,3800,2600,17 May 2015
1400,3800,2600,16 May 2015
1600,3600,2400,15 May 2015
1400,3800,2400,14 May 2015
1600,3800,2400,13 May 2015
1600,3800,2600,12 May 2015
1600,3600,2200,11 May 2015
1600,3800,2400,10 May 2015
1500,3850,2550,09 May 2015
1600,3950,2450,08 May 2015
1600,3950,2600,07 May 2015
1600,3850,2650,06 May 2015
1600,3800,2600,05 May 2015
1600,3800,2700,16 Oct 2014
1600,3800,2400,15 Oct 2014
1600,3800,2700,14 Oct 2014
1600,3600,2700,13 Oct 2014
1600,3800,2200,22 Sep 2014
1900,3200,2100,09 Aug 2014
1800,3500,2200,08 Aug 2014
1600,3600,2200,07 Aug 2014
1200,3100,2500,06 Aug 2014
1500,3500,2100,05 Aug 2014
1300,3100,2200,04 Aug 2014
1580,3800,2500,03 Aug 2014
1700,3800,2400,02 Aug 2014
1600,3600,2200,01 Aug 2014
1200,3100,2300,31 Aug 2012
1200,3300,2600,30 Aug 2012
1300,3400,2400,29 Aug 2012
1200,3400,2400,28 Aug 2012
1250,3450,1850,27 Aug 2012
1120,2960,2100,29 Feb 2012
1100,2900,2000,28 Feb 2012
1100,3100,2100,27 Feb 2012
1050,2960,2120,23 Feb 2012
1100,3100,2000,22 Feb 2012
1100,2900,2100,21 Feb 2012
1100,2800,2000,30 Jan 2012
1100,2940,1900,28 Jan 2012
1100,2900,2000,27 Jan 2012
1120,2950,2000,26 Jan 2012
1100,3000,2000,25 Jan 2012
1100,2800,1900,24 Jan 2012
1100,2900,1900,22 Jan 2012
1100,2950,1900,21 Jan 2012
1300,3100,2600,22 Dec 2011
1460,2954,2100,29 Oct 2011
1200,2910,2010,28 Oct 2011
1400,2960,2600,24 Oct 2011
1360,3142,2100,23 Oct 2011
1400,2800,1900,22 Oct 2011
1400,3020,2200,20 Oct 2011
1400,2940,2100,18 Oct 2011
1200,2700,1800,16 Oct 2011
1300,3100,2800,30 Sep 2011
1300,3200,2600,29 Sep 2011
1200,3100,2600,28 Sep 2011
1300,3100,2800,27 Sep 2011
1300,3100,2800,26 Sep 2011
1200,3100,2600,25 Sep 2011
1300,3100,2600,24 Sep 2011
1300,3200,2600,23 Sep 2011
1300,3100,2600,22 Sep 2011
1300,3200,2600,21 Sep 2011
1300,3200,2800,20 Sep 2011
1350,3350,2800,19 Sep 2011
1300,3100,2600,18 Sep 2011
1300,3100,2600,17 Sep 2011
1300,3100,2600,16 Sep 2011
1100,2900,2600,15 Sep 2011
1200,3100,2600,14 Sep 2011
1200,3300,2800,13 Sep 2011
1200,2900,2600,09 Sep 2011
1200,3100,2100,26 Jul 2011
1120,3200,2000,23 Jul 2011
1140,3010,2460,22 Jul 2011
1240,3140,2500,20 Jul 2011
1100,3240,2400,30 Jun 2011
1100,3050,1980,29 Jun 2011
1100,3150,2500,28 Jun 2011
1100,3150,2430,27 Jun 2011
1214,3215,2360,25 Jun 2011
1140,3245,2100,24 Jun 2011
1230,3210,2540,22 Jun 2011
1150,3175,2460,21 Jun 2011
1130,3120,2100,20 Jun 2011
1160,3050,2200,18 Jun 2011
1230,3150,2460,17 Jun 2011
1320,3210,2360,16 Jun 2011
1200,3000,2100,15 Jun 2011
1200,2800,2000,14 Jun 2011
1400,3400,2400,13 Jun 2011
1100,3000,2000,12 Jun 2011
1300,2600,1900,11 Jun 2011
1200,2600,1900,10 Jun 2011
1200,2900,2000,09 Jun 2011
1200,3200,2400,08 Jun 2011
1200,2300,1500,24 May 2011
1200,2400,1800,23 May 2011
1200,2400,1800,22 May 2011
1200,2500,1800,21 May 2011
1200,2300,1700,20 May 2011
1200,2300,1700,19 May 2011
1200,2700,1500,18 May 2011
1100,2400,1800,25 Apr 2011
1200,2400,1800,24 Apr 2011
1200,2600,1900,23 Apr 2011
1200,2600,1900,22 Apr 2011
1100,2500,1600,21 Apr 2011
1200,2400,1800,20 Apr 2011
1200,2400,1900,19 Apr 2011
1100,2300,1600,18 Apr 2011
1400,2100,1700,27 Mar 2011
1400,2100,1700,26 Mar 2011
1400,2100,1700,25 Mar 2011
1400,2100,1750,28 Feb 2011
1400,2600,2100,27 Feb 2011
1600,3100,2300,26 Feb 2011
1400,3100,2300,25 Feb 2011
1400,3000,2000,24 Feb 2011
1400,3100,2100,23 Feb 2011
1400,3200,2500,20 Feb 2011
1400,3200,2300,19 Feb 2011
1400,3100,2300,18 Feb 2011
1400,2800,2100,17 Feb 2011
1400,3100,2500,16 Feb 2011
1300,3100,2100,15 Feb 2011
1400,3400,2400,14 Feb 2011
1400,3100,2800,10 Feb 2011
1800,3300,2500,09 Feb 2011
1400,3200,2300,08 Feb 2011
1400,3000,2800,02 Feb 2011
1500,3500,2500,01 Feb 2011
1400,3500,2500,31 Jan 2011
1400,3000,2200,30 Jan 2011
1400,3200,2500,29 Jan 2011
1600,3800,2500,28 Jan 2011
1400,3500,2500,27 Jan 2011
1400,3500,2500,24 Jan 2011
1700,3600,2400,23 Jan 2011
1500,3900,2300,22 Jan 2011
1600,3500,2500,21 Jan 2011
1500,3500,2000,20 Jan 2011
1600,3500,2500,19 Jan 2011
1700,3500,2500,18 Jan 2011
1700,3400,2500,17 Jan 2011
1500,3500,2500,16 Jan 2011
1700,3400,2300,15 Jan 2011
1700,3500,2300,14 Jan 2011
1700,3000,2300,13 Jan 2011
1700,3400,2200,12 Jan 2011
1900,3900,2900,11 Jan 2011
1900,3500,2600,10 Jan 2011
2200,3600,2900,09 Jan 2011
1900,3800,2850,08 Jan 2011
1900,3300,2500,07 Jan 2011
1800,3600,2700,06 Jan 2011
1700,3600,2200,05 Jan 2011
1700,3500,2600,04 Jan 2011
1700,3600,2550,03 Jan 2011
1650,3450,2600,13 Dec 2010
1850,3600,2650,12 Dec 2010
1600,3400,2500,11 Dec 2010
1800,3800,2800,10 Dec 2010
1900,3500,2500,09 Dec 2010
1800,3600,2500,08 Dec 2010
1500,2400,2000,16 Sep 2009
1600,2300,1900,15 Sep 2009
800,900,850,09 Sep 2009
1050,1724,1350,12 Oct 2007
1050,1600,1300,11 Oct 2007
1000,1600,1500,25 May 2007
1200,1300,1250,24 May 2007
1050,1550,1200,15 May 2007
1015,1550,1200,13 May 2007
1024,1545,1300,12 May 2007
1015,1535,1200,11 May 2007
1025,1500,1325,08 May 2007
1000,1550,1320,07 May 2007
1035,1560,1250,18 Apr 2007
1025,1600,1325,17 Apr 2007
1024,1600,1300,16 Apr 2007
1025,1650,1300,15 Apr 2007
1100,1600,1350,14 Apr 2007
1024,1600,1320,13 Apr 2007
1015,1550,1325,12 Apr 2007
1050,1600,1345,11 Apr 2007
1015,1550,1350,10 Apr 2007
1020,1550,1300,09 Apr 2007
1015,1550,1200,08 Apr 2007
1020,1535,1200,07 Apr 2007
1035,1550,1200,06 Apr 2007
1020,1450,1200,05 Apr 2007
1015,1550,1200,03 Apr 2007
1015,1530,1300,02 Apr 2007
1025,1535,1200,01 Apr 2007
1025,1625,1400,29 Mar 2007
1020,1550,1200,28 Mar 2007
1024,1600,1500,27 Mar 2007
1015,1550,1200,26 Mar 2007
1024,1600,1500,22 Mar 2007
1010,1515,1300,08 Mar 2007
1015,1545,1325,06 Mar 2007
1025,1600,1300,05 Mar 2007
1020,1500,1325,04 Mar 2007
1025,1650,1300,27 Feb 2007
1024,1535,1320,26 Feb 2007
1015,1450,1250,25 Feb 2007
1020,1521,1300,21 Feb 2007
1025,1530,1500,19 Feb 2007
1000,1650,1250,12 Feb 2007
1035,1550,1200,11 Feb 2007
1050,1625,1500,10 Feb 2007
1015,1550,1300,08 Feb 2007
1025,1450,1200,03 Feb 2007
1100,1450,1200,31 Jan 2007
1150,1425,1200,29 Jan 2007
1015,1450,1230,20 Jan 2007
1025,1545,1225,19 Jan 2007
1020,1625,1500,07 Jan 2007
900,1400,1200,06 Jan 2007
1041,1600,1200,05 Jan 2007
1041,1485,1200,04 Jan 2007
1030,1425,1200,03 Jan 2007
1011,1600,1350,08 Dec 2006
1015,1425,1250,07 Dec 2006
1015,1630,1350,25 Nov 2006
1025,1435,1250,24 Nov 2006
1020,1530,1350,23 Nov 2006
1000,1450,1300,22 Nov 2006
1025,1450,1320,21 Nov 2006
1020,1500,1250,20 Nov 2006
1020,1450,1300,19 Nov 2006
1016,1600,1350,18 Nov 2006
1016,1500,1350,17 Nov 2006
1015,1450,1320,16 Nov 2006
1020,1450,1250,15 Nov 2006
1024,1530,1250,14 Nov 2006
1025,1450,1300,13 Nov 2006
980,1450,1250,12 Nov 2006
1024,1530,1300,11 Nov 2006
1025,1540,1250,10 Nov 2006
1015,1433,1250,09 Nov 2006
1014,1445,1250,08 Nov 2006
1020,1435,1230,07 Nov 2006
1050,1450,1250,06 Nov 2006
1020,1524,1300,05 Nov 2006
1013,1670,1325,04 Nov 2006
980,1450,1300,03 Nov 2006
1051,1650,1350,02 Nov 2006
1024,1435,1250,01 Nov 2006
1024,1530,1320,27 Oct 2006
1035,1516,1250,26 Oct 2006
1025,1450,1320,25 Oct 2006
1025,1540,1300,24 Oct 2006
1050,1450,1250,23 Oct 2006
1020,1525,1225,22 Oct 2006
950,1545,1320,21 Oct 2006
1020,1535,1320,20 Oct 2006
975,1635,1350,19 Oct 2006
1025,1650,1300,18 Oct 2006
1025,1460,1300,17 Oct 2006
1035,1560,1300,16 Oct 2006
1025,1450,1200,15 Oct 2006
1020,1560,1300,14 Oct 2006
1050,1550,1300,13 Oct 2006
1020,1554,1320,12 Oct 2006
952,1450,1250,11 Oct 2006
915,1615,1350,09 Oct 2006
1020,1530,1300,08 Oct 2006
1025,1450,1200,07 Oct 2006
1024,1450,1250,06 Oct 2006
1030,1530,1300,05 Oct 2006
1015,1425,1320,04 Oct 2006
1025,1550,1230,03 Oct 2006
1020,1600,1250,02 Oct 2006
1025,1530,1350,01 Oct 2006
1053,1535,1250,25 Sep 2006
1025,1651,1230,24 Sep 2006
1018,1540,1250,23 Sep 2006
1000,1625,1300,22 Sep 2006
1000,1631,1250,21 Sep 2006
1041,1561,1250,20 Sep 2006
1085,1411,1200,19 Sep 2006
1000,1585,1275,18 Sep 2006
1050,1511,1250,17 Sep 2006
1044,1625,1300,16 Sep 2006
1050,1525,1250,15 Sep 2006
1015,1600,1300,14 Sep 2006
1015,1600,1250,13 Sep 2006
990,1455,1250,12 Sep 2006
1000,1585,1300,11 Sep 2006
1016,1600,1250,10 Sep 2006
1011,1651,1250,09 Sep 2006
989,1551,1200,08 Sep 2006
1031,1521,1250,07 Sep 2006
1015,1690,1250,06 Sep 2006
1020,1420,1225,05 Sep 2006
1050,1625,1230,04 Sep 2006
1053,1500,1225,03 Sep 2006
989,1425,1200,02 Sep 2006
1025,1435,1250,01 Sep 2006
1015,1435,1300,30 Aug 2006
1050,1440,1200,29 Aug 2006
1045,1600,1250,28 Aug 2006
1020,1625,1250,27 Aug 2006
1015,1400,1200,25 Aug 2006
966,1586,1350,18 Aug 2006
1041,1580,1300,17 Aug 2006
1025,1435,1180,16 Aug 2006
1031,1450,1150,15 Aug 2006
1020,1450,1220,09 Aug 2006
1030,1425,1250,08 Aug 2006
1035,1450,1250,07 Aug 2006
980,1430,1250,06 Aug 2006
975,1430,1230,05 Aug 2006
1031,1450,1250,04 Aug 2006
947,1430,1200,03 Aug 2006
955,1425,1205,02 Aug 2006
950,1450,1250,01 Aug 2006
1025,1545,1235,24 Jul 2006
950,1425,1250,23 Jul 2006
1025,1435,1245,22 Jul 2006
1041,1600,1250,21 Jul 2006
1030,1511,1225,20 Jul 2006
1025,1545,1225,19 Jul 2006
950,1400,1250,18 Jul 2006
950,1430,1020,17 Jul 2006
975,1401,1200,16 Jul 2006
1025,1601,1300,15 Jul 2006
1035,1550,1250,14 Jul 2006
995,1625,1250,13 Jul 2006
1061,1465,1200,12 Jul 2006
1000,1320,1150,11 Jul 2006
1025,1561,1350,21 Jun 2006
1050,1450,1300,20 Jun 2006
1025,1525,1250,19 Jun 2006
925,1625,1200,16 Jun 2006
1024,1550,1250,15 Jun 2006
1050,1524,1225,14 Jun 2006
975,1461,1250,09 Jun 2006
1031,1671,1350,07 Jun 2006
1025,1681,1250,06 Jun 2006
1020,1400,1250,05 Jun 2006
1025,1545,1320,04 Jun 2006
1050,1450,1230,03 Jun 2006
1025,1450,1200,28 May 2006
953,1325,1200,27 May 2006
1025,1505,1200,24 May 2006
1020,1530,1200,23 May 2006
1025,1420,1200,22 May 2006
1024,1550,1200,21 May 2006
946,1561,1225,18 May 2006
1051,1501,1350,17 May 2006
1100,1450,1200,16 May 2006
1050,1450,1200,15 May 2006
980,1440,1200,14 May 2006
1020,1530,1250,13 May 2006
951,1550,1275,12 May 2006
1020,1425,1320,08 May 2006
1025,1550,1320,07 May 2006
975,1500,1250,06 May 2006
970,1485,1250,28 Apr 2006
970,1485,1050,27 Apr 2006
970,1521,1300,26 Apr 2006
1020,1450,1350,25 Apr 2006
991,1596,1250,24 Apr 2006
1051,1354,1250,23 Apr 2006
934,1311,1200,22 Apr 2006
1025,1501,1350,21 Apr 2006
1051,1600,1350,20 Apr 2006
1050,1545,1350,19 Apr 2006
1050,1625,1350,18 Apr 2006
1025,1475,1200,17 Apr 2006
950,1445,1300,16 Apr 2006
1025,1450,1200,14 Apr 2006
1025,1500,1400,13 Apr 2006
1025,1545,1200,11 Apr 2006
1050,1500,1400,09 Apr 2006
1025,1545,1200,07 Apr 2006
1005,1580,1300,05 Apr 2006
1025,1545,1300,04 Apr 2006
1025,1430,1200,03 Apr 2006
1025,1450,1200,02 Apr 2006
1015,1445,1200,01 Apr 2006
950,1450,1200,26 Mar 2006
950,1400,1200,20 Mar 2006
1025,1423,1200,19 Mar 2006
1025,1650,1500,14 Mar 2006
1021,1400,1200,12 Mar 2006
1053,1451,1200,10 Mar 2006
1000,1581,1400,09 Mar 2006
1005,1500,1400,08 Mar 2006
1050,1521,1300,06 Mar 2006
1025,1630,1500,04 Mar 2006
1025,1430,1200,03 Mar 2006
1035,1430,1200,02 Mar 2006
970,1130,1000,01 Mar 2006
1015,1431,1200,25 Feb 2006
965,1475,1400,24 Feb 2006
1011,1400,1200,21 Feb 2006
975,1401,1200,20 Feb 2006
1031,1565,1200,19 Feb 2006
1050,1450,1300,17 Feb 2006
975,1475,1200,16 Feb 2006
950,1450,1200,15 Feb 2006
1025,1450,1200,14 Feb 2006
1025,1450,1300,13 Feb 2006
1045,1550,1500,12 Feb 2006
980,1425,1200,04 Feb 2006
971,1451,1200,26 Jan 2006
950,1451,1200,21 Jan 2006
1061,1451,1300,20 Jan 2006
1015,1450,1300,19 Jan 2006
950,1445,1300,17 Jan 2006
1035,1651,1500,14 Jan 2006
1050,1451,1200,13 Jan 2006
1030,1500,1400,10 Jan 2006
1030,1550,1500,09 Jan 2006
1051,1425,1200,05 Jan 2006
1060,1451,1200,04 Jan 2006
1025,1650,1500,03 Jan 2006
1035,1600,1500,02 Jan 2006
1025,1525,1300,01 Jan 2006
1025,1450,1100,28 Dec 2005
1015,1525,1300,27 Dec 2005
1065,1530,1200,26 Dec 2005
1071,1425,1400,25 Dec 2005
1015,1450,1200,24 Dec 2005
1031,1651,1500,23 Dec 2005
1025,1650,1500,22 Dec 2005
1041,1575,1500,21 Dec 2005
1025,1620,1500,20 Dec 2005
1025,1430,1300,19 Dec 2005
1025,1530,1500,18 Dec 2005
985,1640,1500,17 Dec 2005
1041,1600,1500,13 Dec 2005
1040,1725,1500,12 Dec 2005
961,1301,1200,11 Dec 2005
931,1430,1200,10 Dec 2005
1035,1400,1300,09 Dec 2005
950,1525,1400,08 Dec 2005
950,1530,1200,07 Dec 2005
1015,1450,1200,06 Dec 2005
1025,1430,1200,05 Dec 2005
1025,1400,1200,01 Dec 2005
1050,1665,1500,19 Nov 2005
1041,1450,1400,18 Nov 2005
1071,1535,1400,17 Nov 2005
1025,1600,1500,16 Nov 2005
935,1635,1500,15 Nov 2005
951,1500,1400,26 Oct 2005
1025,1651,1500,25 Oct 2005
1045,1525,1500,20 Oct 2005
1045,1450,1200,19 Oct 2005
1021,1525,1400,18 Oct 2005
1015,1631,1500,17 Oct 2005
1147,1400,1200,16 Oct 2005
1035,1501,1200,15 Oct 2005
1011,1650,1500,14 Oct 2005
1050,1560,1400,07 Oct 2005
1000,1685,1500,06 Oct 2005
921,1370,1200,26 Sep 2005
1021,1478,1200,25 Sep 2005
1015,1565,1500,22 Sep 2005
1010,1725,1500,14 Sep 2005
1041,1351,1200,12 Sep 2005
925,1525,1500,09 Sep 2005
1015,1577,1500,08 Sep 2005
1021,1430,1300,06 Sep 2005
1050,1435,1400,05 Sep 2005
1030,1550,1500,02 Sep 2005
1025,1502,1200,01 Sep 2005
1111,1425,1300,30 Aug 2005
920,1525,1500,26 Aug 2005
1130,1575,1500,15 Aug 2005
1017,1650,1500,14 Aug 2005
1000,1521,1300,13 Aug 2005
1035,1650,1500,12 Aug 2005
1035,1550,1200,11 Aug 2005
1050,1400,1250,10 Aug 2005
1005,1400,1250,29 Jul 2005
1021,1673,1500,28 Jul 2005
1175,1571,1350,27 Jul 2005
1013,1620,1400,25 Jul 2005
1009,1635,1400,24 Jul 2005
1041,1400,1200,23 Jul 2005
1051,1571,1300,22 Jul 2005
1041,1471,1400,15 Jul 2005
942,1521,1500,13 Jul 2005
1031,1400,1200,12 Jul 2005
1041,1371,1200,11 Jul 2005
1051,1600,1500,09 Jul 2005
1020,1400,1200,08 Jul 2005
925,1641,1500,07 Jul 2005
1044,1505,1500,06 Jul 2005
930,1375,1200,05 Jul 2005
1080,1435,1100,04 Jul 2005
1000,1450,1200,03 Jul 2005
1030,1450,1250,02 Jul 2005
952,1610,1500,29 Jun 2005
1000,1541,1500,28 Jun 2005
1035,1421,1400,23 Jun 2005
1041,1450,1400,14 Jun 2005
1011,1541,1500,13 Jun 2005
950,1445,1400,12 Jun 2005
920,1501,1400,11 Jun 2005
1040,1441,1400,09 Jun 2005
1047,1451,1400,08 Jun 2005
1031,1561,1500,07 Jun 2005
1040,1591,1500,06 Jun 2005
1040,1475,1400,05 Jun 2005
1051,1303,1300,04 Jun 2005
1085,1450,1400,02 Jun 2005
1001,1315,1300,01 Jun 2005
1045,1450,1400,29 May 2005
1011,1425,1400,28 May 2005
1060,1550,1500,27 May 2005
1060,1540,1500,26 May 2005
1021,1425,1400,25 May 2005
1045,1475,1400,23 May 2005
1045,1325,1300,22 May 2005
1025,1450,1400,21 May 2005
1040,1435,1400,20 May 2005
1041,1425,1400,19 May 2005
1051,1425,1400,17 May 2005
1045,1425,1400,16 May 2005
1160,1490,1400,14 May 2005
1000,1391,1300,13 May 2005
1235,1571,1500,10 May 2005
1070,1425,1400,09 May 2005
1095,1375,1300,08 May 2005
1021,1425,1400,07 May 2005
1035,1501,1400,06 May 2005
1200,1450,1400,28 Apr 2005
1000,1361,1200,27 Apr 2005
1000,1425,1200,26 Apr 2005
959,1450,1400,25 Apr 2005
1060,1570,1500,22 Apr 2005
955,1300,1200,21 Apr 2005
1021,1391,1300,19 Apr 2005
925,1351,1200,18 Apr 2005
1045,1361,1200,17 Apr 2005
1021,1351,1200,16 Apr 2005
1027,1402,1300,10 Apr 2005
1021,1441,1300,09 Apr 2005
1021,1435,1300,08 Apr 2005
980,1425,1400,06 Apr 2005
1015,1371,1200,03 Apr 2005
1251,1450,1400,01 Apr 2005
1015,1425,1200,30 Mar 2005
1125,1525,1300,29 Mar 2005
1035,1400,1200,28 Mar 2005
1021,1401,1200,27 Mar 2005
935,1235,1000,26 Mar 2005
1045,1425,1400,25 Mar 2005
1130,1475,1400,24 Mar 2005
1045,1421,1400,23 Mar 2005
1080,1425,1300,22 Mar 2005
1045,1474,1400,21 Mar 2005
1011,1425,1200,20 Mar 2005
910,1500,1400,19 Mar 2005
1041,1551,1500,18 Mar 2005
1162,1411,1200,16 Mar 2005
1045,1465,1200,13 Mar 2005
1214,1334,1250,12 Mar 2005
951,1381,1200,10 Mar 2005
990,1300,1200,08 Mar 2005
975,1461,1300,07 Mar 2005
990,1375,1100,02 Mar 2005
930,1400,1200,01 Mar 2005
950,1411,1250,24 Feb 2005
940,1561,1250,23 Feb 2005
966,1436,1200,20 Feb 2005
1342,1430,1400,17 Feb 2005
1020,1595,1300,13 Feb 2005
1156,1425,1200,12 Feb 2005
1011,1415,1300,11 Feb 2005
951,1393,1200,07 Feb 2005
1011,1651,1400,04 Feb 2005
1040,1430,1200,02 Feb 2005
1360,1500,1400,01 Feb 2005
1210,1551,1400,30 Jan 2005
1225,1500,1400,29 Jan 2005
1200,1461,1300,28 Jan 2005
1250,1550,1300,27 Jan 2005
1200,1350,1300,25 Jan 2005
1250,1450,1300,24 Jan 2005
1225,1550,1300,23 Jan 2005
1030,1400,1200,22 Jan 2005
1057,1550,1200,21 Jan 2005
1261,1430,1300,20 Jan 2005
1200,1400,1300,19 Jan 2005
1136,1490,1300,17 Jan 2005
600,865,725,13 Jan 2005
610,650,630,10 Jan 2005
610,650,630,09 Jan 2005
1350,1550,1450,29 Dec 2004